city,date,pm25,pm10,no2,so2,co,o3,temperature,humidity,wind_speed,aqi
Ahmedabad,2020-01-17,113.28,227.61,70.74,35.74,3.201,48.43,9.3,88.0,8.3,181
Kanpur,2021-09-14,46.07,88.82,32.97,17.38,0.777,47.23,31.3,76.3,10.5,131
Kanpur,2023-01-22,157.28,261.31,82.13,44.28,3.822,35.01,4.6,84.9,7.2,206
Bangalore,2021-02-01,72.99,128.59,58.46,21.22,2.069,37.56,7.3,55.3,6.0,155
Kolkata,2024-03-26,68.1,110.88,36.11,16.52,1.92,47.81,37.2,25.9,11.3,157
Delhi,2022-02-17,187.17,296.22,112.79,40.92,3.729,32.34,19.1,76.9,5.4,233
Kolkata,2021-12-08,172.57,274.83,96.1,42.34,3.707,24.8,3.6,68.5,2.5,224
Lucknow,2024-05-14,78.34,125.95,39.01,22.29,2.096,49.55,39.3,42.5,11.5,163
Lucknow,2023-02-08,110.18,202.73,73.45,27.05,3.215,42.05,19.9,53.2,10.3,188
Ahmedabad,2022-01-17,82.09,140.2,41.11,24.94,2.251,49.1,11.4,68.0,11.4,165
Lucknow,2024-04-03,79.52,102.83,44.17,21.78,1.724,47.51,32.8,31.4,8.8,164
Delhi,2024-08-10,23.38,44.81,23.97,10.63,1.13,54.1,32.1,80.1,18.3,75
Chennai,2023-05-25,27.13,91.64,40.19,5.89,0.991,68.42,39.2,41.9,12.0,86
Chennai,2021-02-10,84.58,156.02,60.71,29.5,2.161,56.64,6.8,58.2,8.9,165
Indore,2020-06-08,28.97,47.36,6.77,2.08,0.244,69.18,30.4,81.2,18.0,76
Patna,2020-09-28,30.77,43.8,11.1,2.0,0.88,60.95,23.5,90.8,21.6,92
Bangalore,2021-05-29,35.97,68.44,38.6,23.32,1.388,78.85,32.1,36.3,6.7,104
Bhopal,2022-02-09,96.97,167.82,42.9,22.65,1.546,45.95,2.8,86.6,10.1,167
Ahmedabad,2024-11-16,80.9,148.25,45.29,27.55,1.976,54.57,26.3,53.3,10.6,160
Bangalore,2021-08-02,7.2,57.87,23.17,7.2,0.467,72.31,31.1,89.0,14.3,59
Chennai,2023-08-24,29.61,78.2,17.63,15.2,0.2,74.05,31.5,75.6,13.6,87
Indore,2020-12-25,74.41,144.77,56.05,22.55,1.975,46.48,17.2,63.0,8.3,157
Bangalore,2022-05-02,44.99,65.19,38.05,12.58,1.465,68.94,35.5,30.5,10.3,124
Kolkata,2023-01-27,121.19,200.72,80.9,38.22,3.145,55.02,14.0,76.3,6.1,195
Meerut,2020-05-01,85.75,141.58,58.76,30.68,2.103,36.46,28.7,45.2,9.7,163
Kolkata,2020-01-04,141.36,216.81,85.97,44.19,3.344,40.1,3.2,69.7,6.7,193
Agra,2021-07-15,36.32,34.74,15.71,12.71,0.615,46.36,27.5,71.4,16.3,103
Mumbai,2021-06-18,24.29,58.35,27.0,13.13,0.728,70.89,27.0,79.7,10.8,79
Faridabad,2023-09-18,58.81,91.02,33.41,13.55,1.373,48.96,30.4,72.8,15.4,147
Mumbai,2024-10-19,49.31,65.2,39.44,9.73,1.244,69.2,27.8,45.2,9.9,132
Pune,2024-02-22,66.13,123.57,51.79,9.61,1.676,53.6,21.3,73.8,5.6,152
Mumbai,2022-11-18,88.87,116.96,62.52,25.52,2.623,50.51,21.9,41.3,6.1,166
Meerut,2021-11-09,126.77,214.35,61.1,38.73,3.567,56.63,19.0,44.5,6.8,190
Meerut,2022-03-06,103.31,138.28,63.04,35.24,2.306,41.28,27.6,26.3,7.3,176
Pune,2020-02-29,95.31,169.65,68.09,21.8,2.414,60.79,21.3,71.8,3.7,170
Kanpur,2020-06-06,70.69,72.43,46.8,14.27,1.865,50.36,31.1,68.7,10.3,162
Patna,2021-07-19,45.86,56.87,27.17,16.91,0.935,58.99,32.5,85.3,11.7,125
Nashik,2021-03-13,49.15,122.59,35.9,23.33,1.473,70.3,42.3,40.1,3.8,135
Meerut,2024-05-20,58.27,130.27,41.87,23.58,1.892,65.19,36.8,32.6,9.1,161
Jaipur,2022-01-25,132.38,295.86,69.1,34.52,3.802,30.56,3.9,79.9,3.3,185
Patna,2021-11-09,85.54,145.85,63.12,26.19,2.492,47.49,22.8,57.4,11.8,163
Agra,2022-07-30,38.64,81.32,17.89,16.5,1.211,64.9,30.5,77.8,15.8,110
Delhi,2020-08-05,59.42,99.71,39.48,10.19,1.944,42.38,32.0,77.5,15.3,147
Delhi,2021-04-14,95.63,142.78,57.21,23.99,1.976,50.03,32.9,38.2,10.1,164
Chennai,2021-11-18,71.55,125.66,55.11,25.31,1.955,59.64,26.1,45.3,9.7,165
Ludhiana,2023-04-17,89.36,160.51,56.17,30.7,2.592,57.12,31.8,36.6,7.5,168
Ludhiana,2020-08-21,49.5,86.58,25.82,10.24,0.894,47.58,30.2,78.6,16.1,133
Faridabad,2022-06-27,53.49,94.9,31.48,22.09,2.022,32.16,25.5,85.6,12.7,138
Indore,2023-02-28,130.39,203.76,63.18,38.66,2.613,53.41,11.9,70.9,4.8,193
Kanpur,2023-02-28,133.03,188.66,67.97,38.72,3.441,49.81,10.4,61.9,7.9,186
Faridabad,2022-01-25,160.71,252.2,100.78,42.98,3.385,33.33,14.9,67.2,7.9,211
Faridabad,2022-04-19,88.11,152.36,66.2,32.29,2.472,40.87,29.2,30.1,10.0,170
Lucknow,2024-01-03,115.96,211.96,73.28,24.01,2.771,24.32,18.2,68.1,8.7,179
Nagpur,2022-02-10,117.22,197.58,71.0,26.26,3.087,53.45,8.7,71.4,3.9,185
Bangalore,2022-10-11,25.87,73.23,21.11,3.3,0.57,69.92,21.2,42.8,8.9,79
Indore,2021-08-11,24.79,25.16,5.0,11.74,0.36,53.91,37.3,75.9,20.1,77
Bangalore,2021-11-08,43.29,103.88,39.33,17.56,1.822,63.06,21.4,40.5,7.8,116
Delhi,2023-07-11,56.59,108.58,24.11,6.94,0.719,50.63,32.6,90.3,15.9,159
Ahmedabad,2023-07-31,42.07,105.29,26.94,22.3,1.254,55.85,33.5,64.9,13.1,116
Kanpur,2021-05-26,110.58,150.9,52.62,27.64,2.449,55.98,37.0,55.1,11.1,178
Lucknow,2022-06-14,76.63,99.11,27.14,22.41,1.758,58.89,28.3,93.4,9.2,163
Nashik,2022-12-08,73.66,141.2,45.57,31.61,1.505,55.64,18.6,48.9,5.2,155
Nashik,2020-01-29,79.26,140.64,59.83,27.83,2.456,52.6,14.7,78.2,3.7,168
Ludhiana,2022-05-23,59.35,93.0,33.65,17.52,1.664,49.11,30.3,51.8,13.1,151
Delhi,2020-07-05,31.29,26.66,22.29,14.78,0.925,41.41,28.6,74.8,21.1,89
Kanpur,2022-08-13,40.92,86.7,24.07,16.03,1.641,53.19,28.1,86.6,16.1,113
Bhopal,2021-10-20,73.24,159.09,46.45,22.41,2.033,73.02,14.3,49.7,5.5,158
Jaipur,2024-04-18,75.58,127.13,36.78,26.23,2.311,43.38,35.3,42.1,10.6,158
Patna,2023-06-16,28.82,66.95,11.86,13.84,1.161,55.33,32.8,90.6,16.6,86
Faridabad,2024-07-14,51.44,65.78,39.51,17.95,1.175,39.24,36.2,71.2,17.3,133
Pune,2023-02-18,83.08,124.98,57.96,23.21,2.438,53.39,17.2,65.2,4.0,168
Delhi,2021-08-24,59.09,56.47,28.71,6.76,1.089,55.95,29.6,63.7,16.9,157
Delhi,2024-07-29,61.9,125.01,44.89,17.8,1.449,52.2,38.8,90.0,8.6,155
Mumbai,2020-09-28,21.04,21.64,16.41,3.04,0.914,82.8,30.6,73.6,16.5,71
Bangalore,2020-01-26,62.16,91.87,54.18,16.37,1.717,63.35,11.7,61.6,5.8,152
Jaipur,2022-11-10,97.41,178.96,50.54,25.11,2.319,30.1,19.5,58.5,10.2,173
Kolkata,2024-05-21,66.24,144.75,33.23,22.27,2.001,57.07,26.9,46.1,14.4,156
Nagpur,2021-04-11,62.34,73.27,30.42,18.47,1.43,59.76,23.0,47.3,13.0,154
Kanpur,2020-09-08,66.12,92.77,24.31,13.26,1.521,48.59,30.1,91.9,5.0,160
Ludhiana,2020-01-22,122.24,219.19,77.59,32.39,3.403,40.78,20.6,76.9,8.2,187
Bhopal,2021-06-18,29.45,54.01,20.23,9.96,0.894,86.69,33.2,79.3,19.0,500
Indore,2023-08-28,28.58,22.05,18.47,8.07,0.623,70.87,27.6,79.7,19.8,82
Agra,2023-11-21,106.38,192.85,57.71,22.89,2.401,29.22,25.7,60.6,11.2,177
Ahmedabad,2022-04-29,50.27,78.65,25.03,26.68,1.316,49.8,30.0,44.0,14.3,132
Indore,2020-06-26,37.17,72.16,28.05,5.95,0.956,47.41,31.5,89.1,15.9,104
Hyderabad,2023-04-17,46.48,80.88,32.99,11.47,1.454,55.0,35.6,35.9,7.5,132
Chennai,2020-04-12,48.93,90.88,48.75,18.55,1.77,68.59,31.2,37.6,10.2,135
Kolkata,2023-05-27,51.52,136.21,43.44,24.16,2.036,44.26,33.5,44.8,11.8,143
Meerut,2020-12-22,146.74,242.5,75.03,36.28,3.332,34.49,11.7,83.8,6.8,205
Ludhiana,2022-03-07,105.38,151.95,69.08,32.2,3.117,52.36,41.9,40.2,3.6,181
Agra,2023-03-28,83.61,114.68,45.06,25.52,1.839,47.2,31.9,41.5,12.5,170
Mumbai,2024-04-28,56.7,112.43,62.16,23.33,2.152,54.57,36.0,34.0,10.2,156
Delhi,2023-04-24,100.16,167.0,62.74,27.41,1.882,38.22,33.8,58.4,9.3,169
Hyderabad,2021-01-03,100.66,167.92,77.17,32.1,2.272,44.27,12.4,76.7,4.6,172
Mumbai,2024-12-13,104.29,156.9,64.77,27.52,2.201,52.74,10.4,80.5,4.2,171
Faridabad,2024-10-04,109.92,149.36,64.33,24.24,2.494,27.17,18.2,45.9,9.3,182
Nagpur,2023-09-18,55.04,82.65,25.25,10.14,1.323,60.06,30.0,78.7,7.9,157
Bhopal,2024-03-09,49.58,97.74,33.67,17.78,1.243,60.9,24.3,36.2,11.2,132
Mumbai,2022-06-01,41.81,61.66,19.72,10.8,0.967,68.53,25.4,78.8,12.2,114
Delhi,2021-07-06,19.16,30.7,19.72,7.77,1.047,58.71,30.0,89.5,24.1,65
Ahmedabad,2020-12-25,119.51,163.48,62.06,31.82,2.93,50.07,10.4,69.5,6.4,186
Ahmedabad,2023-07-27,20.79,77.2,13.08,8.79,0.939,69.31,34.2,75.7,21.1,71
Jaipur,2022-10-08,72.49,133.63,48.45,18.97,1.377,56.14,26.1,43.1,7.5,160
Nashik,2023-11-07,77.85,139.5,61.67,24.31,1.471,51.05,33.2,27.7,0.9,170
Mumbai,2024-03-11,68.97,91.67,53.92,23.92,1.375,56.11,32.2,56.1,9.9,158
Delhi,2024-12-17,169.27,270.26,106.78,37.61,4.379,46.36,7.1,80.4,7.0,222
Chennai,2023-09-30,29.23,72.01,32.05,4.64,0.869,74.35,30.2,88.4,9.6,87
Hyderabad,2021-11-03,82.01,154.31,61.35,24.93,2.148,59.07,26.5,56.5,10.0,497
Faridabad,2020-05-21,95.07,161.73,68.31,32.29,1.761,34.74,42.1,39.5,8.5,175
Hyderabad,2021-11-24,64.46,154.15,64.16,23.49,2.854,49.16,31.6,38.7,4.7,500
Hyderabad,2023-02-02,125.86,246.55,84.07,37.84,3.238,57.85,14.1,82.0,0.5,189
Bangalore,2021-08-25,5.0,51.93,18.79,2.0,0.532,62.63,33.3,79.3,17.9,45
Agra,2024-05-06,94.45,152.92,59.37,31.32,1.486,51.66,30.3,46.6,8.4,173
Kolkata,2024-11-26,111.48,161.22,62.5,23.06,2.241,24.97,25.2,49.3,12.4,176
Lucknow,2021-07-13,62.2,66.83,27.5,12.12,1.279,39.5,26.8,75.8,13.8,153
Patna,2021-11-28,101.89,175.31,59.3,35.76,2.584,30.32,31.0,50.8,12.2,175
Jaipur,2022-07-11,35.71,70.66,26.24,7.45,1.045,75.04,34.1,82.0,12.1,101
Jaipur,2022-01-11,136.07,267.16,75.38,38.31,3.282,40.59,16.3,81.0,5.4,192
Delhi,2024-11-15,139.11,247.75,93.46,29.91,3.471,43.24,20.8,44.9,6.7,192
Lucknow,2022-01-08,137.35,219.3,62.08,33.63,2.711,40.67,16.5,76.6,7.7,188
Hyderabad,2022-06-27,5.0,38.76,6.32,2.0,0.736,68.52,33.9,71.9,21.0,36
Bangalore,2021-03-01,33.1,77.78,26.12,15.6,1.274,73.93,35.0,52.6,15.6,95
Meerut,2021-05-02,107.51,162.33,72.86,27.09,3.081,41.27,40.4,35.7,6.0,171
Delhi,2024-01-18,116.69,210.19,72.22,30.27,2.799,36.52,5.4,75.5,11.1,185
Lucknow,2020-07-06,55.35,67.69,24.43,9.48,0.662,51.74,29.8,87.5,17.2,150
Faridabad,2024-12-01,138.15,245.87,80.96,34.64,4.058,36.54,18.7,74.0,10.6,203
Jaipur,2024-05-05,61.63,116.44,42.43,25.62,2.045,50.2,26.2,28.2,9.8,160
Meerut,2020-06-08,41.21,66.19,28.73,4.61,0.567,54.89,31.2,83.9,14.3,112
Nagpur,2021-08-17,32.76,46.04,30.73,14.66,0.828,60.76,30.5,79.1,14.4,91
Indore,2022-12-19,88.22,147.8,57.77,30.18,2.582,47.2,15.5,59.8,8.2,168
Nashik,2020-01-26,66.77,145.29,53.52,21.13,2.037,55.08,17.2,78.2,7.2,151
Indore,2022-03-24,59.44,101.1,42.99,22.4,1.371,75.14,31.2,34.8,11.0,146
Pune,2024-04-20,23.16,82.21,11.45,16.18,1.47,59.21,32.7,55.4,14.8,74
Hyderabad,2022-08-02,29.0,52.33,24.27,13.0,0.801,65.73,31.5,82.2,13.8,87
Ludhiana,2024-05-20,65.93,104.76,39.41,17.74,2.101,59.35,34.7,36.7,12.6,157
Agra,2021-07-01,42.47,54.01,21.06,16.83,1.016,48.39,30.2,68.0,13.6,500
Nashik,2023-12-07,79.63,193.2,58.67,24.54,2.037,59.73,8.9,69.0,3.1,160
Patna,2021-01-15,125.18,209.05,57.33,25.96,2.87,41.75,20.8,88.8,8.8,188
Chennai,2024-04-25,30.73,115.86,33.32,15.93,1.188,51.95,41.2,46.7,12.5,84
Delhi,2023-09-13,56.47,67.86,31.53,7.02,0.653,44.94,29.9,76.9,18.5,156
Patna,2023-10-12,87.42,102.08,33.39,25.85,2.092,59.31,23.1,67.2,8.5,160
Ludhiana,2021-09-12,38.91,62.32,16.42,17.43,1.269,68.42,25.6,83.5,8.8,113
Meerut,2022-07-13,55.78,80.59,24.85,14.33,1.075,44.08,31.8,82.1,15.9,152
Ludhiana,2023-02-27,141.46,223.9,79.88,32.08,2.776,45.48,18.3,77.6,2.3,194
Nashik,2024-09-14,25.08,61.18,20.72,9.04,1.31,66.73,29.7,76.3,13.5,72
Indore,2024-10-27,44.43,129.09,46.23,17.87,1.429,70.42,28.7,52.7,5.2,116
Nagpur,2024-05-05,50.54,125.57,42.01,15.21,1.65,57.02,28.9,30.9,11.6,129
Patna,2021-07-04,96.61,128.39,51.12,18.59,1.079,49.47,32.8,78.8,7.5,163
Nagpur,2022-10-29,48.01,94.21,34.26,12.97,0.908,60.27,17.9,61.9,11.1,132
Kanpur,2021-07-01,52.18,74.72,27.36,14.09,1.74,45.37,32.0,71.9,14.6,136
Hyderabad,2023-06-18,17.65,58.76,9.09,7.18,0.287,70.66,29.1,77.2,16.9,63
Ludhiana,2023-04-20,75.38,113.82,28.7,20.42,2.278,42.05,43.0,28.7,8.9,162
Faridabad,2023-04-26,71.61,123.03,38.87,13.83,1.574,35.32,27.2,45.1,15.4,155
Meerut,2023-02-27,128.12,211.67,69.24,29.85,3.402,45.42,25.8,80.9,9.2,184
Pune,2022-04-02,61.45,63.05,47.15,23.75,0.931,57.54,39.3,38.2,7.2,146
Delhi,2020-03-06,121.31,184.52,74.2,33.75,2.714,22.47,38.9,41.8,9.1,186
Nagpur,2022-11-28,95.83,166.77,52.82,24.27,2.712,42.14,29.1,39.2,9.8,169
Nagpur,2022-02-16,103.02,200.98,71.25,38.31,2.066,50.93,10.1,68.6,6.9,175
Patna,2023-02-06,164.97,249.27,96.5,47.99,4.067,41.76,6.2,65.8,0.5,213
Delhi,2023-01-08,195.39,292.72,104.17,35.86,3.985,34.11,13.2,71.8,6.9,255
Jaipur,2022-03-02,93.86,162.37,57.91,24.88,2.133,52.5,30.9,38.9,7.1,178
Indore,2022-11-11,73.04,154.38,41.3,26.52,1.975,49.82,22.7,65.3,9.2,500
Chennai,2021-11-28,79.97,143.46,70.92,22.5,1.733,62.24,23.1,54.3,3.9,165
Bangalore,2022-07-06,20.01,10.0,9.01,2.0,0.435,72.98,26.5,99.2,18.4,65
Delhi,2023-02-23,225.3,371.05,124.78,38.57,4.419,48.08,16.0,85.8,3.5,275
Patna,2021-09-05,46.59,77.64,20.77,14.97,0.366,49.13,28.9,71.1,15.9,128
Bangalore,2021-01-14,82.79,142.7,59.69,28.22,1.702,67.11,7.8,55.5,2.9,174
Ahmedabad,2021-11-02,111.85,237.64,61.21,31.31,3.24,31.86,23.1,57.3,8.2,170
Indore,2020-03-15,51.23,100.55,36.81,12.68,1.553,52.46,27.3,32.2,12.0,145
Jaipur,2020-09-21,62.94,99.59,27.65,15.01,0.55,46.25,27.6,92.5,10.3,155
Bhopal,2023-05-19,44.77,77.14,35.35,17.03,0.899,70.07,25.3,51.0,11.2,122
Pune,2021-03-08,51.93,85.76,41.84,16.75,2.067,72.49,33.3,43.7,5.2,142
Kanpur,2023-10-28,69.92,109.52,39.67,21.67,1.812,54.52,31.4,47.3,11.1,151
Indore,2020-10-04,47.13,70.1,37.04,24.02,0.732,72.5,21.7,64.7,10.9,128
Mumbai,2024-05-26,71.25,113.13,44.87,19.79,2.028,45.47,29.9,50.6,10.6,161
Bhopal,2020-12-12,91.15,169.22,54.41,25.59,1.927,73.61,18.7,62.7,7.3,169
Agra,2021-08-21,56.15,83.86,31.12,11.48,0.823,61.54,27.0,83.1,8.7,150
Bhopal,2024-12-12,113.95,192.2,60.7,27.26,1.881,58.47,12.4,63.5,3.3,180
Mumbai,2020-06-16,25.45,25.99,25.08,16.02,0.777,68.71,31.0,77.3,13.6,82
Ahmedabad,2024-10-27,40.29,105.64,29.32,19.66,1.402,58.42,25.5,64.4,11.6,113
Faridabad,2022-03-31,110.82,148.72,69.13,32.83,2.91,51.04,30.2,32.6,8.7,182
Nagpur,2022-10-24,86.45,143.45,42.48,18.42,2.126,59.31,39.9,57.1,8.0,172
Pune,2023-09-17,13.45,30.5,9.13,2.0,0.264,85.74,35.0,78.2,20.1,43
Delhi,2022-01-17,205.83,315.15,115.59,43.0,3.901,48.87,2.4,100.0,3.8,256
Nagpur,2021-05-08,73.12,126.84,47.05,23.35,2.07,59.44,36.6,29.6,7.8,159
Patna,2021-05-08,89.78,115.85,56.63,22.94,2.056,31.68,29.4,46.0,10.7,159
Patna,2023-06-20,50.97,37.22,24.52,6.51,1.036,49.32,31.0,80.2,18.2,141
Patna,2023-01-17,129.96,235.96,82.09,37.94,3.332,46.35,19.6,70.2,6.1,185
Kolkata,2020-10-30,60.07,118.88,34.43,28.96,0.782,52.9,28.2,42.3,11.0,145
Pune,2022-07-30,37.17,64.07,33.39,7.4,0.455,73.06,29.1,91.1,9.1,105
Kolkata,2023-10-23,92.08,124.52,62.33,33.25,3.056,52.91,21.7,57.9,6.7,173
Ludhiana,2021-01-17,128.47,194.49,72.27,31.03,2.668,41.83,10.5,72.1,8.9,185
Ludhiana,2023-11-15,125.46,212.81,55.93,39.92,3.011,31.8,19.5,46.1,8.3,187
Faridabad,2023-03-08,133.19,186.81,78.51,31.2,2.988,40.92,40.1,38.5,6.7,186
Jaipur,2020-06-21,60.12,98.88,20.21,9.78,0.867,52.48,28.4,82.1,11.3,149
Bangalore,2021-09-19,15.34,19.18,17.95,9.24,0.2,90.35,34.2,95.6,14.1,58
Chennai,2021-09-09,43.54,63.16,25.72,12.53,0.711,76.42,29.4,79.1,8.1,120
Nagpur,2021-05-11,59.77,98.33,49.39,23.05,1.621,49.93,32.5,44.5,9.2,153
Ludhiana,2021-10-29,57.23,118.12,49.44,16.2,2.171,56.9,20.6,68.4,10.8,158
Nashik,2022-09-03,53.84,87.15,30.18,13.9,1.289,65.5,22.0,83.0,3.6,146
Ludhiana,2022-12-30,98.82,207.38,63.45,24.52,2.492,31.3,14.4,77.4,8.8,165
Chennai,2020-04-16,55.52,86.1,40.01,22.08,2.188,59.83,35.6,37.4,9.0,150
Nagpur,2020-07-03,17.75,21.63,12.92,9.4,0.2,73.36,37.3,72.9,19.7,63
Nashik,2021-06-14,32.06,62.45,6.44,7.99,0.961,86.97,21.4,87.3,8.1,97
Bhopal,2021-01-25,119.58,218.97,63.53,29.4,2.934,36.4,10.5,80.7,4.7,182
Jaipur,2023-10-22,76.63,158.0,42.46,23.79,1.797,60.6,28.6,49.5,8.4,162
Lucknow,2022-02-04,157.57,219.69,85.34,34.85,3.288,37.66,12.5,92.7,5.4,210
Bhopal,2023-08-17,26.41,42.44,22.81,9.16,0.577,64.3,26.8,80.2,17.7,80
Ludhiana,2024-06-27,24.29,88.79,27.09,11.26,0.994,64.48,28.7,86.6,14.8,88
Chennai,2023-04-28,56.99,100.8,40.9,13.39,1.18,64.89,20.3,33.9,9.4,155
Indore,2022-11-21,88.52,187.05,53.72,19.65,2.041,53.97,23.3,48.3,10.1,165
Chennai,2024-12-31,75.13,133.09,57.72,23.4,2.196,50.61,10.0,59.9,9.3,162
Patna,2022-12-03,144.66,193.06,70.06,34.65,3.126,50.54,16.1,65.3,5.1,191
Lucknow,2024-08-27,50.79,69.68,32.78,21.51,0.956,56.96,30.0,83.7,12.7,140
Agra,2021-09-01,56.73,103.82,27.87,21.2,1.084,49.48,34.3,77.9,11.3,152
Lucknow,2022-05-16,74.77,123.74,45.87,22.3,2.126,46.32,26.6,49.8,9.1,161
Meerut,2021-10-16,96.19,152.22,50.69,25.15,2.105,49.01,25.6,70.7,8.5,174
Delhi,2020-08-22,59.43,106.99,41.68,20.31,1.706,67.46,30.7,80.1,14.4,150
Ludhiana,2020-12-29,119.9,210.9,55.89,26.65,2.329,25.72,19.8,86.3,7.2,188
Bangalore,2020-06-02,9.42,31.31,10.02,2.0,0.2,84.15,28.2,75.6,20.5,47
Ahmedabad,2023-03-02,62.23,134.26,46.5,26.25,2.007,59.08,28.9,36.1,6.9,158
Kolkata,2024-10-03,86.45,147.61,55.72,23.8,2.431,50.31,23.8,50.0,8.5,172
Faridabad,2021-05-17,83.86,103.55,43.31,20.75,1.309,24.35,31.0,43.7,14.0,160
Bhopal,2020-07-20,41.21,84.25,34.95,11.9,1.48,70.77,28.2,72.0,8.6,124
Ahmedabad,2022-06-27,54.4,102.61,33.35,16.56,1.119,56.01,32.7,95.5,12.2,160
Indore,2022-09-04,31.73,30.93,9.46,6.37,0.556,56.78,27.3,72.1,19.8,91
Kanpur,2023-08-23,59.29,103.53,22.65,21.07,0.99,56.6,31.0,77.2,14.3,153
Kanpur,2024-01-11,174.18,248.56,85.39,48.88,4.395,50.71,16.7,68.9,6.6,218
Mumbai,2020-10-02,63.57,89.14,46.01,24.3,2.107,54.69,27.2,65.6,10.1,155
Lucknow,2021-11-02,119.89,189.68,70.95,34.69,3.115,48.52,22.0,52.6,7.7,180
Kolkata,2023-05-06,75.45,140.73,40.37,23.34,2.157,54.4,29.8,31.6,8.6,167
Ludhiana,2020-08-23,52.42,88.27,29.26,13.76,1.224,44.84,35.0,74.5,11.1,145
Hyderabad,2020-02-29,88.23,212.86,70.58,31.3,2.478,35.04,1.6,74.5,4.7,162
Faridabad,2020-05-02,75.22,117.51,44.62,17.81,1.41,42.61,38.0,44.2,11.6,164
Delhi,2024-08-30,68.79,117.12,32.38,9.91,1.703,50.76,29.2,83.4,10.9,156
Bhopal,2020-08-19,47.11,63.18,26.91,6.94,1.245,74.06,30.2,67.5,10.0,136
Indore,2024-08-20,27.32,65.18,13.09,3.44,0.488,66.65,31.5,85.1,19.9,79
Kolkata,2024-01-13,143.72,212.4,93.86,30.74,2.775,49.49,15.1,58.2,7.8,198
Nagpur,2020-02-24,110.39,195.62,59.91,28.07,2.341,46.85,17.7,69.1,5.5,182
Meerut,2022-02-22,147.75,197.45,76.51,41.87,3.591,41.38,16.4,60.3,1.5,195
Chennai,2024-05-21,62.37,107.28,55.22,18.16,2.089,59.47,29.6,56.3,4.5,153
Kolkata,2022-11-09,129.67,207.52,66.17,28.7,3.568,60.71,13.5,68.4,6.9,189
Agra,2022-01-31,129.3,222.23,74.1,27.17,3.369,32.86,8.3,63.7,6.5,187
Agra,2021-09-10,45.39,85.23,27.78,15.91,0.976,48.64,24.9,70.9,14.4,130
Hyderabad,2021-08-11,8.3,21.49,7.36,12.03,1.043,72.03,28.2,77.3,19.8,38
Pune,2021-10-01,39.48,88.95,35.19,18.67,0.713,58.21,22.5,45.1,8.0,108
Jaipur,2023-08-10,35.06,89.96,16.26,18.51,1.25,69.77,26.2,74.1,11.0,96
Hyderabad,2023-05-31,39.48,61.99,27.61,15.32,1.411,44.07,32.1,33.5,15.0,120
Pune,2020-07-22,5.0,18.21,12.7,3.64,0.2,71.26,28.0,67.9,22.3,18
Faridabad,2024-05-18,82.42,85.72,58.99,23.76,1.905,36.89,32.5,31.0,12.5,165
Faridabad,2024-02-15,149.91,239.9,96.6,43.91,3.189,42.18,27.0,70.7,5.3,206
Agra,2022-07-23,55.59,100.23,24.24,15.41,1.371,53.96,27.2,64.7,11.0,159
Ahmedabad,2023-04-12,56.28,72.51,42.97,21.55,1.872,44.94,30.2,27.0,15.2,149
Hyderabad,2024-10-11,27.2,79.33,21.45,16.26,1.043,72.35,20.9,46.9,11.8,88
Lucknow,2020-06-12,52.84,103.88,29.29,20.02,0.995,55.4,28.9,79.0,9.9,139
Chennai,2022-08-10,9.99,66.29,18.9,3.83,1.116,61.86,28.9,75.5,12.0,56
Patna,2020-06-10,42.82,48.77,32.46,13.98,1.174,46.46,31.6,73.3,16.3,123
Jaipur,2020-06-10,48.52,77.94,15.77,15.2,0.76,59.92,26.7,77.0,15.2,136
Mumbai,2023-05-23,46.54,52.92,37.51,11.1,1.151,47.23,33.8,38.7,16.6,138
Kolkata,2022-08-21,74.8,79.68,43.8,17.13,1.442,55.92,28.5,83.7,7.5,155
Ahmedabad,2021-10-31,58.12,148.3,42.3,24.19,2.024,55.2,23.4,47.4,11.0,145
Jaipur,2024-05-14,62.97,143.43,50.24,11.22,1.691,44.36,35.3,40.6,9.8,148
Jaipur,2024-04-27,68.72,146.81,36.89,25.82,1.936,43.36,30.3,41.5,10.6,166
Nashik,2024-07-23,14.68,10.0,17.4,2.68,0.262,87.29,25.7,77.9,16.2,57
Hyderabad,2024-10-15,60.63,137.88,44.85,28.66,2.156,52.02,18.4,54.5,6.3,149
Ahmedabad,2024-10-17,57.44,119.44,55.21,22.93,1.953,43.03,14.3,43.6,10.9,162
Lucknow,2024-07-30,42.03,63.13,28.22,12.65,1.469,51.58,29.6,82.6,15.5,113
Kanpur,2021-09-10,58.74,50.59,30.27,13.95,0.73,37.51,27.0,85.3,16.6,157
Nagpur,2022-11-21,90.63,156.09,60.46,24.48,2.032,52.71,27.4,65.1,7.3,163
Delhi,2023-02-07,212.68,371.04,122.29,48.36,5.142,36.27,13.0,65.2,3.6,265
Kolkata,2023-10-03,67.97,111.89,48.6,22.71,1.534,56.64,33.9,50.6,12.6,159
Hyderabad,2020-04-21,56.36,88.88,30.84,14.75,1.252,63.48,35.6,49.1,7.1,156
Meerut,2023-05-18,91.91,154.06,45.35,30.98,2.356,53.34,36.2,38.9,8.4,500
Delhi,2020-04-24,87.3,156.36,50.89,23.98,1.86,52.77,40.5,48.7,10.0,167
Pune,2021-10-03,37.72,77.42,22.46,19.67,0.846,68.71,17.8,57.5,10.0,106
Indore,2024-12-26,80.04,181.75,51.99,28.68,2.349,48.94,24.1,81.1,7.1,169
Hyderabad,2024-11-15,47.77,124.08,42.22,24.21,2.094,40.44,31.1,50.3,14.0,137
Kanpur,2024-07-06,79.67,139.44,42.57,23.63,1.664,40.08,26.7,77.8,4.9,163
Patna,2023-07-04,53.07,69.85,13.43,10.75,0.91,58.32,27.9,96.3,18.6,142
Hyderabad,2023-07-07,47.12,22.67,23.28,5.07,0.928,64.8,33.6,89.0,10.0,125
Faridabad,2021-10-30,106.51,171.09,66.71,27.21,2.088,41.13,25.5,48.2,6.5,182
Faridabad,2021-09-14,59.45,81.77,27.11,17.78,0.914,32.96,33.6,75.9,14.5,150
Kolkata,2024-09-23,61.69,77.68,22.95,13.4,0.955,61.03,27.2,76.0,13.7,156
Bangalore,2024-06-11,30.15,19.68,19.21,6.19,1.112,83.5,32.5,89.8,16.1,86
Ahmedabad,2022-10-24,63.4,105.91,37.0,21.77,1.487,56.2,24.1,40.5,11.9,151
Ludhiana,2023-10-08,68.75,88.23,41.86,25.49,1.855,59.26,17.6,45.9,8.5,160
Bangalore,2024-01-17,54.87,121.67,38.92,18.59,1.282,72.0,22.9,97.3,10.6,154
Bhopal,2020-05-04,47.47,81.28,38.57,15.11,1.452,66.56,34.9,42.5,10.4,128
Pune,2023-08-10,33.93,24.61,15.74,8.3,0.825,73.51,28.3,86.4,17.6,93
Kolkata,2021-04-05,80.39,145.42,43.87,21.02,1.619,50.82,36.1,48.2,12.9,171
Mumbai,2024-11-05,107.46,140.07,75.18,24.12,2.604,46.63,24.8,66.6,7.4,178
Nagpur,2024-01-29,95.99,203.57,56.88,29.22,2.75,50.82,11.9,61.8,4.8,172
Lucknow,2021-08-19,76.0,129.84,48.84,11.32,1.993,65.74,31.6,88.1,4.9,152
Jaipur,2023-10-26,95.82,165.67,51.58,21.3,2.197,42.48,19.9,37.3,6.1,168
Indore,2021-04-20,67.34,122.94,44.14,25.09,2.211,53.38,32.9,36.9,7.4,157
Kolkata,2023-06-08,53.86,86.29,36.77,20.33,1.364,66.9,33.3,80.3,12.1,142
Lucknow,2022-05-31,91.27,130.87,58.97,22.01,2.106,63.56,29.6,33.8,9.2,163
Jaipur,2024-05-25,65.26,132.0,37.4,25.14,1.674,52.21,29.9,51.2,11.0,155
Nashik,2020-04-23,35.71,56.71,23.08,18.93,1.368,74.84,18.4,27.8,9.9,99
Bangalore,2023-04-22,22.24,41.08,27.61,11.67,1.017,71.0,41.9,57.4,12.1,66
Delhi,2022-10-22,81.4,129.1,53.69,15.62,1.914,44.76,14.5,55.8,14.4,164
Mumbai,2024-05-25,64.75,76.55,52.12,22.07,1.946,48.97,34.2,48.4,11.2,153
Indore,2024-06-30,41.84,66.41,13.44,8.68,0.702,54.48,29.4,78.8,15.7,119
Hyderabad,2023-01-29,103.39,187.52,55.83,27.7,2.287,49.06,16.8,92.0,7.0,180
Nagpur,2022-09-09,48.32,60.96,38.39,7.63,1.08,60.51,26.4,94.9,11.4,133
Faridabad,2020-01-20,152.94,249.44,91.32,34.69,3.901,35.14,18.8,60.7,7.3,202
Faridabad,2023-12-14,127.95,245.61,68.06,35.64,2.46,30.43,12.3,69.5,8.1,192
Nagpur,2021-10-04,70.61,133.01,55.25,19.76,2.149,64.31,9.2,28.4,4.6,159
Mumbai,2020-07-31,27.42,10.0,21.74,5.17,0.31,52.52,29.7,72.8,17.4,83
Pune,2022-05-16,45.47,98.99,44.58,12.51,0.768,61.62,33.7,47.6,6.5,131
Indore,2022-05-01,35.94,87.63,26.42,7.32,0.516,46.5,31.7,34.7,16.2,103
Patna,2022-04-22,76.35,102.8,36.37,20.65,1.68,48.85,27.1,51.0,13.1,150
Lucknow,2021-05-01,66.68,133.03,49.13,21.74,1.57,41.21,33.1,43.9,11.0,158
Meerut,2023-07-15,65.9,82.96,44.39,16.49,0.965,58.55,28.9,74.4,7.0,156
Ahmedabad,2022-05-12,103.48,169.0,54.34,36.56,2.568,44.78,34.8,29.3,0.5,177
Chennai,2024-12-06,88.98,150.59,56.36,28.04,2.316,60.79,10.1,78.7,4.7,172
Pune,2020-12-25,89.98,197.14,65.87,20.69,1.984,69.77,9.4,60.3,6.8,168
Kanpur,2022-10-26,118.34,173.34,58.62,27.81,2.345,51.54,24.5,45.0,7.1,184
Meerut,2021-01-07,129.62,220.13,62.24,29.84,3.378,36.68,17.6,79.9,9.7,187
Patna,2020-07-10,61.02,88.17,33.92,16.49,1.54,48.58,36.4,88.2,14.1,147
Meerut,2021-08-27,74.91,121.3,38.06,26.72,2.128,36.61,28.4,94.8,10.1,163
Ludhiana,2023-05-02,37.97,116.69,33.62,13.44,1.064,41.25,31.0,38.7,15.8,106
Jaipur,2022-03-21,85.54,168.99,52.65,25.22,2.052,56.27,29.0,41.2,9.0,158
Indore,2020-11-19,57.61,118.73,40.07,21.53,2.163,57.53,24.6,55.7,12.4,154
Mumbai,2023-03-26,56.95,69.59,50.09,23.24,1.067,60.71,31.4,37.6,10.7,151
Chennai,2024-08-11,15.93,42.36,30.29,14.98,0.535,77.29,29.3,81.9,12.4,54
Lucknow,2023-04-06,58.74,112.09,40.64,15.05,1.759,53.07,33.7,35.2,13.5,153
Kolkata,2020-02-26,136.59,217.59,81.84,40.7,2.587,49.25,13.6,68.3,6.3,196
Agra,2023-03-23,81.09,110.12,48.2,21.65,2.195,65.12,34.7,47.0,7.3,159
Nashik,2020-01-25,85.17,145.98,49.74,19.51,2.152,56.46,4.4,79.0,4.6,167
Ludhiana,2023-10-23,51.56,76.37,43.14,15.2,0.814,70.26,23.1,62.9,13.4,146
Mumbai,2023-03-12,52.47,105.79,45.92,21.63,1.84,47.21,37.2,54.7,12.9,146
Agra,2023-03-04,75.69,147.81,46.7,22.22,2.313,53.18,38.3,55.2,8.7,162
Bangalore,2023-07-13,9.05,37.5,15.35,6.57,0.518,69.73,31.0,81.2,16.0,32
Mumbai,2024-10-12,59.0,128.69,53.4,21.48,2.042,65.8,31.9,59.6,4.5,154
Chennai,2022-12-03,86.95,145.58,64.94,25.14,2.651,61.51,10.9,83.8,4.8,165
Chennai,2021-04-25,51.69,103.47,41.3,21.19,1.388,47.18,37.9,28.4,6.4,139
Kolkata,2021-04-26,105.51,140.16,54.8,21.91,2.468,57.82,32.2,47.2,8.9,175
Ludhiana,2021-10-03,66.8,116.87,50.47,22.61,1.378,60.19,20.7,62.5,6.0,157
Bangalore,2023-11-08,64.34,125.42,50.49,21.41,2.196,76.11,28.0,54.6,7.2,160
Nashik,2020-01-20,97.26,149.4,41.65,19.53,2.103,49.61,19.5,77.2,5.1,171
Agra,2021-05-21,50.0,116.45,38.54,9.44,2.179,30.93,34.5,37.4,15.4,132
Hyderabad,2020-12-14,93.9,184.5,58.75,37.9,2.043,57.62,10.1,58.7,5.8,168
Jaipur,2024-05-08,64.41,158.98,25.79,16.74,2.013,48.01,36.9,51.8,11.5,163
Patna,2020-01-25,159.16,254.88,85.07,43.08,3.623,50.26,15.5,61.4,1.5,500
Patna,2022-12-09,157.99,246.77,86.26,43.17,3.705,44.62,22.4,57.3,4.7,202
Meerut,2020-02-27,135.67,179.73,71.17,38.78,2.933,35.67,0.3,64.3,8.2,201
Indore,2020-02-14,64.23,140.78,46.73,21.41,2.195,69.57,14.1,63.3,9.5,156
Jaipur,2021-12-21,134.53,263.29,71.42,34.45,3.648,32.29,7.0,76.8,6.7,190
Jaipur,2023-09-17,56.26,105.83,30.06,10.83,1.19,40.58,27.1,75.8,11.0,151
Indore,2020-09-29,30.71,16.82,25.57,11.14,0.456,67.24,24.7,67.4,15.5,81
Ludhiana,2023-06-12,48.54,50.38,27.41,12.99,0.993,56.72,31.1,79.6,10.3,127
Hyderabad,2020-07-23,20.58,77.96,7.92,2.0,1.012,64.5,35.9,84.2,17.0,71
Mumbai,2020-08-17,11.4,28.04,14.91,8.7,0.873,74.04,31.4,74.4,19.6,49
Meerut,2021-07-26,68.42,73.22,40.0,15.36,1.099,47.81,26.4,82.3,11.1,157
Mumbai,2020-01-15,117.52,185.25,89.47,29.52,3.054,32.58,17.1,73.7,4.3,181
Indore,2024-12-08,76.21,164.9,56.34,28.76,2.285,52.02,27.5,73.1,6.9,162
Mumbai,2021-10-09,63.35,73.89,40.75,12.82,1.976,60.61,22.1,51.7,9.8,150
Bangalore,2023-08-19,16.27,67.98,34.87,5.74,0.709,78.91,31.9,80.3,14.7,59
Pune,2024-02-03,57.55,110.24,47.9,24.93,1.455,45.4,11.6,58.7,12.1,146
Mumbai,2023-04-19,64.93,84.47,51.73,14.46,2.323,56.16,25.7,40.2,9.2,156
Delhi,2021-10-25,123.07,195.46,73.35,26.98,2.489,48.2,26.6,72.8,6.4,181
Patna,2024-05-24,90.87,154.42,51.86,25.62,2.023,30.97,26.7,27.3,7.9,496
Jaipur,2024-08-24,42.34,55.98,13.4,7.47,0.411,57.2,32.9,83.2,21.4,111
Kolkata,2023-09-20,49.8,69.55,27.02,9.26,0.791,74.18,33.4,83.9,13.8,137
Indore,2020-10-08,54.13,113.92,30.04,22.46,1.705,62.34,23.9,61.1,9.7,153
Delhi,2020-07-17,98.65,143.16,47.32,19.34,1.687,46.0,24.3,90.2,11.5,174
Mumbai,2023-06-26,35.61,63.53,32.67,15.94,1.198,65.2,27.6,72.4,8.2,101
Kolkata,2023-11-07,122.42,175.84,68.53,31.86,2.894,37.06,18.7,44.5,6.3,181
Nashik,2024-03-21,44.33,111.32,47.5,19.47,1.238,56.14,29.7,35.8,8.1,113
Ludhiana,2023-11-17,112.74,197.54,56.37,37.18,3.198,30.94,25.5,61.4,5.3,177
Patna,2020-06-06,76.73,100.65,39.01,15.62,1.742,51.56,27.3,63.6,9.8,162
Ahmedabad,2020-09-26,33.18,84.58,15.49,15.8,1.016,65.2,36.6,89.1,11.5,94
Jaipur,2020-10-08,65.4,145.9,34.91,17.89,1.491,59.32,15.4,71.0,10.2,154
Jaipur,2024-07-18,52.33,98.45,28.25,6.92,1.654,48.25,34.8,89.6,11.3,137
Agra,2022-07-27,58.62,92.67,12.66,9.54,1.189,45.4,25.5,77.3,13.0,152
Indore,2024-10-08,68.39,121.58,41.5,21.48,1.467,48.25,25.9,58.2,6.6,160
Mumbai,2020-01-20,103.6,192.22,86.21,33.81,2.498,43.5,20.3,65.4,1.2,176
Bangalore,2020-07-24,32.42,61.48,18.13,9.83,0.524,67.82,32.0,84.6,16.0,93
Nashik,2022-11-26,46.99,135.62,43.55,14.3,1.726,70.76,18.7,52.1,10.2,122
Ludhiana,2021-02-27,141.6,205.46,74.01,29.47,3.527,57.18,11.7,86.7,4.5,198
Nashik,2020-12-25,73.05,114.45,53.37,24.54,2.189,54.02,14.2,66.5,8.8,153
Kanpur,2020-05-02,63.75,108.77,32.96,25.93,1.562,48.54,32.1,50.0,14.1,153
Lucknow,2020-10-11,63.74,123.51,47.94,22.85,2.399,49.23,30.2,43.9,7.9,150
Hyderabad,2021-08-20,20.62,69.24,10.67,9.11,0.719,65.61,28.4,81.1,15.2,63
Ahmedabad,2020-12-02,142.67,262.33,83.77,47.05,3.447,54.19,12.3,73.1,1.4,192
Faridabad,2022-08-12,42.09,73.59,28.17,9.7,1.456,38.46,32.8,80.2,16.9,115
Mumbai,2021-03-12,49.92,86.65,48.34,17.85,1.317,55.84,35.5,28.6,9.7,135
Bangalore,2024-10-22,46.63,104.78,46.58,16.7,1.513,72.67,25.9,65.1,7.1,131
Lucknow,2023-12-27,145.37,248.15,78.52,42.17,3.939,30.61,22.4,77.5,5.0,202
Ahmedabad,2021-07-16,56.83,85.2,25.38,15.64,0.566,67.63,27.3,81.2,11.7,155
Faridabad,2022-04-01,120.55,185.54,68.02,30.51,3.551,40.48,31.4,41.0,9.0,192
Indore,2022-05-10,34.0,90.38,39.94,21.93,0.955,63.16,33.6,32.0,11.5,94
Delhi,2021-05-16,137.99,211.28,74.22,31.63,3.137,49.27,31.8,57.7,8.1,187
Chennai,2022-04-08,39.12,78.04,42.81,14.22,2.032,73.85,32.0,29.3,6.2,114
Nagpur,2020-02-17,122.63,211.0,65.89,36.22,3.106,47.64,13.0,65.6,0.8,187
Ahmedabad,2022-10-05,72.08,135.5,52.25,18.21,2.205,41.83,36.7,59.9,8.3,158
Ahmedabad,2023-03-23,81.93,146.59,51.92,23.92,2.249,57.97,36.1,56.6,8.1,168
Ludhiana,2022-05-06,53.24,89.8,43.38,18.52,1.197,55.39,28.7,39.6,14.0,147
Indore,2022-03-21,50.42,101.48,33.67,26.06,1.705,67.04,36.8,28.8,8.1,139
Bangalore,2021-05-31,23.79,25.59,16.89,7.41,1.048,59.51,38.9,40.8,15.2,73
Agra,2020-01-06,124.7,249.78,77.55,37.92,3.265,47.65,11.9,64.8,6.4,177
Chennai,2020-11-09,41.75,75.2,32.82,12.83,1.577,50.14,31.3,38.6,14.8,117
Kanpur,2022-01-21,137.37,207.65,72.2,43.6,3.066,38.16,15.2,74.4,6.9,188
Patna,2022-06-03,53.3,79.89,36.41,15.03,1.662,50.91,27.8,77.4,6.0,145
Jaipur,2022-07-08,15.54,68.66,15.66,10.6,0.711,57.05,29.3,87.8,17.4,54
Pune,2022-05-29,35.14,44.63,28.53,8.23,1.32,59.18,23.5,43.6,15.8,91
Chennai,2021-05-17,41.16,90.69,42.04,11.26,0.987,63.96,23.7,20.0,9.5,115
Mumbai,2022-09-23,15.38,51.59,13.96,2.0,0.749,62.26,25.3,70.6,19.7,61
Nagpur,2022-10-15,65.62,137.47,49.41,21.24,1.252,46.03,12.7,60.0,10.1,153
Bangalore,2023-05-09,18.17,61.52,22.56,8.77,1.186,72.85,18.1,39.1,13.4,54
Indore,2023-12-08,102.65,183.66,77.74,25.89,2.998,49.86,21.5,88.6,7.3,185
Kanpur,2022-06-19,33.98,102.88,39.3,9.24,1.407,53.51,32.8,77.3,13.1,105
Hyderabad,2022-02-24,110.72,201.52,60.57,34.77,2.461,56.43,16.7,71.9,3.3,173
Mumbai,2023-02-12,92.13,156.11,85.48,24.51,2.727,55.89,20.2,69.9,4.8,166
Agra,2024-05-24,121.36,142.36,45.67,28.25,2.6,47.68,30.7,42.7,8.1,171
Delhi,2022-03-21,108.24,163.47,85.65,23.21,2.548,39.37,32.2,40.4,7.9,182
Meerut,2024-12-14,128.73,194.61,68.79,30.03,2.909,41.0,28.4,79.8,6.4,193
Bhopal,2023-09-30,28.2,79.22,13.61,10.24,0.492,71.18,34.0,68.2,15.7,84
Nagpur,2021-06-27,9.43,13.74,5.0,15.82,0.583,65.75,26.1,78.2,19.8,39
Kanpur,2021-11-01,115.15,202.19,62.26,28.72,2.622,32.69,25.5,58.4,11.0,181
Nagpur,2021-12-07,97.19,200.29,82.79,26.94,2.477,48.6,22.5,57.2,1.3,169
Lucknow,2022-05-22,87.93,137.5,60.29,31.22,2.435,35.89,32.0,28.7,8.1,169
Bangalore,2024-07-25,27.73,72.53,29.66,5.32,0.502,72.57,27.3,82.1,11.5,84
Jaipur,2023-01-10,150.7,274.63,74.49,39.96,2.705,46.01,18.4,89.3,3.5,199
Meerut,2024-07-01,37.43,91.37,29.01,6.99,0.678,44.15,23.9,72.8,11.0,106
Kolkata,2022-02-27,145.03,226.86,95.76,37.87,3.714,42.04,13.3,53.2,5.7,204
Hyderabad,2023-09-08,28.31,80.91,27.05,17.05,0.991,44.49,27.0,70.4,8.7,87
Meerut,2024-12-16,131.59,216.61,71.56,37.27,3.756,42.21,20.1,58.7,3.4,188
Kolkata,2020-12-28,134.0,202.44,62.7,31.84,2.36,34.42,6.8,84.7,7.2,190
Kolkata,2024-07-04,12.88,74.33,9.34,2.76,0.532,55.28,34.6,95.2,25.5,62
Nashik,2023-05-01,49.93,55.99,47.46,20.95,1.48,66.81,30.8,35.3,8.6,131
Pune,2022-05-24,44.74,101.78,42.72,30.34,1.366,64.48,38.4,31.6,7.0,133
Nagpur,2022-02-03,96.76,172.25,60.38,24.99,2.262,31.2,18.6,69.6,10.3,171
Jaipur,2021-02-01,140.54,252.28,79.43,34.31,3.303,37.38,8.7,68.4,4.3,194
Nagpur,2023-02-16,109.5,206.04,65.69,29.21,2.172,61.17,11.4,94.7,7.5,179
Lucknow,2020-02-11,143.53,256.8,94.61,39.26,3.722,47.93,14.2,47.2,3.3,201
Ludhiana,2023-05-07,92.82,135.19,48.87,26.29,2.141,48.92,28.9,42.7,11.2,170
Delhi,2023-08-23,79.37,128.55,56.8,9.66,2.721,58.7,24.7,90.1,10.4,164
Nagpur,2022-11-08,98.81,176.55,68.9,32.15,2.476,41.65,26.8,44.2,8.5,170
Patna,2023-03-17,74.97,122.55,54.32,24.4,2.265,65.5,29.8,52.5,13.5,163
Delhi,2021-07-17,65.19,104.17,39.89,17.07,1.734,45.38,32.8,83.4,15.6,158
Kanpur,2021-03-15,55.45,91.17,35.53,12.73,1.693,42.3,29.0,36.0,15.3,500
Ahmedabad,2024-06-23,18.34,50.9,11.24,5.01,0.2,63.11,29.2,70.4,20.4,70
Ahmedabad,2022-05-08,74.56,139.03,42.82,24.01,1.927,33.31,27.9,42.1,10.3,154
Ahmedabad,2023-04-17,64.97,95.4,37.96,23.67,1.829,52.9,40.0,49.9,13.2,165
Lucknow,2021-08-13,32.39,42.03,7.5,7.36,0.375,53.65,33.4,78.9,22.2,97
Faridabad,2022-01-15,137.78,192.5,86.18,34.57,2.519,33.85,14.3,59.3,5.8,194
Delhi,2024-05-13,79.9,92.5,52.15,15.99,1.84,48.27,29.8,23.9,15.2,163
Delhi,2021-11-27,127.07,201.39,74.33,30.06,2.392,36.09,23.9,76.4,14.2,180
Kanpur,2022-01-31,169.99,272.97,95.97,46.03,3.977,34.7,10.7,81.9,5.2,221
Bhopal,2022-10-01,52.75,121.54,42.56,13.8,1.821,59.93,27.9,64.1,6.8,148
Nashik,2023-05-31,52.46,104.04,34.93,18.55,1.199,53.46,38.2,48.8,3.9,144
Hyderabad,2022-12-13,82.19,175.95,65.81,29.67,2.289,41.82,12.7,58.4,5.3,155
Faridabad,2023-10-12,82.29,110.41,47.7,17.63,1.739,42.23,27.6,49.9,11.3,169
Hyderabad,2020-12-06,89.2,155.21,59.51,19.76,2.702,43.5,11.8,79.9,8.0,167
Jaipur,2023-05-19,66.19,128.8,45.65,30.14,1.757,65.04,25.7,27.2,11.2,157
Nagpur,2023-09-05,49.91,65.09,23.31,7.33,0.743,78.27,32.2,73.1,13.2,136
Patna,2023-02-19,142.22,261.32,84.99,35.89,4.319,33.33,7.9,56.5,6.1,197
Chennai,2021-05-21,50.94,74.88,43.95,30.22,1.859,63.4,39.0,37.2,7.3,144
Hyderabad,2020-03-30,36.53,110.87,39.13,12.33,1.525,66.77,35.1,23.7,14.1,105
Chennai,2022-09-30,14.92,63.69,21.81,2.0,0.266,64.62,31.8,80.1,16.2,60
Hyderabad,2024-01-07,103.93,186.07,78.8,40.18,2.428,60.68,14.5,67.6,2.9,176
Bhopal,2021-05-16,73.41,95.04,32.26,20.72,1.951,76.79,37.8,48.4,8.9,164
Kanpur,2021-02-21,173.96,276.36,105.34,51.09,4.188,25.3,16.2,79.5,4.5,224
Patna,2021-05-20,88.14,146.59,50.72,26.5,1.9,58.09,41.8,26.0,10.9,168
Kanpur,2023-07-24,25.14,70.49,22.98,7.23,1.013,47.21,29.2,86.8,18.1,80
Faridabad,2022-10-13,84.94,144.5,49.76,18.35,2.046,19.68,16.5,59.6,9.0,166
Meerut,2021-03-28,64.52,94.8,42.06,17.24,1.864,55.88,24.7,28.8,9.7,155
Faridabad,2023-07-29,36.89,69.62,31.15,3.71,1.241,45.28,33.8,81.6,16.2,97
Nagpur,2024-02-23,116.42,204.01,68.38,33.52,2.363,45.95,11.1,66.3,2.1,182
Kanpur,2023-05-29,51.35,101.59,37.44,9.92,1.535,37.68,22.1,43.4,18.8,140
Kolkata,2021-05-25,85.72,159.42,58.85,35.27,2.365,43.73,37.9,55.0,7.6,162
Nagpur,2020-10-08,57.58,91.63,32.28,11.14,1.424,66.4,29.1,60.6,7.7,151
Nagpur,2023-11-10,99.38,158.04,75.67,34.64,2.168,48.88,25.0,56.7,9.1,172
Nagpur,2021-08-12,45.78,103.2,31.19,14.43,1.868,58.04,32.8,77.5,12.0,123
Nagpur,2020-03-27,48.24,106.25,39.11,24.1,1.624,55.73,27.9,42.5,11.3,129
Pune,2020-03-03,60.56,81.84,39.84,15.98,1.177,65.25,34.4,30.5,6.6,154
Kolkata,2024-07-27,43.54,70.02,25.06,10.93,0.285,55.67,33.8,85.5,15.8,120
Delhi,2024-05-02,89.65,147.12,49.17,25.61,2.446,44.86,37.1,42.7,11.7,169
Agra,2023-01-08,183.81,278.21,112.53,47.35,4.425,43.45,20.3,62.2,0.5,226
Ludhiana,2024-01-29,124.46,207.91,68.98,35.44,2.771,50.28,14.8,54.1,7.2,188
Ahmedabad,2021-10-25,81.45,126.57,46.28,21.97,1.956,61.37,34.7,64.0,11.1,169
Bhopal,2021-12-22,98.88,183.19,59.18,30.07,2.698,39.56,23.9,79.8,6.6,164
Ludhiana,2024-05-28,86.69,123.05,38.71,20.02,1.738,55.07,26.1,36.1,10.7,171
Faridabad,2024-03-12,84.3,147.07,51.47,26.79,2.245,39.34,34.0,41.2,11.2,175
Delhi,2020-11-19,95.27,138.35,48.44,13.89,2.047,32.37,26.9,58.1,18.2,165
Indore,2020-01-11,118.31,201.63,58.36,37.37,2.41,53.14,17.7,77.0,4.1,185
Delhi,2024-03-27,97.55,175.79,68.64,21.97,2.517,39.74,37.4,50.0,12.4,175
Kolkata,2023-10-05,60.2,75.16,35.03,16.78,0.855,66.03,26.2,63.3,12.8,153
Mumbai,2021-11-25,89.19,158.4,67.17,29.17,2.329,54.67,21.6,50.7,8.3,175
Hyderabad,2023-09-02,26.21,57.58,22.9,10.31,0.346,52.99,30.2,82.2,14.4,86
Chennai,2024-01-23,80.24,156.59,50.47,25.02,1.956,58.14,20.3,86.8,8.0,176
Nagpur,2022-01-19,89.92,177.41,62.79,29.35,2.182,52.45,14.3,58.9,7.7,167
Kolkata,2021-09-23,72.98,104.17,38.64,16.47,1.821,46.3,24.2,87.8,10.8,163
Ludhiana,2023-08-17,45.11,57.56,18.46,14.79,1.12,57.95,31.6,75.0,16.7,125
Kolkata,2021-02-02,112.85,165.28,60.53,26.45,2.219,55.96,23.1,91.5,11.2,181
Mumbai,2022-04-21,61.04,92.17,41.22,15.37,1.715,57.95,18.5,33.7,8.5,152
Ahmedabad,2022-03-26,83.41,142.79,44.35,21.98,2.249,45.59,27.5,37.4,10.0,168
Patna,2020-11-05,88.2,175.91,54.33,23.39,1.929,33.62,26.8,51.3,11.6,164
Patna,2024-01-24,136.99,241.37,88.05,35.43,3.657,45.47,17.1,49.4,4.9,194
Ludhiana,2020-10-05,89.52,124.71,55.04,21.82,2.438,59.19,35.5,46.4,8.4,169
Delhi,2022-11-09,177.03,245.95,96.7,42.02,4.107,57.05,16.4,67.6,7.3,233
Nashik,2024-07-08,27.08,43.81,10.5,12.0,0.486,76.53,33.8,74.8,13.1,88
Hyderabad,2023-09-27,13.3,34.43,13.54,5.43,1.235,65.12,37.6,77.1,17.2,56
Delhi,2020-11-29,141.39,243.95,96.95,27.99,3.552,32.36,21.1,62.6,10.5,197
Hyderabad,2022-04-26,56.86,127.47,42.79,21.11,1.886,55.05,33.5,58.1,9.6,155
Kolkata,2024-10-06,99.07,167.9,66.11,30.93,2.923,46.86,20.0,45.5,4.7,184
Ahmedabad,2020-08-25,23.22,58.3,22.28,8.77,0.2,71.04,27.0,71.2,14.1,75
Jaipur,2020-03-30,69.07,148.24,33.39,18.19,1.822,56.83,29.0,34.5,9.0,150
Ludhiana,2021-02-07,97.49,194.59,69.23,24.39,2.135,56.39,18.9,65.1,7.7,174
Kanpur,2020-06-28,47.75,52.6,28.32,13.78,0.627,62.65,31.3,83.0,16.4,133
Pune,2024-04-14,59.75,86.65,29.56,10.2,1.645,68.24,22.8,54.0,10.6,151
Chennai,2024-12-08,92.61,155.78,69.88,27.5,2.486,51.73,10.9,62.8,1.5,170
Delhi,2021-03-25,118.37,183.61,78.49,29.46,2.26,42.93,25.0,32.2,6.7,185
Bangalore,2021-12-21,73.17,145.91,50.21,16.03,1.921,70.45,8.4,84.4,6.5,155
Lucknow,2022-12-13,139.66,212.75,71.95,34.34,2.899,50.74,19.6,54.7,5.4,199
Delhi,2021-12-28,198.49,324.82,114.72,40.23,3.948,39.2,23.9,86.6,4.4,254
Mumbai,2024-08-25,53.03,63.69,40.19,14.26,0.513,57.79,32.3,76.8,10.9,145
Nashik,2022-02-23,74.2,124.61,56.96,27.35,1.878,42.15,22.2,51.8,4.5,161
Agra,2022-06-22,30.25,45.05,22.01,7.77,0.466,63.83,30.7,74.5,18.4,89
Patna,2023-11-30,91.1,174.94,44.62,24.64,1.851,36.9,33.4,51.6,12.2,166
Bangalore,2021-10-22,25.96,73.61,24.6,14.15,1.79,63.24,19.2,46.9,7.0,79
Kanpur,2024-12-03,184.47,283.1,111.89,54.92,4.797,32.87,11.7,60.6,0.8,236
Jaipur,2023-07-03,38.08,67.63,29.4,6.97,1.096,44.66,29.0,70.0,15.8,100
Mumbai,2021-04-16,56.45,98.51,42.47,14.45,1.496,68.45,20.9,51.0,10.5,146
Nashik,2020-01-24,97.02,168.93,53.41,31.11,2.473,41.76,22.0,71.7,4.0,172
Indore,2022-11-01,85.29,152.85,51.97,26.02,1.914,34.07,25.2,47.2,6.0,171
Patna,2020-07-16,50.37,86.65,23.95,7.73,1.225,50.96,29.4,84.8,14.9,136
Meerut,2023-08-01,25.52,47.96,23.05,2.99,0.624,39.23,28.8,97.9,17.0,89
Nagpur,2023-05-18,74.45,135.7,43.54,14.8,1.957,58.39,31.0,42.8,11.2,162
Bangalore,2022-12-23,84.5,154.21,73.61,25.75,2.304,59.23,5.8,76.6,4.0,500
Patna,2022-03-05,95.08,169.34,50.67,24.68,1.868,49.21,28.3,43.0,11.4,171
Mumbai,2020-08-24,26.82,79.36,21.55,11.28,1.226,67.74,36.8,75.1,7.9,84
Patna,2024-12-22,142.3,217.42,76.19,43.47,3.511,31.11,16.8,56.7,7.8,200
Patna,2021-07-28,71.91,110.79,31.42,15.8,2.186,58.62,30.4,67.9,9.0,166
Kolkata,2020-11-22,158.65,231.47,101.3,39.85,3.719,44.31,25.1,46.6,1.7,210
Patna,2022-01-08,162.51,266.0,92.35,39.44,3.365,32.26,29.6,67.0,4.3,218
Kanpur,2022-11-28,111.07,147.13,53.91,28.73,2.473,51.91,25.6,46.7,11.5,180
Meerut,2021-03-25,70.47,110.11,36.91,23.03,1.915,51.09,35.4,49.2,12.5,150
Pune,2024-08-25,18.41,38.13,14.44,12.92,0.602,62.3,34.1,80.0,14.2,65
Nagpur,2023-06-23,62.03,121.93,36.8,16.65,1.381,65.83,29.6,78.8,10.1,146
Ahmedabad,2020-09-07,41.15,106.65,29.38,15.21,1.443,60.07,27.6,84.3,13.7,112
Faridabad,2020-07-09,71.27,119.66,52.42,18.95,1.175,44.18,23.8,98.2,6.4,159
Agra,2023-08-30,44.55,93.94,32.22,8.46,1.055,46.82,32.2,72.2,12.7,126
Bhopal,2022-04-16,37.23,86.79,31.33,19.53,1.455,57.85,42.7,29.5,13.8,110
Patna,2023-02-09,106.99,176.07,47.84,29.78,3.378,53.69,13.0,67.5,10.1,176
Agra,2020-03-07,67.29,136.2,43.52,31.21,2.009,53.26,33.4,52.6,9.3,154
Patna,2022-04-27,100.54,184.52,52.86,31.18,2.793,49.63,25.0,39.9,8.6,175
Kolkata,2021-11-09,120.36,200.3,85.8,34.34,3.021,49.34,31.4,44.7,8.5,190
Bhopal,2020-03-06,57.03,96.87,40.58,14.33,2.144,68.5,22.3,35.6,8.1,154
Lucknow,2020-11-24,115.44,161.66,65.21,27.91,2.635,43.86,34.6,59.3,8.7,182
Ludhiana,2024-08-13,59.19,88.67,29.38,26.22,1.021,60.65,29.9,90.0,13.8,155
Kolkata,2021-11-03,93.28,148.82,68.35,22.49,2.752,50.51,17.7,59.4,14.1,167
Lucknow,2023-06-13,46.37,70.71,25.5,10.35,1.006,52.02,28.2,78.9,18.3,128
Hyderabad,2022-10-25,50.54,84.43,32.03,17.35,1.323,57.2,18.8,56.5,10.8,131
Faridabad,2020-06-01,41.99,74.23,30.5,12.77,1.283,48.8,32.5,89.8,18.1,118
Meerut,2023-06-11,47.04,56.5,17.36,13.92,1.218,46.08,25.8,88.8,12.3,128
Meerut,2020-12-29,139.31,208.47,72.2,39.88,3.342,41.86,12.8,64.5,6.6,185
Indore,2024-11-21,107.37,191.9,74.73,34.43,2.804,44.47,22.5,51.1,2.9,176
Nashik,2020-07-01,19.49,36.1,5.0,5.91,0.2,73.47,26.6,88.6,18.5,66
Bhopal,2021-10-17,48.79,106.04,32.38,15.74,1.396,92.51,38.1,51.6,6.0,137
Indore,2024-04-25,53.59,114.9,43.73,13.37,2.092,55.99,28.6,45.6,6.7,146
Jaipur,2022-05-07,79.64,128.38,30.18,17.22,1.975,66.9,27.5,49.5,11.1,161
Bangalore,2023-05-07,41.85,58.15,37.94,16.96,0.801,68.41,32.8,34.7,12.2,117
Meerut,2022-02-14,139.13,232.13,92.71,40.38,3.462,31.11,20.7,60.7,6.2,188
Ludhiana,2021-06-01,44.17,64.98,14.06,9.03,0.835,62.77,29.5,88.2,15.5,122
Pune,2022-05-05,37.14,109.58,30.79,15.69,0.571,58.2,28.2,34.7,10.8,100
Kanpur,2022-03-27,80.25,157.68,57.18,21.98,1.847,48.29,32.9,32.7,10.0,164
Ludhiana,2022-06-16,47.87,68.19,24.18,15.29,1.087,58.05,29.0,85.0,15.2,130
Meerut,2022-10-01,93.37,165.54,49.95,29.18,1.862,29.71,24.3,53.8,8.3,178
Ludhiana,2020-10-01,74.4,133.22,53.73,28.24,2.003,46.19,18.1,50.6,5.1,161
Ludhiana,2022-02-11,130.13,224.24,80.74,33.98,3.084,47.76,13.7,60.6,4.9,187
Lucknow,2023-03-23,85.15,115.0,54.37,24.62,2.35,33.91,35.2,31.6,7.8,167
Delhi,2021-05-20,81.33,142.86,57.36,25.26,2.286,42.64,25.4,37.7,13.2,167
Meerut,2022-09-05,54.67,68.11,30.36,12.84,1.289,58.79,36.4,80.3,11.5,149
Bangalore,2022-06-24,26.59,52.7,19.75,9.05,1.044,82.18,29.9,91.1,11.5,78
Agra,2020-08-28,57.77,118.06,29.87,21.49,0.737,46.22,28.7,90.9,9.2,159
Bhopal,2020-01-08,67.82,126.99,46.75,21.56,1.593,56.72,17.5,79.9,11.0,154
Ludhiana,2023-03-24,71.12,97.75,37.98,17.19,1.383,53.05,23.7,51.5,13.2,169
Bangalore,2021-09-17,35.41,75.25,32.59,12.89,0.783,80.96,29.6,74.3,9.6,500
Faridabad,2020-09-05,73.22,104.75,43.53,4.6,1.441,44.33,32.2,80.6,11.2,156
Bangalore,2024-02-13,64.95,111.62,57.0,28.96,1.603,66.38,14.1,73.2,4.1,160
Ludhiana,2023-07-13,30.66,64.97,21.4,14.17,0.855,54.09,24.8,84.0,15.9,90
Hyderabad,2023-07-14,58.95,71.42,25.57,7.17,1.003,65.32,31.3,77.8,7.8,144
Indore,2021-04-28,64.86,98.6,36.31,14.16,1.979,64.14,28.1,38.7,10.7,151
Faridabad,2020-04-17,67.54,126.52,39.05,18.54,1.982,51.38,33.1,38.1,10.5,159
Jaipur,2022-02-02,92.02,199.0,65.99,34.51,2.965,49.71,13.7,65.2,7.3,167
Chennai,2021-05-04,26.33,66.99,34.48,16.8,1.518,65.01,34.5,46.4,11.2,82
Faridabad,2024-10-16,100.4,179.78,63.14,28.8,2.224,32.17,33.9,52.8,6.8,177
Ludhiana,2020-01-10,116.51,177.02,62.81,27.27,2.569,49.42,18.4,73.2,7.3,186
Hyderabad,2022-04-30,45.78,105.46,30.73,17.07,1.038,64.38,33.8,35.1,8.0,125
Lucknow,2021-05-27,108.75,189.91,58.98,23.65,2.215,54.96,32.0,55.4,8.0,184
Faridabad,2021-05-15,71.79,137.89,57.94,28.71,1.942,36.41,29.2,60.3,13.9,159
Faridabad,2024-10-08,52.94,112.73,26.06,15.72,1.043,39.37,24.7,79.1,16.7,157
Bangalore,2020-07-05,24.56,62.02,22.28,3.05,0.589,82.31,26.2,87.7,13.6,79
Indore,2022-04-10,41.11,51.37,36.29,6.15,1.304,42.83,43.7,10.5,15.5,110
Jaipur,2022-04-21,53.5,101.27,38.98,20.63,1.45,42.98,42.4,32.1,11.0,142
Bangalore,2020-11-01,68.41,148.93,60.1,38.3,2.336,56.14,26.5,66.0,4.7,156
Pune,2022-05-31,17.89,40.49,28.86,14.35,0.2,68.16,26.8,31.7,18.8,63
Chennai,2022-08-27,11.85,37.54,9.9,6.28,0.749,63.92,33.0,70.6,18.1,46
Nashik,2020-10-08,43.51,58.61,26.1,16.4,0.927,73.38,17.8,54.5,11.3,123
Bangalore,2023-09-21,24.02,44.38,25.12,13.48,0.706,70.16,25.4,67.5,11.3,80
Faridabad,2021-06-18,53.29,85.11,29.89,11.1,0.949,48.86,28.4,82.3,13.5,145
Faridabad,2020-03-04,61.0,152.91,45.9,20.27,1.824,35.39,29.7,40.6,12.8,153
Patna,2023-03-03,76.0,101.23,41.59,17.82,1.455,31.92,31.9,22.4,14.3,157
Kolkata,2022-08-09,43.07,71.04,35.01,11.11,1.072,83.03,35.1,61.4,12.1,120
Nagpur,2021-02-28,98.45,212.2,57.99,25.68,2.666,38.44,24.8,88.3,6.3,173
Nashik,2020-09-01,33.21,47.18,25.5,2.24,1.189,53.36,27.4,90.4,15.0,89
Meerut,2024-06-03,60.0,79.53,30.98,12.17,1.063,63.83,36.4,76.8,13.0,147
Delhi,2024-09-22,70.23,154.09,36.36,21.99,1.877,52.35,30.1,68.4,12.8,500
Faridabad,2021-02-14,192.07,310.52,107.22,51.45,4.108,29.52,14.4,80.0,0.5,241
Ahmedabad,2023-06-13,57.35,92.08,25.33,14.64,1.285,54.95,32.4,87.2,11.4,149
Mumbai,2023-03-15,69.12,87.73,66.98,14.22,1.664,58.17,33.1,37.0,9.3,160
Agra,2024-11-30,105.17,156.66,62.81,31.65,2.786,45.83,15.9,69.2,9.7,184
Jaipur,2023-07-16,43.98,81.39,20.65,6.31,0.496,57.45,29.3,75.6,11.2,120
Hyderabad,2024-03-08,57.84,101.13,58.65,16.08,2.316,56.53,39.8,44.7,4.9,147
Kolkata,2024-12-18,131.17,234.64,96.64,38.09,3.555,34.68,12.0,52.2,5.9,192
Delhi,2020-05-22,97.54,156.32,59.53,19.1,1.744,44.31,26.6,44.8,9.3,177
Bangalore,2023-11-14,40.76,87.34,41.08,17.59,1.228,63.73,30.0,41.0,13.0,118
Ahmedabad,2024-02-08,109.64,199.05,63.18,40.1,2.661,44.62,15.4,82.7,8.4,177
Bhopal,2020-02-02,111.83,172.82,72.89,25.16,2.782,37.03,27.7,59.7,4.7,180
Kolkata,2022-02-15,159.2,284.69,88.06,43.28,4.083,48.86,15.4,90.4,1.4,210
Indore,2024-07-10,63.2,92.38,32.27,16.51,1.844,69.56,31.2,92.7,2.1,158
Nashik,2023-03-26,36.64,47.13,35.18,11.33,1.216,65.21,18.6,50.1,10.8,96
Faridabad,2024-06-28,44.35,69.53,38.0,14.39,1.5,32.43,31.2,76.9,14.7,119
Ahmedabad,2020-02-13,118.79,256.63,89.57,48.67,3.307,31.51,9.2,63.1,4.2,184
Hyderabad,2023-04-09,45.71,67.22,27.48,13.82,1.318,45.44,37.2,43.3,11.8,121
Pune,2024-03-04,65.76,94.31,47.6,14.82,1.791,78.97,27.0,26.5,9.4,156
Mumbai,2022-05-17,57.55,98.95,49.38,14.67,1.669,71.6,31.5,43.9,7.8,154
Hyderabad,2021-12-07,112.31,163.19,69.23,34.01,2.937,44.37,11.7,62.3,5.0,176
Kolkata,2022-02-25,171.4,263.84,90.86,44.2,3.663,36.77,-4.5,84.3,2.1,222
Delhi,2024-10-30,128.84,224.73,88.99,27.06,3.086,47.05,27.8,61.2,5.6,189
Bhopal,2023-02-01,87.8,163.56,52.51,24.04,2.303,64.05,21.9,73.4,5.0,175
Jaipur,2021-07-31,14.88,57.37,16.27,11.62,1.014,54.89,29.7,72.4,21.2,59
Chennai,2021-05-14,48.27,74.75,37.47,20.78,1.844,58.63,33.9,42.4,10.1,125
Bangalore,2021-09-14,31.62,90.35,31.27,10.36,0.786,86.93,34.7,66.6,6.3,92
Nashik,2021-05-15,43.67,80.42,36.41,18.87,1.31,56.3,30.5,37.5,7.0,120
Meerut,2020-03-07,36.14,62.07,22.02,5.18,0.734,55.58,29.7,30.0,18.5,102
Patna,2023-05-01,80.2,107.02,55.74,20.71,2.306,31.96,29.3,42.6,11.8,161
Bhopal,2024-04-17,53.72,99.15,40.35,19.58,1.394,52.45,34.7,33.4,8.3,148
Indore,2022-02-22,119.58,223.65,70.43,36.13,2.801,55.16,15.7,65.2,2.8,180
Kanpur,2024-12-30,161.58,254.98,100.18,50.25,4.075,57.63,15.1,64.6,7.7,500
Lucknow,2020-10-28,87.19,174.54,43.64,19.43,2.61,41.6,22.0,54.8,8.7,168
Agra,2024-02-05,137.95,211.72,86.36,31.99,3.796,46.21,13.5,60.8,4.0,191
Patna,2023-12-10,152.53,264.55,82.08,35.32,4.433,53.98,8.7,67.4,1.2,199
Indore,2020-05-10,41.22,66.68,23.1,3.43,0.779,66.87,26.9,36.0,17.9,113
Nashik,2020-01-18,85.0,117.92,43.41,22.45,2.523,59.75,22.0,63.9,5.3,163
Chennai,2021-04-04,57.55,98.78,43.18,23.74,1.761,62.91,36.9,27.0,6.4,155
Agra,2023-12-27,140.74,217.1,80.45,42.04,3.503,57.73,19.6,76.9,5.4,197
Patna,2023-11-18,144.47,209.27,79.36,33.79,3.031,39.37,30.3,36.7,5.9,201
Chennai,2020-01-21,122.64,204.37,80.87,35.12,3.048,59.5,28.2,71.0,0.5,179
Faridabad,2022-08-06,71.69,133.08,36.28,19.24,1.716,49.06,30.5,85.1,10.5,163
Kanpur,2020-09-19,64.24,90.59,39.04,20.35,1.472,36.48,29.9,72.0,11.9,164
Kolkata,2022-07-21,37.01,59.63,20.44,12.59,0.708,64.27,32.5,78.7,18.8,100
Lucknow,2020-11-23,86.9,177.23,58.42,26.03,2.634,42.0,17.6,51.0,11.4,164
Ludhiana,2021-10-18,62.49,115.82,45.28,22.59,1.661,59.62,25.1,40.7,7.8,148
Kolkata,2021-06-27,24.85,36.68,13.92,8.43,0.774,48.76,32.9,85.4,13.8,83
Bangalore,2022-08-21,12.87,43.35,5.0,4.14,0.628,87.12,34.6,87.7,16.1,56
Bangalore,2023-11-29,72.62,137.73,58.27,19.65,1.932,56.33,13.3,58.2,4.3,160
Bangalore,2020-12-21,58.77,123.89,54.56,20.83,1.674,54.66,10.0,61.7,6.3,148
Delhi,2020-12-31,177.75,311.1,99.73,30.17,3.444,23.02,16.7,94.9,8.2,227
Patna,2022-11-01,165.08,281.42,99.43,43.9,3.916,25.13,18.1,62.1,5.6,213
Bangalore,2020-11-17,38.71,65.94,33.08,10.94,1.282,51.49,30.7,46.1,14.9,114
Jaipur,2023-08-16,46.7,113.46,22.37,16.34,1.422,61.27,29.9,85.9,13.3,123
Kanpur,2023-08-14,58.3,125.6,41.79,19.62,1.906,53.56,30.0,79.3,13.3,151
Kolkata,2020-11-28,78.46,110.4,57.1,26.02,2.298,49.03,20.8,52.2,14.6,171
Indore,2023-09-17,14.78,70.5,12.73,5.02,0.937,60.51,33.7,71.3,17.5,67
Ludhiana,2022-04-09,79.29,112.33,35.06,15.43,1.761,39.88,33.0,46.8,9.3,170
Mumbai,2023-09-29,36.85,69.74,27.61,15.73,1.108,48.87,34.1,74.8,10.8,102
Patna,2021-12-26,114.12,172.22,62.72,28.4,3.183,39.92,15.6,50.7,8.3,176
Delhi,2024-01-06,169.03,253.38,101.41,32.47,3.483,38.26,14.4,50.3,5.6,218
Bangalore,2022-04-16,47.49,83.39,40.21,11.65,1.643,57.82,26.8,43.7,8.9,126
Chennai,2020-05-07,57.44,66.28,35.55,18.38,1.676,77.64,30.1,43.2,11.8,156
Pune,2023-10-04,35.82,95.25,40.74,14.51,0.958,63.85,29.6,42.3,7.6,99
Indore,2024-12-23,84.26,171.16,62.39,19.1,2.122,53.03,13.1,80.7,7.9,166
Indore,2020-01-14,82.43,161.0,60.15,21.13,1.775,42.3,17.9,81.5,10.2,165
Hyderabad,2023-08-28,25.54,84.42,13.53,16.38,0.962,69.76,33.3,88.1,8.9,80
Agra,2024-03-29,84.77,117.82,46.52,22.83,1.952,40.2,32.3,44.7,10.0,162
Indore,2021-12-13,62.85,136.08,48.81,22.27,2.522,50.85,24.4,51.0,9.4,147
Nagpur,2023-05-07,61.74,116.63,43.4,18.51,1.567,47.6,23.1,51.8,11.1,156
Kolkata,2023-02-15,140.47,243.75,95.34,38.04,3.317,39.91,15.6,64.8,5.2,193
Bangalore,2021-01-02,68.92,134.84,67.46,24.74,2.295,54.28,15.2,62.3,5.9,157
Patna,2024-10-07,109.54,156.63,56.16,17.63,2.304,42.4,20.2,66.2,10.7,183
Agra,2022-02-03,125.54,221.58,77.44,31.93,2.777,41.53,16.8,60.6,6.5,179
Nashik,2023-03-06,52.2,126.18,34.73,20.15,1.051,57.25,37.1,48.1,8.1,146
Delhi,2022-07-13,44.33,90.45,22.0,7.27,1.214,47.39,21.3,82.3,15.1,123
Jaipur,2021-01-28,114.14,222.05,58.9,33.85,3.345,40.67,16.7,65.2,8.4,180
Nashik,2020-02-04,82.36,114.8,54.48,24.65,1.591,63.67,16.9,70.2,7.1,165
Meerut,2022-10-13,65.65,80.71,44.6,18.96,1.928,49.53,19.1,66.9,9.5,156
Nashik,2021-07-22,33.92,52.1,15.76,8.16,1.011,65.67,27.0,74.8,8.1,95
Faridabad,2023-12-06,139.51,211.86,88.2,39.21,3.304,36.9,3.8,71.5,6.6,196
Delhi,2022-11-05,143.11,230.97,85.44,39.11,3.695,26.06,16.8,43.9,7.6,203
Lucknow,2024-03-10,88.1,97.42,43.62,15.45,1.744,41.12,30.0,40.2,9.7,171
Pune,2023-12-08,78.88,131.21,47.96,22.68,1.386,52.09,15.6,68.6,7.7,159
Lucknow,2024-03-29,88.09,140.22,40.97,14.8,2.071,43.45,25.9,57.5,8.5,168
Delhi,2023-10-25,53.01,93.18,40.09,10.19,1.663,55.76,24.0,65.0,15.6,146
Hyderabad,2022-11-05,59.11,132.41,48.91,24.16,1.698,57.58,26.0,32.2,9.2,155
Lucknow,2020-06-16,37.52,89.16,10.36,9.15,0.721,60.94,28.6,75.0,16.0,111
Kolkata,2020-04-04,76.0,98.23,53.02,31.28,2.312,66.16,27.1,20.4,8.0,163
Faridabad,2024-08-13,83.16,122.61,51.28,21.6,1.824,40.27,33.1,79.7,10.1,170
Agra,2021-03-23,75.55,133.59,53.19,29.53,2.357,42.89,34.1,41.2,4.3,160
Indore,2022-09-28,29.68,83.02,22.88,7.85,0.85,60.4,35.3,80.0,18.8,87
Kanpur,2023-04-27,116.09,180.89,78.04,28.33,3.026,49.23,35.5,41.3,7.1,181
Meerut,2020-06-30,44.25,57.79,26.72,18.69,1.044,62.62,29.9,67.2,8.2,123
Meerut,2022-02-13,120.27,216.0,74.54,43.8,3.324,39.63,22.9,64.4,7.0,184
Jaipur,2022-06-19,53.85,92.82,17.07,14.92,1.227,57.81,29.2,77.9,14.1,151
Mumbai,2020-01-08,74.47,134.27,70.0,25.17,2.306,48.18,18.8,60.3,8.2,161
Patna,2020-06-14,28.15,69.54,14.52,8.68,0.961,60.41,23.4,72.5,18.3,83
Patna,2021-01-28,152.88,258.19,96.82,33.69,3.168,43.17,15.3,88.4,6.8,202
Agra,2020-05-01,76.44,134.85,42.9,22.42,2.104,37.74,35.8,38.3,13.1,167
Ahmedabad,2020-02-21,94.71,180.04,56.01,28.78,2.673,59.92,10.6,44.5,6.8,171
Delhi,2022-07-18,69.93,114.42,46.14,13.05,1.123,62.59,31.5,98.3,9.8,157
Nashik,2020-02-24,51.65,100.09,45.83,22.83,1.35,54.92,18.0,60.1,6.8,134
Bhopal,2021-09-12,43.95,90.85,33.04,17.74,1.261,75.04,27.2,83.7,5.1,122
Pune,2022-05-23,39.45,84.17,39.9,15.47,1.688,75.03,26.7,48.5,8.9,106
Patna,2023-08-23,73.6,107.33,43.0,14.18,2.029,60.8,29.8,87.8,10.7,161
Kolkata,2021-06-30,39.99,22.42,24.74,5.23,0.617,55.44,28.3,71.2,23.2,109
Hyderabad,2022-07-03,9.82,36.24,5.0,7.66,0.851,66.96,28.9,64.8,26.6,36
Indore,2023-09-22,62.94,75.42,27.6,13.7,0.75,54.28,31.0,78.7,6.5,156
Ludhiana,2024-01-04,132.64,229.83,71.08,40.57,2.771,43.82,16.0,59.0,1.3,199
Bangalore,2021-02-09,64.12,117.11,75.86,21.22,1.928,64.53,17.1,55.2,6.6,152
Chennai,2022-03-09,61.97,94.8,33.88,21.9,1.317,62.51,29.1,49.7,11.1,154
Ludhiana,2021-12-14,139.28,229.15,75.77,30.82,3.092,49.36,10.7,71.8,6.6,200
Nagpur,2022-05-07,68.59,122.68,30.93,9.51,1.52,62.88,31.3,60.9,7.8,165
Meerut,2020-05-18,104.94,138.01,46.32,21.63,1.692,50.13,29.1,29.5,8.6,171
Chennai,2020-07-27,50.94,89.42,30.08,11.77,1.395,73.37,27.9,85.8,3.6,138
Kolkata,2024-06-30,67.12,76.44,31.49,20.55,1.072,64.55,31.8,57.3,9.9,162
Kanpur,2024-01-16,167.1,262.33,89.35,42.82,3.668,35.99,8.2,60.9,5.0,213
Kanpur,2023-01-31,129.65,258.93,86.74,43.16,4.228,40.2,15.1,49.9,6.2,181
Meerut,2022-07-03,53.33,105.82,33.08,13.45,0.985,50.29,31.9,96.2,9.3,146
Kolkata,2022-04-04,82.07,118.66,58.65,14.7,1.562,56.85,37.2,11.5,9.1,172
Ludhiana,2021-09-15,50.89,82.32,29.92,3.02,0.914,64.85,29.5,86.5,10.1,147
Bangalore,2024-10-27,45.0,69.13,25.84,16.25,1.424,77.59,23.6,69.2,5.6,118
Meerut,2021-11-20,116.04,164.11,57.8,27.8,2.833,35.68,25.8,62.3,10.1,181
Meerut,2021-10-24,65.24,116.65,50.66,27.09,1.892,38.0,28.9,47.5,9.8,155
Mumbai,2021-03-21,48.13,80.4,49.32,14.49,2.155,37.4,33.6,41.3,9.0,131
Chennai,2021-09-03,30.43,49.64,21.54,9.74,0.774,70.24,29.2,79.6,13.1,86
Bhopal,2020-04-09,52.39,97.01,29.53,16.58,0.968,68.84,31.7,48.5,10.1,143
Mumbai,2020-05-25,55.05,52.16,41.51,21.52,1.294,49.86,22.7,50.3,11.3,146
Kanpur,2023-03-23,100.73,169.94,62.82,32.43,2.574,39.54,32.0,55.9,9.0,177
Kolkata,2021-03-13,77.98,139.17,43.04,24.4,1.557,40.26,27.0,45.2,12.6,160
Patna,2022-09-01,31.82,91.01,23.99,10.9,0.708,58.7,25.2,87.5,19.3,85
Agra,2021-03-22,46.64,50.79,29.86,15.31,1.03,48.32,31.9,45.2,16.8,128
Meerut,2022-12-13,151.72,271.82,87.89,39.65,3.104,54.98,13.6,86.5,1.0,202
Nagpur,2023-07-12,10.66,44.34,11.44,9.39,0.469,82.09,32.4,78.1,20.8,48
Kolkata,2022-04-16,92.45,95.39,47.75,12.45,1.918,51.76,35.8,40.0,13.3,170
Chennai,2022-12-29,65.27,98.57,61.88,23.44,2.231,65.53,15.7,55.5,7.9,157
Kolkata,2020-09-30,45.01,83.35,23.85,19.54,0.777,55.08,28.8,81.6,13.9,119
Faridabad,2021-11-02,143.94,219.87,70.56,33.06,2.751,34.28,25.4,46.5,8.8,197
Lucknow,2021-12-20,143.81,246.02,81.56,32.07,2.992,39.21,13.1,95.2,7.2,196
Bhopal,2023-12-11,87.25,188.31,58.85,19.47,2.34,40.44,17.5,72.7,8.0,165
Meerut,2024-12-20,112.68,149.88,68.17,24.11,2.857,40.95,21.9,48.1,9.7,174
Meerut,2021-07-17,66.04,93.96,14.8,15.15,1.197,45.68,32.4,77.2,11.8,157
Ludhiana,2023-07-20,52.65,70.62,33.34,9.13,0.969,48.73,33.5,78.0,12.9,147
Mumbai,2020-10-14,81.01,112.2,66.74,31.43,1.97,54.61,29.8,42.5,3.1,165
Jaipur,2022-06-24,25.72,69.55,14.95,4.39,0.465,64.52,27.4,87.0,15.5,84
Kanpur,2020-10-08,91.98,132.44,63.69,31.04,2.301,45.96,28.4,55.0,8.8,166
Agra,2024-04-08,86.34,117.54,39.15,17.6,2.211,36.79,37.1,46.1,12.3,173
Bhopal,2020-02-03,94.34,174.49,66.15,28.29,2.946,55.96,4.4,62.1,4.2,175
Patna,2024-05-03,89.98,151.63,50.71,19.65,2.537,21.36,30.4,59.7,8.7,166
Hyderabad,2020-04-15,43.35,65.84,20.3,11.01,1.699,66.71,27.9,33.6,13.0,127
Ahmedabad,2021-02-28,128.16,250.2,64.99,34.17,3.162,45.29,11.7,68.0,5.1,185
Bhopal,2020-05-17,43.01,68.58,32.03,19.93,1.726,47.42,32.3,40.1,11.3,122
Agra,2021-01-15,140.34,248.61,81.73,36.76,3.942,26.73,25.6,54.2,6.0,190
Chennai,2020-02-22,69.09,177.52,65.03,27.0,2.34,54.06,8.4,47.3,8.9,155
Bangalore,2020-04-03,24.31,55.35,38.23,9.28,0.909,66.14,32.3,42.1,11.7,74
Nagpur,2021-02-17,77.08,188.05,76.66,32.25,1.863,48.42,15.3,72.5,6.0,162
Nagpur,2023-01-31,117.98,205.51,79.75,31.97,2.501,45.16,5.5,65.6,4.3,182
Pune,2022-05-18,45.0,90.84,39.06,19.33,1.478,79.43,30.9,47.7,6.6,120
Jaipur,2024-06-18,44.18,99.97,22.94,9.34,1.353,59.98,33.7,82.4,12.8,120
Bangalore,2023-05-05,44.6,55.54,31.52,12.68,1.237,67.19,34.9,37.3,13.5,123
Pune,2021-10-02,65.37,113.43,46.14,20.91,2.315,54.87,23.6,56.8,5.7,152
Mumbai,2022-06-26,17.81,51.51,16.13,4.0,0.247,60.97,27.1,71.3,18.8,70
Ludhiana,2022-03-21,89.13,149.89,68.66,27.06,2.706,49.81,32.3,36.0,3.1,174
Patna,2022-02-27,154.7,264.52,96.33,43.57,3.217,37.98,10.8,58.8,4.2,201
Chennai,2021-03-10,51.77,81.12,48.37,11.46,0.969,62.87,34.0,54.5,11.4,137
Mumbai,2022-07-20,11.51,29.86,5.0,3.87,0.458,68.32,35.1,88.0,20.8,48
Bangalore,2023-02-16,63.55,169.21,58.83,22.73,1.822,61.69,17.3,96.2,8.8,155
Ludhiana,2021-09-06,54.51,75.21,44.23,13.91,1.293,73.59,31.1,80.5,9.9,144
Nagpur,2021-02-02,116.08,177.87,76.22,36.98,3.113,44.8,14.3,61.8,5.0,191
Jaipur,2024-09-10,45.19,79.17,25.46,7.79,0.709,48.12,30.4,81.6,13.9,125
Agra,2020-10-16,62.33,102.01,39.69,25.13,1.64,50.77,16.3,39.4,11.7,165
Kanpur,2023-03-18,104.56,120.84,49.55,30.58,2.322,35.05,29.5,30.0,10.0,174
Agra,2020-05-09,80.12,162.61,66.02,28.36,2.152,38.12,26.9,27.1,6.8,161
Nagpur,2024-01-01,133.19,200.38,74.93,28.82,2.834,65.17,7.5,59.9,0.5,192
Ludhiana,2023-08-14,47.49,87.65,37.39,16.05,0.95,50.7,29.7,76.6,11.0,133
Bangalore,2020-09-15,28.22,56.29,24.03,4.76,0.777,72.1,30.3,84.0,6.1,84
Bhopal,2020-03-21,45.87,68.71,36.88,11.28,1.572,63.62,32.6,44.2,9.8,127
Hyderabad,2022-02-06,58.31,157.07,53.35,30.78,1.753,38.52,9.8,71.0,8.9,150
Kanpur,2020-03-25,80.49,122.09,57.31,25.47,2.439,38.03,32.3,36.6,9.1,161
Ahmedabad,2024-06-05,54.17,78.71,20.64,7.94,1.539,48.4,29.0,88.1,12.6,150
Faridabad,2023-02-06,99.53,203.16,59.99,30.74,2.004,40.99,13.9,89.6,10.7,170
Delhi,2023-08-09,60.0,53.6,29.29,8.01,0.933,72.55,22.4,77.7,18.4,146
Meerut,2022-12-14,119.67,190.49,72.44,38.5,3.559,30.17,21.3,39.5,7.9,184
Pune,2023-02-24,95.65,172.73,76.29,31.55,2.311,60.23,27.2,85.2,4.0,166
Delhi,2020-11-23,167.21,261.06,96.9,43.15,4.43,28.57,31.6,60.4,5.9,220
Bhopal,2023-03-12,49.44,106.56,23.85,12.77,0.922,74.79,31.7,42.0,12.1,133
Faridabad,2023-04-27,94.19,151.48,56.18,31.08,1.746,44.58,35.1,40.9,9.1,171
Bangalore,2021-06-01,22.88,10.0,24.3,7.82,0.733,72.95,31.3,68.4,16.4,77
Nagpur,2021-10-27,56.42,124.53,39.06,20.46,1.056,52.19,24.4,76.8,10.9,158
Ahmedabad,2020-02-02,154.44,265.72,83.73,51.2,3.801,46.2,3.2,62.7,0.5,206
Lucknow,2021-03-30,63.04,113.86,38.13,21.11,1.657,36.31,23.4,33.0,12.7,154
Hyderabad,2023-09-21,20.94,57.56,20.92,9.2,0.513,70.83,27.2,100.0,14.6,70
Lucknow,2023-05-07,72.05,136.01,44.05,22.15,1.939,46.17,34.0,35.7,11.0,163
Ludhiana,2024-07-30,67.9,75.67,29.42,9.33,1.466,60.15,26.7,90.5,10.4,163
Indore,2022-01-22,88.22,161.91,54.85,31.68,2.316,49.39,18.1,77.6,7.0,175
Faridabad,2021-06-26,55.89,98.87,46.41,22.32,1.505,41.95,31.0,76.0,14.5,151
Mumbai,2020-07-17,10.56,24.44,17.81,6.38,0.287,70.39,26.1,84.6,15.8,45
Meerut,2023-06-06,68.19,104.87,32.59,12.42,1.355,45.52,27.7,86.3,12.5,150
Chennai,2021-11-29,82.07,122.1,52.65,21.62,2.346,49.08,31.3,39.8,8.0,169
Ahmedabad,2020-03-29,47.95,110.07,48.02,19.42,1.91,54.73,31.1,44.2,13.0,136
Bangalore,2023-04-17,23.89,96.64,38.65,17.78,1.226,78.86,26.5,47.5,10.4,75
Ahmedabad,2021-11-14,105.16,208.48,57.43,32.32,2.8,47.99,23.9,52.8,10.6,185
Bhopal,2024-04-08,36.24,123.9,31.35,18.0,1.183,55.09,34.4,33.7,12.6,106
Indore,2023-03-18,62.35,102.54,42.6,11.14,1.72,64.78,31.8,36.3,7.3,158
Lucknow,2020-08-15,74.97,94.91,37.56,16.26,0.986,47.46,24.4,82.6,11.1,162
Patna,2021-05-30,99.99,147.13,67.18,28.8,2.599,35.92,28.1,32.1,4.6,176
Meerut,2022-04-27,31.28,95.34,37.65,7.65,1.604,29.19,33.5,33.5,16.4,88
Lucknow,2021-01-26,158.42,260.68,79.42,40.02,3.42,36.26,10.3,94.9,5.2,213
Chennai,2024-02-13,62.59,150.99,69.63,22.8,1.883,56.05,7.5,61.4,6.3,153
Meerut,2023-12-08,148.82,210.31,72.23,41.13,3.369,27.55,23.8,94.7,5.6,206
Indore,2021-01-13,136.48,237.16,74.89,37.33,2.808,38.46,17.4,88.7,1.9,185
Faridabad,2020-12-10,167.99,275.7,101.29,43.19,3.815,35.9,17.3,66.6,7.5,215
Kanpur,2023-08-06,52.93,87.61,30.27,9.65,1.105,51.61,28.5,84.2,14.1,138
Hyderabad,2024-11-06,83.01,151.92,47.67,20.9,1.996,62.5,23.1,56.6,9.0,161
Chennai,2023-08-25,17.82,88.05,16.77,11.23,0.248,72.21,31.3,83.5,11.0,67
Bangalore,2023-12-28,87.99,149.16,59.71,24.55,2.285,54.58,7.4,92.6,2.1,164
Ludhiana,2024-06-16,26.43,48.62,19.88,8.85,0.737,53.8,28.9,71.4,17.6,76
Patna,2020-10-11,103.36,174.28,61.64,30.29,2.836,52.69,16.9,59.0,6.0,170
Nashik,2022-03-01,45.0,78.14,40.4,14.69,1.09,71.33,34.8,47.7,8.8,121
Pune,2023-05-12,39.77,74.7,25.43,16.24,1.566,72.34,31.9,40.9,7.5,111
Mumbai,2021-11-07,89.93,171.55,71.99,37.63,2.922,56.21,19.2,51.9,7.2,167
Meerut,2023-01-20,138.53,249.3,91.71,32.26,3.673,47.47,19.0,59.1,6.6,198
Bhopal,2022-12-28,102.27,166.84,64.61,31.16,2.368,50.76,18.9,80.9,7.3,169
Kanpur,2024-05-16,113.29,173.24,75.75,24.75,3.034,43.13,33.6,33.9,6.7,180
Meerut,2024-07-29,29.97,64.13,18.31,4.38,0.252,41.72,28.2,74.8,18.4,85
Kolkata,2024-06-26,49.42,75.77,38.82,10.69,0.684,57.0,25.0,76.0,15.1,134
Kanpur,2023-12-23,177.33,294.52,99.17,42.94,3.606,45.11,14.5,89.5,3.6,226
Kanpur,2024-05-19,80.98,94.39,52.83,28.74,1.982,45.49,34.9,42.1,13.9,164
Faridabad,2021-01-01,152.26,241.32,87.57,41.02,3.745,30.06,15.8,71.5,7.6,206
Mumbai,2021-01-15,115.18,156.9,81.56,28.09,2.683,46.07,29.7,63.5,1.5,185
Ahmedabad,2023-08-19,52.8,38.26,30.33,15.7,1.14,32.33,30.2,82.5,12.9,150
Chennai,2021-10-22,54.01,97.38,45.29,11.9,1.272,72.06,24.5,50.0,8.0,149
Mumbai,2022-04-13,52.43,89.5,46.41,18.25,2.112,74.7,31.9,34.5,11.8,144
Faridabad,2020-01-26,205.69,321.23,121.48,49.19,4.076,34.81,9.5,85.0,2.0,254
Jaipur,2021-10-09,69.24,145.74,30.08,25.09,1.258,62.53,26.0,52.3,9.9,156
Agra,2020-11-19,89.93,126.43,60.93,25.39,2.554,62.92,26.4,44.1,14.5,174
Meerut,2021-11-28,140.45,222.5,91.4,35.16,3.585,27.26,15.6,54.0,6.9,191
Nashik,2024-06-13,9.89,22.28,5.0,2.0,0.917,70.53,27.8,78.9,13.1,37
Ahmedabad,2024-11-29,113.4,214.15,57.86,33.2,2.85,30.3,24.5,71.0,8.6,187
Delhi,2020-06-10,58.16,95.55,55.67,14.49,1.534,58.66,25.9,72.5,16.1,155
Hyderabad,2021-08-12,11.07,53.82,28.03,5.4,0.93,78.16,32.9,79.0,16.9,53
Patna,2021-04-18,78.4,80.9,35.88,21.35,2.364,45.6,18.9,46.7,13.0,168
Kanpur,2020-07-17,82.07,121.57,36.07,18.42,1.467,66.0,32.8,77.8,11.1,165
Delhi,2024-04-23,93.68,185.28,73.5,29.52,2.725,32.5,31.6,41.9,10.6,175
Hyderabad,2024-10-25,25.07,88.41,29.76,22.64,1.095,53.07,16.2,62.7,7.6,80
Mumbai,2023-09-01,45.62,68.34,43.03,10.4,1.05,58.5,29.7,63.3,8.0,124
Agra,2023-09-02,35.75,43.08,14.91,4.0,0.778,54.32,27.7,73.8,19.6,109
Nagpur,2020-01-17,95.58,157.85,67.85,27.81,2.751,49.69,16.5,46.5,5.8,174
Bhopal,2020-12-10,101.17,194.77,62.17,17.42,2.236,64.78,17.6,83.6,2.2,171
Bhopal,2023-10-09,57.18,96.78,18.58,18.12,1.505,63.51,25.2,51.3,9.3,152
Kanpur,2020-09-05,48.06,100.05,29.65,17.12,1.046,55.78,31.7,73.4,12.6,138
Faridabad,2022-10-07,102.31,140.87,55.93,18.79,2.006,35.38,12.8,66.9,10.0,173
Patna,2023-07-22,71.1,127.16,46.72,18.01,1.186,47.52,29.5,76.6,9.0,164
Nagpur,2020-04-15,66.73,92.06,37.11,8.91,1.194,57.17,32.7,45.2,12.4,152
Chennai,2021-03-27,47.06,82.07,38.02,20.47,1.07,64.21,37.7,29.4,11.6,128
Nagpur,2024-11-22,75.86,140.27,46.82,23.28,1.825,59.56,21.6,47.6,12.1,165
Jaipur,2024-06-09,34.38,50.11,17.94,4.64,0.396,62.79,34.9,79.0,18.1,100
Meerut,2020-10-15,88.53,141.78,47.55,26.26,1.971,39.94,26.0,57.8,8.1,170
Jaipur,2021-09-27,56.25,79.28,16.61,13.04,0.668,48.05,34.4,74.3,12.8,157
Kolkata,2021-10-21,66.27,96.44,55.93,13.93,1.806,48.9,28.5,60.1,10.9,155
Delhi,2024-02-17,191.04,301.15,103.28,39.25,4.203,42.44,3.2,80.7,3.0,243
Nashik,2021-10-10,18.3,40.26,16.69,7.65,0.779,75.01,13.1,45.1,14.9,66
Bhopal,2024-08-13,37.83,66.59,11.73,9.99,0.737,65.52,32.4,88.4,15.6,107
Nagpur,2023-06-09,49.06,121.66,27.35,13.6,1.011,71.91,23.2,88.9,7.2,135
Indore,2021-09-28,44.38,67.7,22.4,6.76,0.695,55.19,32.8,78.1,14.8,120
Bangalore,2020-05-26,49.48,76.21,38.23,19.98,1.136,78.75,31.9,52.1,8.9,132
Ahmedabad,2021-08-27,48.64,76.59,17.64,18.19,1.34,55.0,37.5,89.5,14.8,134
Bangalore,2020-08-21,41.23,54.32,30.74,10.84,0.936,73.52,34.6,76.8,12.2,500
Ahmedabad,2024-05-30,94.73,152.36,49.91,32.09,2.221,44.24,30.4,47.4,4.0,164
Hyderabad,2020-10-06,48.44,85.65,42.07,23.44,1.012,43.19,27.9,75.2,11.7,123
Lucknow,2024-12-19,146.87,258.51,90.99,43.25,3.531,28.76,19.8,54.8,5.1,204
Bhopal,2022-01-29,74.52,157.67,48.29,19.99,1.794,58.28,15.4,48.2,7.1,155
Kolkata,2020-07-10,34.45,19.44,31.17,13.34,0.349,53.0,29.0,81.9,17.1,105
Ahmedabad,2024-12-15,147.24,266.82,79.86,38.58,3.187,45.53,16.4,86.2,3.9,191
Faridabad,2022-10-25,56.94,113.8,46.29,21.58,2.006,60.33,19.2,69.5,14.1,147
Patna,2024-06-16,69.53,129.56,32.25,16.5,1.267,55.95,33.9,79.1,11.5,149
Kolkata,2023-09-11,59.91,70.9,31.17,6.07,0.916,58.15,33.3,88.6,13.7,153
Agra,2021-05-26,91.64,178.02,65.4,25.65,2.837,61.23,28.4,37.2,6.6,171
Indore,2020-07-05,26.01,80.61,25.05,15.89,0.792,67.82,29.3,97.1,12.8,81
Meerut,2023-09-18,51.07,92.31,22.28,15.26,0.963,54.91,34.2,84.7,15.2,132
Bhopal,2020-11-08,68.53,99.04,53.91,18.08,1.987,54.68,28.7,64.0,11.8,163
Kanpur,2022-12-20,163.6,270.85,86.27,42.31,3.705,29.67,13.1,69.2,3.6,215
Nashik,2024-01-26,71.4,115.17,41.21,14.52,1.783,57.01,9.0,58.0,6.8,157
Indore,2023-10-30,43.9,108.02,30.94,11.33,1.542,71.54,31.8,60.9,9.4,125
Jaipur,2022-07-14,33.81,92.68,34.22,11.18,0.901,65.92,31.1,72.1,10.5,102
Bhopal,2022-08-06,18.02,52.12,20.74,9.43,0.32,66.36,29.1,83.2,17.9,65
Bhopal,2022-12-25,90.81,183.23,44.19,24.04,1.619,60.54,7.5,86.8,9.4,162
Bhopal,2024-09-30,25.96,29.3,20.8,4.92,0.42,68.64,28.1,79.1,14.1,75
Chennai,2020-02-29,72.71,142.96,48.29,25.24,2.882,61.33,9.0,81.3,6.4,170
Bhopal,2022-09-07,16.86,41.48,23.82,8.44,0.633,85.0,33.5,80.3,12.5,66
Nashik,2023-11-15,65.19,117.93,50.32,24.56,2.512,53.0,23.5,41.8,1.7,154
Kanpur,2020-09-07,60.55,79.42,28.38,20.47,1.959,51.74,29.6,76.8,11.3,151
Meerut,2022-01-17,129.98,209.07,72.14,27.16,2.913,38.67,7.2,70.6,5.7,195
Chennai,2023-03-25,55.07,84.7,40.1,14.42,1.465,59.37,36.9,27.4,11.9,152
Kanpur,2023-08-03,46.41,48.84,22.27,6.37,0.849,60.36,27.0,85.0,15.2,134
Delhi,2024-04-10,106.0,205.32,68.54,33.98,2.586,39.77,32.3,33.6,7.0,177
Bhopal,2021-09-07,30.13,54.92,12.64,4.16,0.2,74.15,39.1,75.9,14.4,498
Nashik,2024-02-25,74.45,151.43,53.72,25.91,2.035,52.67,16.7,78.8,3.6,160
Kolkata,2024-02-01,97.26,145.88,65.17,26.51,2.908,41.76,12.8,55.3,8.9,167
Ahmedabad,2020-01-31,131.64,216.17,75.05,37.46,3.102,45.74,14.1,86.7,4.9,193
Lucknow,2023-02-09,163.77,259.87,88.15,43.57,3.861,29.82,13.9,74.5,2.7,209
Jaipur,2022-06-21,65.6,99.83,23.87,8.98,1.316,52.86,37.4,81.9,12.3,153
Ludhiana,2022-04-17,80.84,90.09,52.02,21.23,2.657,38.83,33.6,10.0,10.0,174
Lucknow,2024-03-22,122.49,215.9,73.14,36.45,3.285,38.37,28.2,40.6,4.2,187
Patna,2022-07-08,62.49,120.26,30.33,20.64,1.383,43.48,34.0,72.3,10.7,163
Agra,2022-05-01,75.09,106.75,49.65,25.48,2.263,57.84,33.2,37.1,12.0,160
Nashik,2024-06-08,25.76,17.17,21.78,5.55,0.61,66.09,34.6,82.0,14.7,74
Delhi,2024-01-10,175.78,270.97,112.9,34.11,4.047,44.32,17.4,87.0,6.8,225
Faridabad,2023-03-16,92.1,150.32,76.15,25.08,2.388,45.91,36.8,20.2,7.8,169
Ahmedabad,2020-10-04,65.89,114.31,37.86,24.53,1.672,64.77,30.8,55.2,10.5,159
Hyderabad,2021-10-10,61.3,100.35,52.71,17.79,2.004,51.04,21.7,50.7,8.3,148
Chennai,2022-08-15,27.68,44.38,22.4,11.97,0.743,51.42,33.8,89.1,14.4,90
Faridabad,2020-01-14,194.44,304.86,125.95,53.87,4.543,27.09,17.3,64.8,3.0,239
Patna,2020-01-14,128.2,189.21,61.11,28.11,3.06,41.14,20.6,57.5,5.4,189
Ludhiana,2023-01-22,145.91,210.2,79.74,40.71,3.256,51.18,17.2,68.3,6.0,209
Meerut,2024-10-28,59.86,90.92,30.0,17.7,1.653,38.13,32.8,44.7,12.7,160
Chennai,2022-09-26,17.55,33.07,24.11,2.0,0.217,68.12,28.8,68.9,18.0,63
Hyderabad,2022-02-11,75.01,150.83,52.6,22.57,1.844,67.62,13.7,63.6,7.5,162
Delhi,2021-05-08,100.71,170.45,57.31,24.89,2.238,31.76,42.4,37.0,10.3,178
Agra,2024-05-07,71.0,119.2,51.21,20.05,2.03,24.34,33.4,42.0,11.6,162
Pune,2021-04-16,36.85,66.63,27.52,20.51,1.243,67.47,28.8,23.3,12.6,104
Kolkata,2021-07-24,59.19,89.68,37.24,23.18,1.487,54.53,28.5,84.5,7.6,139
Jaipur,2023-06-04,31.63,76.44,12.2,2.33,0.763,63.24,29.9,61.2,15.8,92
Delhi,2022-01-05,205.52,313.57,121.11,46.2,4.344,48.08,14.1,82.7,0.5,250
Agra,2023-11-11,100.78,147.46,61.01,19.37,2.168,34.0,20.0,66.1,12.8,176
Bhopal,2022-02-15,102.31,238.64,67.81,29.73,3.62,57.79,10.7,94.0,2.6,175
Delhi,2022-12-22,166.46,298.93,106.04,36.28,3.144,39.66,16.9,68.2,4.8,225
Meerut,2024-02-09,133.06,217.36,60.59,30.29,3.346,39.29,13.6,61.8,6.1,182
Kanpur,2022-01-10,162.85,276.53,94.96,43.51,3.18,44.29,17.7,64.3,0.9,210
Agra,2020-08-21,36.32,36.5,27.13,2.0,0.761,37.05,35.1,85.3,18.9,95
Meerut,2020-06-28,53.16,102.62,27.73,5.41,1.053,64.75,35.9,88.5,9.3,151
Ahmedabad,2022-01-30,101.4,196.17,70.17,33.49,2.539,52.39,24.3,53.2,5.1,167
Ahmedabad,2022-09-02,49.44,102.16,26.41,14.16,1.365,48.22,33.7,71.7,12.7,143
Ahmedabad,2020-09-16,34.8,47.01,16.64,13.16,0.924,57.85,30.3,71.5,12.6,95
Ahmedabad,2023-12-06,140.98,264.0,77.78,42.76,3.622,50.1,11.2,82.4,3.6,197
Jaipur,2021-04-28,87.24,153.24,52.65,27.26,1.944,64.26,28.9,38.3,7.4,167
Mumbai,2024-02-27,96.87,113.75,72.15,32.6,2.353,55.31,14.0,60.2,8.1,173
Lucknow,2021-08-23,22.47,63.76,21.05,15.19,1.123,56.93,28.6,82.5,18.7,71
Indore,2020-11-09,120.83,209.79,74.43,36.84,3.288,47.18,31.9,51.3,3.5,190
Faridabad,2024-08-30,66.82,145.22,57.92,18.77,1.212,54.54,30.4,79.4,7.9,153
Kolkata,2022-01-15,158.5,255.74,97.71,38.17,4.199,40.16,4.5,58.9,3.2,212
Ludhiana,2021-07-24,29.17,75.06,13.21,6.2,1.055,55.76,26.9,89.8,15.6,89
Kolkata,2022-08-10,33.99,39.24,22.68,9.49,0.732,61.72,27.4,84.5,17.0,94
Mumbai,2023-11-16,75.27,105.93,53.4,25.09,2.307,60.15,30.7,36.4,9.3,162
Hyderabad,2024-12-22,99.7,173.76,69.27,28.08,2.439,47.09,14.0,61.2,2.0,174
Lucknow,2024-01-29,127.45,166.89,74.84,31.74,2.921,53.43,15.9,60.9,6.3,185
Faridabad,2024-07-05,77.98,102.87,45.96,5.5,1.54,26.91,28.2,77.8,12.7,169
Nagpur,2024-07-28,53.51,54.72,26.12,18.73,1.083,64.64,27.9,78.4,12.5,500
Ahmedabad,2021-04-28,57.48,101.43,48.04,22.86,1.855,47.09,36.4,45.7,8.5,145
Bangalore,2020-08-30,18.3,64.59,18.22,10.87,0.677,91.69,26.6,75.8,11.8,69
Patna,2020-05-09,84.6,147.92,47.24,20.69,2.711,51.4,38.6,35.3,8.0,164
Ahmedabad,2021-02-24,129.54,229.38,72.82,37.84,3.414,44.52,20.3,83.0,6.7,192
Patna,2022-04-15,91.34,131.42,59.48,19.51,2.355,42.86,28.9,41.4,6.1,167
Faridabad,2023-02-12,144.78,253.61,89.33,49.92,4.044,34.59,13.1,64.6,4.3,195
Delhi,2023-02-14,225.44,370.16,129.96,56.51,4.891,30.46,21.9,87.2,3.0,277
Hyderabad,2023-06-23,20.19,54.75,17.79,12.9,0.515,76.18,34.5,78.0,15.1,500
Jaipur,2020-05-31,74.43,162.02,52.67,20.51,1.606,42.89,34.9,30.8,8.6,162
Kanpur,2023-08-07,46.87,89.46,28.69,16.61,1.244,45.89,23.0,75.4,13.1,128
Pune,2020-08-21,17.58,43.2,14.7,5.84,0.777,72.18,28.4,88.5,13.9,61
Delhi,2021-10-06,101.71,158.28,67.45,18.96,2.646,43.96,25.9,47.4,4.9,179
Mumbai,2024-01-11,97.08,169.68,85.74,28.64,2.552,51.35,7.8,80.6,6.7,183
Hyderabad,2021-04-25,44.29,56.4,29.34,21.86,1.35,55.21,33.6,44.7,11.3,128
Nagpur,2023-05-26,43.12,121.47,38.23,11.09,1.482,47.93,30.7,49.6,10.3,123
Bhopal,2020-05-29,42.02,76.82,25.98,8.01,0.577,70.47,25.2,31.4,16.0,125
Indore,2024-07-14,37.26,44.87,27.28,4.49,1.024,57.23,25.7,85.3,12.0,114
Pune,2024-10-01,43.07,102.76,43.32,19.55,0.863,63.13,36.9,65.4,9.0,118
Ludhiana,2020-02-20,130.81,214.02,65.86,30.83,2.881,57.06,16.2,86.6,5.6,187
Patna,2022-10-06,111.4,158.1,64.53,27.66,2.66,44.67,29.4,59.2,7.1,177
Chennai,2021-09-30,21.14,63.62,35.95,10.71,1.068,82.0,29.0,70.8,9.7,68
Delhi,2024-11-09,125.32,192.57,78.92,23.35,2.806,52.87,25.0,58.1,14.1,186
Faridabad,2023-08-15,27.97,67.22,24.89,8.52,0.751,48.14,33.5,73.9,20.3,84
Indore,2020-06-13,36.92,47.55,15.37,9.55,1.078,52.65,24.3,79.9,16.4,99
Indore,2022-12-12,82.33,175.66,62.9,33.63,3.037,66.58,13.4,45.4,4.2,160
Pune,2023-10-12,37.06,62.12,28.82,17.25,1.624,69.91,26.4,49.4,12.1,103
Nagpur,2020-09-20,45.74,89.09,14.72,15.63,0.753,63.75,25.4,80.4,10.9,123
Delhi,2023-12-08,169.24,286.49,91.87,43.51,3.226,41.87,4.5,71.4,2.2,220
Meerut,2021-12-18,151.41,218.09,84.54,40.55,3.338,43.99,14.1,73.5,5.4,206
Meerut,2023-11-21,115.32,173.92,65.86,31.13,2.168,41.46,19.8,64.1,10.3,180
Chennai,2023-12-19,51.67,106.15,49.15,19.62,1.591,56.97,17.6,93.9,11.1,146
Hyderabad,2020-06-13,30.27,43.56,19.72,12.4,0.406,65.6,32.0,80.3,11.4,86
Agra,2024-09-20,20.13,62.51,17.46,10.89,0.707,57.81,30.8,69.9,19.3,72
Lucknow,2021-02-16,121.78,189.34,62.87,35.79,2.622,40.37,19.4,57.1,7.1,181
Nashik,2023-08-04,30.63,52.59,30.8,10.2,0.787,66.39,27.2,75.6,12.7,91
Faridabad,2024-05-01,75.68,118.74,51.24,18.35,1.83,53.02,26.4,41.6,12.2,160
Lucknow,2021-05-03,98.88,130.1,54.82,25.32,2.203,43.14,30.5,60.8,7.3,173
Indore,2024-03-28,38.24,36.33,15.48,4.57,1.347,50.38,32.3,40.9,17.8,110
Kanpur,2024-08-17,45.05,69.68,26.93,13.22,1.182,41.45,22.3,78.4,20.3,125
Pune,2023-06-01,24.97,73.3,16.59,7.5,1.099,72.12,32.4,81.3,12.1,75
Agra,2024-08-23,51.03,89.15,26.48,11.66,1.349,41.9,31.6,81.4,14.1,133
Faridabad,2023-06-29,42.49,68.5,24.18,13.52,0.7,51.19,28.3,71.8,14.3,120
Chennai,2021-03-22,54.32,90.38,39.16,7.47,1.736,57.45,23.4,42.4,9.3,146
Patna,2023-03-04,94.17,171.64,64.86,27.95,2.21,40.44,40.8,36.5,9.6,166
Agra,2024-02-09,152.98,252.04,90.18,39.57,3.031,31.96,10.8,91.9,6.5,201
Nagpur,2024-04-11,61.76,82.63,25.85,17.84,1.227,56.17,44.1,37.8,11.5,159
Meerut,2020-12-06,108.54,186.85,75.83,40.91,2.792,44.02,24.0,65.6,5.1,191
Nashik,2022-04-30,32.97,78.6,31.12,13.2,1.021,61.91,40.0,47.2,10.7,101
Nagpur,2020-10-01,61.39,116.0,38.84,24.29,1.775,58.64,29.1,53.1,10.2,158
Nagpur,2024-04-14,52.78,85.04,35.81,19.27,1.974,43.96,34.2,34.0,12.1,138
Ludhiana,2022-06-20,12.99,39.28,5.0,5.54,0.503,73.97,31.4,70.2,21.5,52
Ahmedabad,2024-11-09,91.94,180.06,61.29,35.04,2.642,50.09,20.4,55.7,7.9,168
Ludhiana,2023-11-27,121.77,217.63,62.48,36.82,2.783,31.9,25.6,55.1,10.1,191
Ludhiana,2021-03-15,53.25,90.98,48.68,22.87,1.438,58.21,32.5,34.1,13.6,141
Jaipur,2020-07-29,32.78,49.95,21.35,6.44,0.63,56.22,25.5,82.4,16.3,93
Lucknow,2020-06-11,25.56,48.71,12.8,9.96,0.724,67.8,32.5,78.4,16.9,76
Delhi,2022-01-13,141.88,240.88,85.42,32.53,2.55,49.81,14.6,69.6,7.8,197
Meerut,2023-06-17,25.01,60.51,20.95,7.17,0.881,56.25,34.2,70.7,15.4,78
Bhopal,2023-02-25,122.65,223.37,82.5,27.95,2.664,43.01,22.7,87.8,4.1,182
Agra,2024-11-26,106.06,184.13,51.12,31.54,1.876,36.8,35.8,72.3,11.3,184
Faridabad,2022-02-23,195.44,331.18,116.82,46.01,4.604,33.09,4.3,68.7,3.2,246
Meerut,2023-05-17,88.8,132.81,39.33,22.41,2.265,65.96,38.7,38.0,10.0,168
Delhi,2023-12-07,220.69,323.76,125.07,44.15,4.626,34.68,9.8,83.5,3.0,271
Faridabad,2024-01-15,152.87,260.26,101.69,35.68,3.523,34.1,22.3,88.5,6.8,204
Pune,2020-08-09,38.5,50.09,10.36,20.2,0.2,57.71,30.0,94.0,13.8,98
Ahmedabad,2020-08-20,31.26,39.9,9.92,7.48,0.201,53.67,26.8,85.6,23.7,82
Nagpur,2021-11-25,110.0,213.68,85.47,38.17,2.929,39.62,22.2,62.3,4.5,179
Nashik,2023-12-03,78.07,159.1,55.06,21.63,1.52,49.29,13.9,80.9,4.2,163
Meerut,2023-05-07,108.98,183.62,68.59,32.72,2.756,46.81,35.1,39.7,7.3,179
Ahmedabad,2022-01-11,148.51,271.52,98.07,45.32,3.898,21.02,18.3,97.9,3.1,200
Pune,2020-07-09,7.15,50.2,5.0,5.2,0.2,83.49,33.5,79.0,22.2,44
Meerut,2023-02-01,132.84,211.36,79.85,36.49,3.406,29.59,24.2,70.8,5.2,192
Kanpur,2021-06-26,43.91,71.57,20.02,5.96,0.733,53.62,28.7,80.8,17.5,129
Bhopal,2023-01-20,97.38,186.26,61.35,24.15,2.485,48.15,7.5,69.4,3.9,178
Ludhiana,2024-06-18,22.56,92.59,20.87,5.98,0.938,64.8,25.8,77.7,19.2,69
Ludhiana,2020-08-02,49.63,100.19,24.17,9.24,1.397,58.39,29.5,86.1,13.2,136
Delhi,2023-07-04,53.81,90.03,15.97,10.72,1.195,53.85,31.5,78.7,18.9,149
Pune,2020-01-16,93.64,171.05,65.85,23.15,2.346,55.53,10.5,83.9,3.8,172
Hyderabad,2024-09-19,18.78,40.47,11.91,6.11,0.266,69.74,30.4,86.3,16.7,70
Bangalore,2020-06-29,20.1,15.62,24.59,8.8,1.209,85.65,26.7,70.9,14.7,53
Pune,2020-08-23,33.78,20.09,11.21,6.04,0.2,73.54,28.7,76.7,18.4,98
Lucknow,2020-03-31,83.45,148.63,64.42,31.0,1.949,45.34,27.4,20.3,5.0,162
Lucknow,2024-06-13,38.64,62.84,31.24,10.2,0.793,56.11,28.0,62.2,12.6,114
Pune,2021-07-24,30.63,67.14,18.62,10.59,1.086,66.72,30.2,88.6,7.6,91
Bangalore,2024-04-01,44.03,53.97,37.77,14.34,0.936,70.87,32.2,32.8,8.4,119
Ahmedabad,2023-07-09,41.74,84.35,17.5,12.86,1.347,58.83,32.4,85.5,10.6,106
Nagpur,2024-01-17,103.05,201.81,49.82,27.89,2.379,43.48,13.4,59.0,6.6,169
Delhi,2023-03-07,97.78,154.29,56.59,28.84,2.899,34.24,34.7,31.6,8.3,500
Kanpur,2020-09-24,73.18,97.81,27.28,13.89,1.399,45.86,27.8,82.4,8.2,163
Faridabad,2023-11-06,135.76,227.21,96.26,37.21,2.868,36.62,20.8,32.1,6.0,198
Pune,2024-07-09,26.94,72.34,22.18,9.4,0.2,67.68,28.8,79.5,12.4,77
Hyderabad,2024-06-11,40.34,91.54,15.31,11.25,1.631,66.21,28.8,88.9,11.9,113
Nagpur,2021-06-09,53.53,89.23,19.61,14.95,0.891,58.37,26.0,70.3,11.8,149
Kanpur,2020-05-17,66.33,121.09,45.76,19.67,2.082,50.09,41.8,42.6,11.9,156
Nagpur,2023-10-11,69.52,87.14,44.38,23.39,1.615,60.19,27.9,65.6,7.0,159
Nagpur,2024-06-19,30.7,47.76,13.91,11.95,0.67,81.66,30.8,91.6,15.4,90
Meerut,2021-06-09,61.54,80.7,26.54,18.5,1.115,53.65,34.2,87.2,14.7,155
Indore,2020-05-07,68.06,104.46,41.47,21.05,1.381,79.11,29.7,48.5,9.3,160
Ahmedabad,2021-04-22,69.17,113.71,49.62,18.6,1.97,47.81,36.6,49.1,9.1,159
Delhi,2020-08-16,56.29,66.73,24.02,9.3,1.126,56.4,30.7,75.9,12.1,158
Chennai,2023-11-15,53.0,111.77,41.09,9.88,1.7,66.44,28.5,27.6,12.6,148
Bangalore,2024-03-01,44.04,75.61,30.09,16.13,2.08,68.51,31.4,26.1,13.2,116
Pune,2023-09-06,26.0,50.54,19.25,4.39,0.995,69.07,28.5,80.7,13.7,79
Bangalore,2022-07-11,27.42,27.78,9.74,2.1,0.652,80.56,33.4,92.8,17.9,83
Mumbai,2021-01-23,95.91,160.45,63.7,22.82,2.26,60.42,28.0,84.3,6.5,172
Meerut,2023-02-24,128.74,183.56,67.83,30.28,2.574,35.16,10.8,48.4,5.1,190
Jaipur,2023-06-13,14.29,58.33,18.04,10.35,0.558,68.92,28.0,80.1,18.1,52
Indore,2022-04-30,56.37,112.95,25.33,22.89,0.487,51.5,38.1,47.3,11.9,144
Mumbai,2024-12-09,97.04,136.09,80.7,30.47,2.749,35.27,10.8,71.9,6.3,173
Delhi,2024-02-27,141.34,196.09,87.88,34.26,3.3,51.78,7.5,74.4,8.2,190
Kanpur,2023-06-07,79.89,144.89,34.98,17.54,1.589,45.44,30.9,70.5,10.7,173
Bhopal,2022-03-06,50.24,95.69,39.01,21.3,1.277,50.05,28.1,42.4,13.0,131
Ludhiana,2021-11-05,91.49,145.7,51.74,26.41,1.765,41.57,24.4,60.0,11.5,180
Mumbai,2020-12-03,109.94,167.38,75.0,25.63,2.918,41.15,6.8,68.2,7.3,187
Ludhiana,2021-01-16,154.85,203.77,82.98,36.93,3.339,46.52,11.7,74.5,5.0,209
Jaipur,2023-12-22,114.17,206.22,59.82,34.28,3.237,30.27,23.5,46.7,4.6,181
Bangalore,2021-04-05,22.08,75.42,27.86,15.63,1.302,71.51,33.1,25.2,14.4,74
Chennai,2021-12-12,44.74,115.81,53.43,14.81,1.51,68.22,8.3,49.5,8.6,126
Ludhiana,2022-07-21,47.41,94.68,33.56,9.48,1.148,62.72,27.7,85.2,12.8,137
Lucknow,2020-01-11,128.55,188.27,71.53,28.16,3.451,51.51,17.6,59.0,9.3,192
Delhi,2024-04-03,104.88,148.57,63.22,17.83,2.055,51.91,34.2,47.8,11.4,180
Ludhiana,2024-11-16,76.34,151.02,55.85,27.42,1.996,34.15,28.3,46.0,11.2,165
Kolkata,2023-10-15,45.31,106.26,32.01,16.69,1.346,47.64,22.9,59.0,15.9,125
Kolkata,2021-06-18,86.15,111.29,37.7,20.54,1.949,57.28,32.9,77.6,7.1,173
Bhopal,2020-12-24,106.51,154.0,50.35,25.21,2.329,67.17,14.0,73.8,5.9,179
Nashik,2022-01-18,82.27,164.35,52.54,29.39,1.893,62.12,14.2,77.1,4.2,169
Kolkata,2023-10-19,84.24,119.24,56.54,21.0,2.304,42.26,26.6,37.3,6.4,166
Delhi,2023-09-16,51.72,81.07,23.06,12.77,1.331,58.06,28.4,86.9,16.1,143
Nashik,2020-06-25,25.72,62.57,27.2,11.47,0.2,66.04,27.0,77.4,16.6,84
Lucknow,2024-11-23,90.34,140.07,50.71,19.21,1.859,28.21,18.7,59.7,12.6,163
Lucknow,2021-05-10,58.18,108.03,44.41,16.15,1.453,43.62,34.6,34.6,11.4,157
Nashik,2020-06-06,29.38,67.61,20.02,8.68,0.675,62.02,31.5,80.3,12.8,92
Mumbai,2020-06-13,41.05,55.1,21.85,17.3,1.472,61.79,25.3,91.0,12.1,112
Patna,2023-06-19,35.66,74.62,31.87,6.13,1.482,64.04,28.8,79.1,11.7,102
Meerut,2020-03-18,97.31,162.99,58.13,29.54,2.844,50.88,26.9,49.8,5.8,173
Mumbai,2023-07-23,37.61,24.41,38.74,6.98,0.868,64.41,30.1,77.8,14.8,115
Mumbai,2020-08-11,31.35,39.3,25.43,14.96,1.103,74.67,26.0,86.2,10.0,93
Bangalore,2020-07-09,5.0,30.81,12.3,4.25,0.288,76.29,33.0,84.4,17.3,33
Kolkata,2020-12-13,113.91,174.05,64.26,37.33,2.755,69.11,7.6,62.9,6.9,177
Patna,2022-06-07,54.07,85.98,33.34,13.74,0.805,35.08,32.0,78.4,15.2,148
Delhi,2023-11-10,141.31,212.92,97.71,35.07,3.264,35.65,26.6,46.8,9.6,195
Jaipur,2023-07-17,32.23,44.99,12.38,7.97,0.658,48.48,29.4,76.1,14.8,96
Ludhiana,2023-06-05,43.05,59.86,24.59,12.45,1.5,50.58,31.2,63.9,12.2,121
Pune,2022-04-09,49.87,47.37,25.14,28.01,1.14,77.14,29.5,30.6,7.4,136
Mumbai,2020-05-11,44.79,109.48,39.48,14.31,1.57,58.4,33.1,57.1,9.8,119
Ahmedabad,2024-07-23,35.36,94.62,34.74,16.22,0.969,50.72,32.8,66.3,13.6,98
Agra,2021-08-22,42.63,63.28,29.42,5.82,0.959,61.87,29.3,83.7,14.0,116
Jaipur,2023-04-21,79.15,179.39,51.35,32.08,1.816,44.47,37.5,37.2,7.5,163
Ludhiana,2023-08-26,27.72,31.14,24.34,7.88,0.545,60.65,29.5,80.2,18.8,75
Delhi,2022-04-01,93.82,115.35,42.47,18.65,2.632,41.11,32.2,38.5,12.9,179
Lucknow,2022-07-12,65.92,92.66,35.54,9.49,1.755,56.1,25.9,76.5,9.7,158
Delhi,2024-05-08,102.56,154.41,71.31,22.34,2.48,47.73,30.4,23.8,9.7,500
Kolkata,2022-08-27,52.1,114.77,22.46,8.23,0.851,57.9,37.3,83.5,14.4,134
Bangalore,2023-07-04,24.24,81.22,38.25,7.53,0.8,67.52,35.4,70.6,7.7,68
Bhopal,2022-09-27,49.1,111.8,23.11,17.34,1.094,60.52,30.2,84.8,5.9,131
Lucknow,2023-05-31,55.88,85.59,40.87,13.39,1.966,41.03,23.0,49.4,13.9,141
Chennai,2020-12-09,47.12,96.95,44.15,18.89,2.2,56.94,18.3,64.4,10.3,130
Nashik,2020-06-10,49.7,80.54,35.53,14.0,1.097,82.22,32.9,74.1,4.4,136
Mumbai,2024-02-05,59.95,99.08,56.13,28.01,1.963,40.39,13.9,50.8,11.7,159
Nashik,2023-02-27,69.52,126.29,36.82,23.66,1.616,47.69,25.5,62.4,8.3,158
Kolkata,2021-03-31,84.1,166.09,50.81,22.2,2.023,59.06,31.3,49.6,10.7,159
Indore,2022-08-11,25.97,59.77,17.84,3.83,0.2,70.21,28.4,78.2,15.9,88
Hyderabad,2023-11-19,61.45,111.68,52.88,21.63,1.46,46.66,14.8,48.0,11.1,153
Delhi,2024-01-16,99.47,177.81,70.51,25.82,2.234,46.29,20.0,62.6,11.5,175
Kanpur,2021-10-05,76.77,103.58,33.61,29.47,2.059,50.03,28.1,55.9,13.4,169
Mumbai,2023-01-17,103.51,186.98,82.64,31.71,3.4,47.99,17.1,59.5,4.6,173
Ludhiana,2024-02-14,125.4,174.08,71.21,33.12,3.016,55.72,5.6,87.1,5.3,187
Agra,2023-12-26,130.28,214.43,73.02,31.65,3.345,38.2,5.5,64.0,9.3,193
Meerut,2020-04-08,86.78,152.98,61.67,29.77,2.671,56.96,30.2,39.3,4.5,175
Jaipur,2022-01-12,153.31,321.3,92.33,42.88,3.976,49.12,14.7,62.7,1.3,204
Nagpur,2022-12-27,86.68,191.63,66.28,35.11,2.861,50.56,12.5,54.4,6.9,167
Nashik,2024-03-15,52.4,111.13,35.81,14.06,1.475,55.4,40.5,41.0,7.2,143
Kolkata,2023-04-02,42.65,61.15,27.36,14.74,2.087,39.81,40.8,42.0,16.0,122
Kolkata,2024-05-02,88.46,138.99,48.12,24.13,2.164,51.07,32.3,47.1,9.3,160
Hyderabad,2024-09-26,50.43,81.24,24.7,18.65,1.137,52.22,31.4,78.7,11.5,136
Nashik,2023-05-29,46.77,63.56,44.3,13.74,1.14,62.44,32.3,55.5,12.5,135
Indore,2021-04-27,78.04,125.3,49.42,22.97,2.04,59.8,28.7,36.6,6.8,162
Lucknow,2022-10-15,70.5,143.83,35.51,14.35,1.894,37.96,24.6,57.0,8.8,165
Pune,2020-05-27,45.33,91.04,38.44,11.15,1.317,61.03,35.9,47.1,11.6,120
Mumbai,2021-03-07,68.78,85.11,55.98,25.0,2.346,66.5,24.4,57.5,10.2,160
Ludhiana,2020-05-17,71.88,113.06,41.07,22.23,1.777,51.51,35.3,43.0,10.6,161
Meerut,2023-04-11,81.31,106.29,34.81,16.02,1.653,38.2,28.0,58.5,14.7,152
Delhi,2022-05-14,97.54,117.75,65.51,28.64,1.957,58.89,33.2,24.4,11.0,175
Chennai,2024-04-07,50.5,126.4,49.68,21.04,1.097,56.43,31.1,41.9,7.1,146
Nagpur,2023-02-24,107.64,178.68,62.31,38.32,2.769,46.38,21.5,68.8,3.4,181
Bhopal,2023-02-15,83.85,142.7,40.24,23.03,1.799,54.76,19.2,84.8,8.0,171
Ahmedabad,2022-07-14,62.43,118.01,23.07,22.65,1.431,58.23,33.7,82.5,11.8,160
Bhopal,2021-06-19,41.38,81.0,30.43,8.97,1.761,68.86,28.4,87.4,7.5,110
Meerut,2024-12-26,136.19,216.63,74.42,43.83,3.539,43.53,21.0,94.9,8.0,192
Pune,2021-07-01,38.56,79.69,23.6,5.62,0.61,74.06,27.7,68.0,7.6,109
Indore,2023-11-14,73.35,162.45,51.43,17.13,1.912,52.55,15.5,53.0,9.2,169
Indore,2020-03-05,48.36,80.83,24.47,9.56,1.221,59.52,27.5,41.9,15.7,133
Bhopal,2023-04-18,64.44,140.83,38.98,26.64,1.496,51.38,24.6,48.3,6.8,156
Faridabad,2020-06-21,54.52,109.94,26.75,9.0,0.896,36.97,29.9,88.3,14.7,150
Pune,2022-11-05,79.94,164.56,63.45,23.91,2.182,50.55,22.9,56.1,4.5,163
Pune,2023-04-29,45.99,117.13,42.35,8.17,1.211,42.62,28.8,48.5,7.4,126
Hyderabad,2020-07-09,19.31,81.66,23.66,2.0,1.48,60.62,31.0,85.1,12.3,78
Agra,2023-09-22,44.65,77.53,23.93,13.07,0.885,53.07,28.6,82.5,18.6,137
Meerut,2024-04-27,73.17,95.2,36.98,19.65,1.832,41.63,38.2,36.9,11.5,157
Meerut,2022-09-19,56.52,105.13,31.95,24.89,1.455,54.1,28.6,79.2,9.4,149
Agra,2022-02-07,154.51,260.49,86.92,35.64,3.634,35.19,11.0,79.4,4.4,203
Indore,2023-02-01,95.87,197.61,62.13,24.93,1.89,56.39,21.9,72.9,5.7,168
Pune,2021-04-08,41.76,82.71,32.28,14.98,1.189,59.31,31.3,36.6,11.1,116
Lucknow,2023-07-10,32.71,63.38,22.6,7.41,0.933,53.81,25.3,72.5,14.7,89
Ludhiana,2023-12-12,121.81,199.38,60.54,29.26,2.72,52.61,11.3,77.1,9.1,183
Nashik,2023-08-16,16.51,42.62,20.32,4.09,0.736,63.82,37.9,73.6,11.9,64
Jaipur,2022-12-14,124.0,233.14,58.41,28.08,2.272,28.56,7.4,66.4,6.5,179
Ahmedabad,2022-08-08,47.92,98.61,30.71,10.35,1.184,55.02,29.1,76.4,12.8,123
Chennai,2020-12-04,75.96,145.49,51.89,18.76,2.363,61.3,12.2,77.0,6.5,169
Ludhiana,2020-12-06,132.3,217.92,70.88,30.08,3.392,46.01,14.3,70.2,6.2,193
Pune,2022-04-27,64.56,130.33,44.01,30.33,2.08,66.92,34.7,40.0,4.6,160
Nagpur,2022-07-24,24.95,77.95,18.52,11.12,0.911,59.2,28.8,71.4,9.8,71
Chennai,2022-06-19,34.84,95.72,29.79,14.24,0.758,86.76,28.8,86.6,4.4,104
Bhopal,2020-06-01,24.72,37.33,13.05,4.7,0.446,68.64,26.7,73.3,14.1,75
Ludhiana,2021-11-11,91.04,152.21,58.09,24.31,2.397,39.76,28.0,62.3,13.1,158
Delhi,2021-06-22,69.99,92.12,44.01,22.53,1.195,47.83,30.8,87.1,14.3,165
Pune,2020-02-08,123.94,260.64,75.92,34.01,3.119,33.6,18.0,98.9,0.5,187
Hyderabad,2023-06-29,21.48,24.07,15.3,4.62,0.2,72.4,30.7,76.9,20.2,76
Agra,2024-07-24,47.0,88.98,24.44,15.78,1.378,62.06,34.3,76.4,12.8,122
Faridabad,2023-12-27,137.97,247.35,96.25,36.28,3.752,51.61,13.6,45.1,6.1,193
Nashik,2022-05-11,49.41,71.88,33.86,17.72,0.968,58.53,27.5,29.0,6.4,138
Faridabad,2021-04-19,72.08,113.77,45.47,19.56,1.754,34.42,25.2,45.0,15.4,156
Ludhiana,2021-05-14,79.61,151.19,59.57,26.63,2.703,61.0,33.4,26.2,8.1,164
Jaipur,2024-11-04,107.35,178.44,51.61,23.69,2.539,40.65,26.4,47.4,11.8,188
Indore,2020-12-02,96.6,183.93,46.7,31.75,2.556,44.03,18.1,84.1,10.4,175
Lucknow,2023-11-13,103.01,146.6,42.82,24.22,1.617,40.44,20.9,71.2,12.1,176
Mumbai,2024-12-05,94.41,160.51,75.02,27.27,2.82,45.75,19.1,68.2,6.1,165
Indore,2022-08-16,37.9,46.09,16.19,6.95,0.468,66.01,35.4,93.0,16.9,105
Nashik,2021-05-03,50.08,50.28,22.54,10.57,1.539,63.32,26.2,50.7,12.7,146
Nashik,2022-12-22,73.59,166.77,52.93,30.28,1.894,53.05,6.0,72.7,7.4,161
Bangalore,2023-03-26,39.61,70.89,33.61,15.3,1.197,66.69,31.3,39.3,8.5,108
Patna,2024-07-09,41.97,73.72,36.19,16.82,0.859,66.0,28.0,78.6,15.1,115
Ahmedabad,2024-08-14,67.23,96.1,35.56,17.38,1.016,66.79,34.4,91.9,10.1,155
Meerut,2021-04-02,102.19,123.92,52.7,22.26,1.942,45.8,38.3,33.9,9.7,181
Lucknow,2022-11-22,102.89,182.43,76.03,26.61,3.403,42.41,17.3,56.1,9.6,172
Bhopal,2023-02-12,95.92,151.75,64.24,35.35,1.699,46.41,21.6,77.5,2.5,172
Kolkata,2022-06-25,50.26,91.64,34.08,17.37,1.417,54.97,30.6,76.0,12.1,130
Ahmedabad,2024-01-28,162.09,284.44,93.59,44.67,4.219,51.22,16.4,83.2,0.5,214
Patna,2021-09-08,76.39,111.73,48.46,16.33,1.712,42.05,31.5,73.1,7.4,161
Pune,2023-12-24,97.74,189.39,73.4,28.89,2.307,43.5,26.5,70.2,2.1,170
Bangalore,2024-04-05,36.07,85.44,34.92,10.19,1.249,85.43,32.6,30.4,8.8,106
Jaipur,2021-09-12,20.51,84.97,23.05,5.77,1.007,60.61,30.0,67.1,14.6,64
Bhopal,2023-03-25,79.39,135.09,44.97,25.02,2.009,69.68,37.0,43.7,4.1,164
Chennai,2022-06-10,25.09,41.47,21.1,4.33,0.334,81.75,28.6,82.2,14.8,81
Kanpur,2024-04-28,91.4,187.27,54.3,32.33,1.905,56.31,39.2,51.7,10.9,160
Bangalore,2020-11-06,46.39,108.21,23.71,15.62,1.589,68.57,24.7,69.7,12.7,122
Hyderabad,2022-04-29,62.01,74.07,44.08,22.41,1.43,55.26,23.3,36.4,9.4,151
Mumbai,2021-12-15,124.55,207.6,89.8,40.21,2.871,48.0,24.1,74.8,4.6,189
Bangalore,2023-03-21,42.82,80.13,44.98,17.75,1.397,71.02,33.7,52.8,7.4,114
Nagpur,2020-05-30,59.35,105.31,43.84,17.02,1.964,42.6,29.8,43.6,11.0,156
Bhopal,2020-02-01,106.22,191.86,56.73,23.09,2.233,54.87,10.5,78.3,5.7,173
Hyderabad,2023-10-13,55.83,95.6,46.95,20.4,1.387,33.79,29.3,47.9,8.4,155
Patna,2021-12-25,112.39,195.09,58.53,25.76,3.051,37.76,24.5,52.4,7.1,179
Meerut,2023-11-29,147.71,227.11,76.19,46.53,3.248,36.09,24.0,65.7,6.2,197
Faridabad,2021-08-20,37.49,57.85,25.56,19.67,0.918,41.45,31.1,76.3,17.1,107
Patna,2022-07-29,29.31,74.43,20.4,8.87,1.204,58.24,35.8,70.9,17.0,83
Hyderabad,2020-01-29,66.81,115.94,49.02,30.8,2.104,56.99,29.9,71.6,6.9,160
Bhopal,2022-05-02,42.81,54.55,34.11,19.13,0.709,77.93,30.8,36.8,12.6,500
Mumbai,2021-05-29,60.26,108.88,59.92,28.49,1.774,43.46,29.5,25.8,7.5,148
Patna,2023-09-09,53.98,95.57,42.88,14.02,1.796,53.33,27.8,82.8,9.7,155
Patna,2021-04-20,97.13,135.1,56.48,26.49,2.537,52.57,40.2,34.1,6.8,176
Kanpur,2024-07-11,63.86,92.11,25.91,9.18,1.964,72.83,25.3,82.9,8.4,150
Patna,2023-02-14,136.04,222.83,70.72,34.7,3.393,42.91,22.2,74.9,5.6,191
Ahmedabad,2022-09-13,24.45,30.32,26.29,12.86,0.553,67.28,34.8,76.4,19.5,77
Bangalore,2022-04-23,26.21,57.54,34.61,10.54,0.331,55.64,37.0,41.5,13.3,76
Pune,2022-01-22,78.25,112.82,66.14,32.13,1.994,43.79,13.5,68.1,6.7,163
Patna,2020-12-13,104.55,201.12,59.88,34.53,3.28,44.21,4.7,47.5,7.9,175
Indore,2023-01-05,113.22,190.73,72.64,34.86,2.648,54.52,11.1,70.6,3.7,184
Bhopal,2020-04-25,70.15,116.87,43.36,25.66,1.028,69.92,31.0,52.5,8.0,159
Ahmedabad,2023-06-25,17.17,54.99,20.53,3.97,0.285,58.32,27.3,74.2,19.4,495
Mumbai,2023-10-03,49.45,75.85,35.95,13.16,0.958,61.02,28.4,64.5,9.4,127
Jaipur,2024-11-17,61.41,114.59,35.04,14.47,1.664,48.7,25.3,53.8,17.6,155
Mumbai,2023-12-11,79.12,132.61,60.6,21.0,1.843,49.83,14.7,67.0,11.4,163
Ahmedabad,2020-12-22,131.31,269.85,76.12,43.35,3.155,35.51,15.7,57.5,4.5,187
Nashik,2023-09-26,10.24,24.3,18.36,2.0,0.569,67.48,23.4,87.0,17.9,47
Nagpur,2023-12-14,101.81,187.73,61.94,29.08,2.52,55.45,6.4,95.1,6.4,172
Delhi,2020-05-10,94.29,140.79,62.66,22.29,1.746,54.77,38.5,31.3,11.9,177
Patna,2022-05-31,95.22,157.49,66.06,30.39,2.406,34.87,27.8,35.6,9.4,176
Chennai,2024-01-01,81.84,146.09,67.0,27.28,2.173,49.19,16.4,54.7,6.0,169
Delhi,2024-12-16,212.66,373.28,121.59,42.5,5.014,52.53,18.8,80.6,4.5,263
Faridabad,2024-01-20,169.62,238.7,95.39,37.44,3.733,34.28,11.7,82.4,4.7,223
Mumbai,2022-03-10,69.08,125.87,53.89,15.66,2.358,64.93,22.7,48.6,8.3,158
Faridabad,2022-11-22,86.76,145.17,51.88,30.1,2.219,32.96,29.6,48.3,14.9,161
Ahmedabad,2022-04-16,46.09,94.9,26.69,22.95,2.068,64.75,35.9,30.7,15.8,132
Lucknow,2021-01-17,151.1,277.23,78.34,36.45,3.689,31.57,13.7,78.4,4.7,205
Agra,2023-01-17,160.5,249.04,91.63,40.71,3.946,45.1,16.5,68.9,4.6,213
Indore,2023-03-30,62.74,111.71,41.65,23.82,1.753,61.13,33.9,44.6,7.9,151
Lucknow,2024-07-24,44.25,80.89,29.95,5.28,0.876,46.76,32.4,73.1,12.7,122
Agra,2024-05-28,68.78,114.68,34.66,16.53,1.703,29.36,37.1,35.6,13.4,154
Agra,2023-11-03,107.49,178.02,72.85,30.51,2.687,29.11,15.6,53.4,10.9,186
Meerut,2022-09-24,37.6,87.6,23.88,11.16,0.68,58.04,32.6,90.7,16.5,104
Indore,2023-03-08,35.37,74.47,22.54,9.43,1.11,73.07,30.7,34.8,10.8,101
Mumbai,2024-11-04,75.07,121.12,61.36,27.48,1.068,59.65,29.0,46.0,9.8,157
Chennai,2022-04-29,36.52,107.83,43.64,19.21,1.772,60.02,29.5,50.0,11.1,107
Ahmedabad,2024-10-24,55.93,90.86,31.34,15.38,1.718,50.28,23.6,47.0,11.9,146
Agra,2022-03-22,94.01,143.25,55.27,26.18,2.471,45.75,30.1,31.3,9.8,171
Nashik,2022-10-20,58.95,88.54,44.26,11.5,1.139,66.9,23.6,50.1,4.8,160
Lucknow,2023-11-25,128.3,235.74,80.44,34.33,2.835,31.15,21.2,60.9,8.4,199
Agra,2024-09-16,40.79,76.19,23.1,11.02,1.345,54.28,28.6,94.7,12.4,112
Kolkata,2020-03-19,70.99,113.57,60.62,24.88,1.684,49.04,35.1,17.5,8.0,161
Kanpur,2023-07-02,52.1,113.91,21.48,16.88,1.384,79.62,26.0,85.3,12.8,137
Nagpur,2024-11-11,126.7,216.07,87.04,40.68,3.18,39.49,39.0,56.1,3.1,188
Pune,2023-09-24,5.0,40.25,15.64,8.99,0.2,81.03,32.3,70.8,19.9,37
Bangalore,2024-04-06,41.77,74.44,31.63,5.77,1.307,78.28,33.5,43.1,12.2,115
Bangalore,2022-04-04,39.73,88.23,41.01,12.19,1.384,64.87,31.3,60.2,10.3,114
Pune,2023-02-13,81.83,141.82,52.78,23.29,2.071,48.91,13.7,58.9,7.4,159
Bhopal,2023-08-07,25.7,49.13,11.63,11.02,0.2,51.95,32.1,87.3,16.8,70
Pune,2022-06-03,22.84,59.02,19.32,7.59,0.22,62.62,28.1,76.4,16.0,77
Faridabad,2023-04-15,80.27,144.58,60.03,18.34,2.296,38.99,39.5,38.9,11.6,159
Mumbai,2023-07-28,50.46,80.93,41.91,10.9,1.216,52.49,26.4,79.6,9.8,141
Lucknow,2022-03-26,79.44,129.79,58.33,18.64,2.075,52.52,40.2,33.1,9.3,160
Indore,2023-01-09,78.32,132.59,39.72,29.09,2.049,53.38,15.7,63.6,8.1,163
Nagpur,2021-12-02,137.47,237.64,71.52,38.67,3.111,52.76,13.0,100.0,6.2,204
Jaipur,2021-12-20,142.04,296.04,64.48,36.89,3.09,39.66,11.2,83.1,4.6,194
Indore,2020-04-02,73.14,125.34,40.64,22.36,1.761,67.73,26.9,29.1,4.5,157
Indore,2023-03-01,52.91,116.6,38.09,7.58,1.424,63.61,35.4,39.6,7.9,144
Nagpur,2023-10-17,45.79,126.09,28.77,16.05,1.367,57.52,18.6,58.0,13.4,116
Ludhiana,2023-06-08,64.83,102.09,19.48,18.89,1.55,59.06,29.9,83.7,10.3,153
Nagpur,2023-03-28,45.34,78.52,20.8,21.77,1.896,68.83,23.4,41.1,12.1,124
Bangalore,2021-11-06,62.49,130.72,53.31,20.41,1.572,69.12,30.5,50.6,7.4,155
Hyderabad,2023-12-12,71.37,151.66,53.14,28.83,1.629,42.1,36.1,74.1,7.5,164
Ahmedabad,2024-06-03,39.39,65.97,17.8,11.7,0.904,54.73,33.5,82.3,11.0,108
Faridabad,2020-04-13,77.85,115.54,39.57,22.05,2.132,44.82,41.1,38.6,12.3,162
Ludhiana,2022-01-17,135.11,225.73,76.2,33.36,3.45,53.7,9.4,79.4,3.9,198
Delhi,2023-04-21,116.11,176.67,81.46,29.64,2.917,50.42,31.1,30.6,9.3,180
Nagpur,2024-06-15,21.04,34.47,11.3,10.98,1.054,66.29,29.2,80.4,13.6,73
Pune,2020-06-16,31.64,58.08,19.56,7.62,1.209,69.59,31.5,75.8,9.4,87
Kolkata,2022-06-12,36.81,56.14,24.34,9.3,0.2,52.41,33.1,79.4,21.0,109
Kolkata,2023-02-09,163.76,254.86,90.59,47.98,3.644,57.89,20.2,78.8,5.2,492
Pune,2023-08-26,26.07,21.23,5.0,6.24,0.681,61.19,29.2,82.9,20.7,80
Nashik,2020-06-20,19.68,53.88,19.59,2.0,0.491,80.45,31.4,81.7,12.4,66
Bangalore,2021-05-06,38.46,73.44,28.38,4.66,1.689,71.95,24.6,17.1,7.2,115
Nashik,2024-02-03,88.72,138.58,61.87,27.9,1.859,51.31,-5.3,70.6,2.7,168
Agra,2023-03-29,76.82,138.8,66.11,18.3,2.939,40.19,29.5,24.1,6.5,160
Agra,2024-10-31,92.67,143.58,55.52,18.9,2.762,40.19,16.6,45.7,7.1,171
Meerut,2022-03-21,70.08,75.34,25.34,8.27,1.182,41.82,21.6,36.4,15.4,161
Mumbai,2021-05-24,47.58,108.67,53.03,24.2,1.52,64.65,36.0,47.9,7.6,136
Jaipur,2021-04-08,62.09,94.33,30.25,15.77,1.454,59.98,29.9,31.0,12.8,157
Kanpur,2022-11-26,100.42,133.39,46.44,23.75,2.285,42.43,24.7,51.2,13.6,168
Jaipur,2023-10-05,96.93,195.1,60.23,28.77,2.518,57.72,22.2,70.4,5.8,166
Kolkata,2022-07-23,46.4,100.52,19.89,16.01,1.072,44.44,25.1,74.4,16.2,126
Ahmedabad,2022-01-03,139.78,246.39,74.92,38.31,3.472,50.82,11.6,90.3,4.3,195
Nagpur,2023-03-20,66.16,105.73,33.06,11.01,1.342,60.65,22.2,41.0,10.3,164
Meerut,2021-05-26,78.96,134.41,43.46,17.8,1.935,50.47,35.8,61.9,10.5,165
Ludhiana,2023-02-20,151.85,263.18,91.54,40.28,4.397,51.63,14.3,62.8,2.2,200
Pune,2023-05-06,52.99,103.54,36.44,18.3,0.872,56.16,33.4,49.5,10.3,146
Agra,2023-08-31,39.59,53.35,18.91,11.45,0.811,47.71,27.9,71.9,16.3,120
Nashik,2024-06-04,37.14,75.58,12.65,7.84,0.638,63.51,31.7,68.3,14.2,109
Chennai,2020-02-11,95.31,148.86,56.39,27.72,2.275,80.46,16.3,69.9,5.6,175
Kolkata,2020-07-29,67.95,110.26,31.15,17.19,1.811,54.67,33.2,88.1,7.3,158
Ludhiana,2021-03-28,64.24,97.68,62.02,28.91,1.88,61.0,38.9,28.1,9.4,162
Delhi,2020-08-17,66.12,127.14,43.85,16.68,1.465,40.8,29.1,80.0,11.3,152
Nagpur,2023-09-01,47.65,90.73,25.5,14.87,0.292,62.8,26.4,96.5,13.3,116
Bangalore,2023-02-07,58.45,123.61,44.03,15.75,1.411,71.62,15.1,79.0,8.0,154
Kolkata,2024-12-10,151.86,209.46,85.51,37.8,3.323,47.89,15.4,56.1,5.5,203
Hyderabad,2024-12-05,71.46,137.59,53.21,31.79,2.435,41.29,7.8,54.0,7.1,157
Bhopal,2024-03-28,54.02,94.91,26.46,10.83,0.87,51.18,33.6,47.6,14.2,147
Ludhiana,2020-02-25,105.96,181.55,72.43,23.17,2.771,41.84,10.0,66.7,6.3,183
Kanpur,2021-10-15,86.28,158.44,62.7,29.05,2.637,35.85,27.2,48.0,3.9,160
Chennai,2020-10-04,37.61,84.91,31.64,11.68,1.779,66.65,17.4,47.6,10.6,111
Bhopal,2024-11-27,67.19,125.63,46.03,22.85,2.405,66.09,17.4,47.4,7.1,163
Nagpur,2023-11-14,108.29,180.92,52.22,27.78,1.934,44.53,22.1,70.6,8.7,185
Delhi,2024-08-25,47.97,98.32,27.98,10.89,1.14,58.61,36.2,71.0,15.9,136
Chennai,2022-03-17,43.49,60.21,27.38,15.82,0.536,63.32,30.0,43.1,14.3,127
Lucknow,2020-04-16,102.71,151.15,65.06,30.82,2.007,57.68,30.1,42.1,7.7,179
Nashik,2020-06-08,34.05,39.42,16.61,12.46,1.198,65.05,34.0,77.1,10.7,103
Mumbai,2023-02-08,113.08,195.78,85.44,30.52,3.149,63.0,8.7,77.6,3.8,187
Delhi,2023-07-25,63.79,109.99,39.77,9.63,1.858,51.4,29.2,70.3,10.1,152
Kolkata,2021-01-02,133.51,181.72,81.8,44.12,3.018,26.66,22.1,88.9,8.6,188
Jaipur,2024-03-13,101.99,164.85,52.17,23.28,2.224,46.01,30.2,58.2,4.8,169
Lucknow,2021-01-18,143.65,261.15,97.07,42.69,3.862,37.95,8.2,55.6,5.2,192
Kanpur,2021-05-16,69.97,102.68,52.39,22.13,1.901,40.22,33.7,36.0,13.1,156
Kolkata,2022-06-02,32.96,21.01,12.26,8.24,0.434,54.18,26.6,73.4,18.8,95
Jaipur,2022-02-10,89.41,236.51,54.29,28.36,2.634,43.05,26.7,70.8,8.8,169
Pune,2021-03-11,55.7,78.67,46.72,30.21,1.67,63.83,33.7,39.7,7.0,144
Bhopal,2023-11-27,93.47,176.58,48.17,31.55,2.113,60.82,26.9,52.1,7.4,180
Bangalore,2023-03-11,34.18,48.98,31.78,11.74,1.431,70.84,37.2,48.5,11.6,105
Agra,2024-08-13,44.26,72.42,30.36,11.58,0.837,39.91,27.0,77.8,17.2,125
Indore,2022-06-23,37.51,61.85,22.49,5.62,0.826,64.85,27.9,65.5,16.9,106
Patna,2022-11-15,84.58,164.69,55.98,34.01,2.72,50.36,25.7,41.2,11.2,166
Ahmedabad,2022-03-21,57.33,91.53,41.34,26.59,1.683,35.56,26.2,43.0,16.1,155
Pune,2023-08-04,18.03,38.27,8.03,3.82,0.2,76.72,35.5,80.0,18.8,62
Indore,2020-07-14,44.28,94.71,33.45,8.14,0.748,57.74,34.5,79.6,12.4,123
Kolkata,2021-06-14,59.14,82.98,16.58,7.2,0.947,77.19,26.1,65.8,12.5,149
Patna,2021-05-12,120.86,195.03,77.56,34.36,3.356,40.61,36.1,31.1,2.2,186
Agra,2024-12-01,119.01,179.18,70.35,26.35,2.361,32.7,19.4,81.6,10.7,190
Lucknow,2022-08-18,45.54,58.65,27.45,10.32,1.176,46.92,34.3,78.5,12.5,121
Hyderabad,2024-06-24,40.84,73.99,22.53,10.3,1.058,75.51,30.8,78.5,9.0,113
Kanpur,2022-07-17,30.14,73.39,14.54,12.75,0.638,40.35,29.6,83.1,17.1,98
Pune,2021-10-26,45.16,89.35,40.09,20.43,0.982,53.52,26.5,68.4,7.0,136
Meerut,2023-08-18,40.02,62.49,30.65,20.15,0.715,43.86,29.1,74.1,16.0,113
Bhopal,2024-08-02,26.45,73.29,23.58,8.8,0.85,43.8,30.0,82.5,13.3,87
Ahmedabad,2020-08-23,40.17,64.21,19.68,10.9,0.788,46.54,30.7,88.3,14.4,109
Nashik,2021-06-06,16.02,41.36,6.46,2.0,0.264,77.93,28.9,76.3,19.9,59
Lucknow,2024-08-28,48.81,68.31,23.32,9.89,0.633,59.41,26.2,83.0,14.8,134
Agra,2024-05-01,40.03,110.55,42.3,19.95,1.128,49.72,31.9,27.0,12.0,110
Bangalore,2023-05-03,14.41,55.07,25.7,9.81,1.161,60.21,34.9,23.4,16.4,54
Hyderabad,2023-07-21,28.92,56.97,25.59,5.87,0.2,70.12,30.8,77.9,15.6,95
Mumbai,2021-05-02,66.68,48.83,42.4,19.12,1.457,58.3,29.3,24.3,11.0,151
Bangalore,2021-01-12,65.01,123.54,47.7,17.82,1.888,50.25,13.9,85.3,6.9,158
Bhopal,2021-06-06,39.75,106.11,32.91,9.86,0.839,51.33,31.0,82.1,6.3,118
Faridabad,2024-07-04,57.54,101.83,36.86,11.93,1.476,35.04,31.7,81.0,10.1,152
Ludhiana,2022-05-31,63.93,106.73,39.53,25.41,1.664,38.23,43.6,39.4,13.6,155
Kanpur,2022-01-11,138.79,194.37,73.72,40.63,3.195,37.93,3.5,50.3,8.6,192
Ahmedabad,2024-10-02,81.32,137.88,60.61,24.51,2.086,41.5,18.5,60.6,5.1,163
Bangalore,2023-11-06,33.23,72.46,38.04,24.23,1.12,67.59,16.5,50.8,12.7,95
Kolkata,2022-07-10,43.01,60.5,15.49,16.83,0.611,64.22,27.1,94.5,16.9,113
Hyderabad,2022-07-30,29.01,34.42,30.94,9.45,1.003,58.84,33.9,73.7,12.1,90
Nagpur,2022-09-28,40.98,79.57,19.25,12.03,1.123,69.66,29.8,96.7,11.0,116
Bangalore,2023-09-14,16.96,49.52,6.09,9.26,0.692,62.19,27.8,75.0,17.8,67
Mumbai,2021-05-15,69.71,102.34,50.23,28.53,2.342,56.58,28.4,42.0,5.5,162
Kolkata,2023-03-24,78.97,126.2,40.09,25.17,2.113,49.6,22.4,46.1,12.6,163
Chennai,2023-01-07,68.99,161.87,62.05,34.52,1.888,62.75,14.7,74.5,5.7,152
Ludhiana,2022-10-02,79.46,162.17,51.84,23.13,2.21,58.82,18.6,54.8,4.4,164
Bangalore,2022-06-15,35.38,83.45,24.19,12.21,1.129,68.64,28.2,90.7,8.6,100
Pune,2022-09-21,26.4,57.47,18.51,17.6,0.65,75.48,26.2,82.3,10.7,81
Faridabad,2022-08-04,56.21,97.36,36.25,21.6,1.887,30.37,28.9,82.9,9.1,149
Meerut,2020-11-22,119.62,194.39,73.55,34.59,3.243,36.1,22.1,44.5,7.0,189
Faridabad,2020-06-22,41.16,78.48,33.79,12.75,0.481,40.0,29.3,79.6,18.0,119
Agra,2024-10-07,69.31,88.86,46.97,23.49,2.314,29.68,16.0,50.3,11.9,163
Ahmedabad,2021-11-24,94.56,146.12,64.48,34.99,2.326,43.78,29.2,35.1,8.1,170
Bhopal,2021-05-07,48.99,84.08,25.04,19.08,1.495,63.52,29.0,40.2,9.1,133
Kanpur,2020-11-27,138.58,195.58,78.42,31.56,2.534,44.69,21.3,71.9,10.2,201
Ahmedabad,2020-10-13,57.84,155.91,42.53,22.74,1.604,54.88,17.0,50.0,11.1,147
Nashik,2021-08-09,46.58,85.19,27.64,12.43,1.31,53.65,29.7,76.1,5.1,134
Bangalore,2020-06-23,28.7,30.41,26.17,7.67,0.578,69.25,33.6,87.2,11.2,74
Pune,2024-04-10,42.4,143.3,48.93,19.62,1.779,64.68,26.9,41.5,4.0,122
Meerut,2024-09-29,50.18,32.05,30.01,11.64,1.44,42.32,28.1,77.8,15.9,144
Ahmedabad,2024-05-07,73.17,119.99,41.58,14.34,1.515,59.83,31.5,61.7,12.1,160
Ahmedabad,2024-05-29,37.16,68.15,31.85,12.33,1.089,40.1,32.8,39.8,18.8,107
Hyderabad,2024-09-05,25.41,55.93,25.07,8.77,0.485,60.65,25.4,76.2,15.5,86
Chennai,2021-05-12,38.07,73.58,42.83,18.75,1.375,60.62,34.6,27.5,8.9,101
Nagpur,2022-03-15,58.56,100.66,30.5,12.63,1.318,62.25,33.1,45.9,12.6,150
Chennai,2024-08-18,36.23,49.89,35.66,2.16,1.476,72.71,30.3,86.0,11.6,104
Faridabad,2023-10-18,94.1,146.94,52.78,36.16,2.78,26.85,27.0,50.5,4.9,162
Meerut,2022-12-28,149.56,240.19,86.56,44.78,3.699,29.23,19.6,79.3,5.3,207
Ahmedabad,2023-10-09,58.4,128.27,50.25,23.63,1.66,48.85,22.4,50.4,9.7,153
Faridabad,2023-01-14,113.78,201.1,75.02,41.8,2.805,33.82,17.1,62.7,7.1,178
Ahmedabad,2020-04-02,51.26,99.68,34.25,24.33,1.539,54.3,31.2,42.5,12.1,135
Lucknow,2022-12-08,108.08,179.05,53.97,32.09,2.582,50.41,23.2,89.0,10.5,171
Jaipur,2020-07-10,62.12,133.9,24.29,16.81,1.032,64.47,31.2,85.3,10.9,159
Faridabad,2020-10-30,124.74,197.47,72.06,29.41,2.966,39.44,19.9,78.0,2.5,188
Pune,2020-05-17,55.58,90.88,39.45,17.09,1.325,62.98,34.4,47.2,8.6,150
Delhi,2023-08-05,66.87,120.83,47.34,20.49,1.08,50.91,26.8,73.0,9.0,152
Ahmedabad,2021-01-23,100.65,180.76,58.41,32.71,2.451,35.17,18.1,81.1,9.6,176
Agra,2024-06-02,56.91,59.1,22.94,20.67,1.427,42.04,27.8,90.4,14.6,153
Hyderabad,2024-10-10,49.03,133.41,52.99,15.4,1.977,53.74,30.1,84.5,6.5,135
Nashik,2024-03-12,41.41,68.88,34.44,2.54,0.347,78.71,42.5,42.0,13.8,113
Delhi,2024-04-22,120.01,202.21,76.74,28.35,2.832,46.28,22.8,30.7,5.5,184
Ludhiana,2023-05-20,57.38,117.54,36.06,11.55,1.718,43.86,36.8,29.7,13.0,150
Patna,2024-03-27,78.36,99.97,41.41,17.2,1.909,52.9,38.2,51.1,11.8,162
Kolkata,2024-01-11,124.64,184.13,79.21,36.33,2.933,59.48,7.5,74.5,2.8,193
Kanpur,2021-07-24,43.74,73.46,34.46,19.94,1.542,56.56,32.8,76.0,13.2,121
Jaipur,2024-07-23,46.17,92.0,24.03,10.29,0.88,53.38,26.0,76.8,11.1,123
Jaipur,2024-08-30,29.55,84.09,16.57,13.24,0.973,52.36,25.5,82.1,14.8,84
Bangalore,2021-12-05,82.58,124.48,73.98,22.85,2.655,38.23,9.6,63.1,2.6,164
Pune,2020-09-02,15.99,44.38,9.36,4.61,0.286,88.26,24.0,66.0,21.7,60
Indore,2023-10-09,51.59,87.35,36.65,18.27,1.316,63.07,23.8,49.0,11.5,148
Lucknow,2023-08-24,61.09,90.5,30.19,12.19,1.139,58.67,28.8,84.6,12.7,154
Kolkata,2022-05-23,85.24,137.88,63.18,30.4,2.318,49.99,32.2,31.0,8.0,166
Patna,2023-01-12,161.51,288.84,86.43,40.59,3.777,45.64,14.9,79.4,6.0,213
Patna,2023-12-30,156.12,234.53,76.6,36.0,2.623,32.02,3.7,68.9,7.4,210
Kolkata,2021-09-17,45.16,93.72,29.73,14.78,0.983,54.79,27.8,77.2,10.5,126
Jaipur,2021-05-22,98.57,162.3,49.22,25.23,2.478,50.23,25.5,44.9,7.0,173
Nashik,2023-10-18,37.49,72.68,35.09,13.86,0.821,71.72,23.4,61.6,12.4,114
Bangalore,2023-06-25,13.36,26.21,18.25,2.0,0.256,80.34,28.8,80.8,16.1,58
Chennai,2022-09-27,31.94,65.56,21.09,2.4,1.119,79.08,29.9,87.9,10.7,94
Indore,2022-08-04,25.68,42.21,30.29,2.0,1.102,47.27,27.0,65.5,16.2,78
Ahmedabad,2024-08-26,23.75,100.01,23.15,5.28,0.571,62.0,29.5,76.9,14.3,69
Kanpur,2023-03-21,62.58,114.38,52.27,17.19,1.908,46.06,31.6,44.8,11.9,153
Chennai,2021-07-03,43.07,51.2,26.38,8.06,1.085,67.05,26.7,79.0,9.5,120
Bhopal,2020-08-28,15.52,52.03,18.65,9.61,0.679,72.35,30.0,90.5,17.0,58
Pune,2022-03-31,26.16,56.03,30.74,2.0,0.706,62.78,30.8,21.2,15.2,80
Delhi,2024-03-17,101.48,188.97,72.05,28.08,2.387,50.77,39.3,22.8,8.2,175
Mumbai,2020-09-24,47.05,73.04,42.5,10.64,1.499,75.35,32.2,94.3,7.4,132
Bangalore,2022-05-21,40.69,71.49,26.19,15.35,1.746,72.69,24.4,43.8,10.0,112
Jaipur,2024-04-03,50.91,111.4,25.81,10.69,1.206,40.83,32.4,51.0,15.4,135
Ahmedabad,2022-03-19,55.24,120.13,39.31,15.89,1.826,54.62,33.1,44.4,13.7,149
Hyderabad,2020-05-22,57.14,89.25,43.98,22.26,1.756,45.79,29.8,53.7,9.9,156
Chennai,2024-10-10,47.73,56.67,42.94,15.49,1.678,68.38,26.8,51.9,8.5,131
Agra,2024-03-15,104.84,174.58,59.36,15.08,2.687,32.55,39.7,26.5,5.8,172
Ahmedabad,2022-04-30,65.41,112.36,34.52,24.95,1.179,58.73,30.1,42.6,10.7,161
Mumbai,2021-11-23,69.35,111.02,56.12,24.8,2.512,54.47,21.7,47.1,9.0,162
Faridabad,2020-11-18,120.38,202.68,89.21,32.26,3.392,47.32,25.5,53.9,7.6,182
Jaipur,2020-07-12,43.88,90.57,32.22,12.81,1.081,48.98,36.1,77.9,14.8,132
Patna,2023-07-30,33.94,64.12,19.9,10.44,0.642,62.61,28.1,80.8,21.9,83
Kanpur,2021-01-23,114.79,204.27,77.62,40.24,2.989,39.54,14.7,53.0,7.2,179
Indore,2020-12-24,89.7,168.34,44.78,35.87,2.198,26.08,10.6,72.0,8.9,169
Bangalore,2024-06-01,18.49,38.35,29.13,6.72,0.626,78.78,31.5,88.2,16.0,70
Mumbai,2020-03-22,57.52,93.22,60.21,17.05,1.907,66.32,29.1,31.6,8.2,150
Ahmedabad,2020-05-09,86.49,130.11,40.49,18.59,1.342,44.25,31.3,58.2,10.2,163
Pune,2020-07-05,21.91,30.65,8.43,7.52,0.476,76.66,31.7,74.6,19.7,77
Faridabad,2024-10-01,100.12,173.7,61.86,24.94,2.831,50.46,13.5,29.1,6.9,165
Pune,2020-05-30,42.99,72.22,32.25,16.07,0.874,72.5,31.6,38.6,11.5,116
Nashik,2022-01-09,67.46,121.7,48.78,20.6,1.649,53.51,12.8,60.3,6.9,157
Delhi,2021-01-28,193.47,317.08,113.85,38.94,4.24,39.74,5.5,70.2,5.4,246
Bhopal,2024-07-15,43.71,55.46,10.2,19.36,1.018,65.51,28.8,77.6,15.1,126
Faridabad,2023-09-08,67.69,114.46,45.11,17.43,1.678,41.03,32.0,78.3,11.0,158
Nashik,2023-05-13,61.74,105.42,33.18,17.95,0.882,80.74,41.7,31.4,8.2,154
Lucknow,2023-01-19,118.39,190.1,71.14,33.63,2.792,44.43,0.8,64.3,5.5,183
Nagpur,2020-11-28,98.95,132.94,49.55,21.15,1.873,58.76,24.3,50.7,9.6,176
Lucknow,2021-11-25,98.09,175.83,54.59,22.4,2.162,38.44,16.1,71.6,12.5,172
Bangalore,2020-08-23,17.51,22.13,19.08,4.55,0.694,52.93,33.7,77.9,19.1,62
Bangalore,2021-09-21,12.82,23.6,24.02,9.35,0.713,85.43,28.9,82.1,17.2,55
Kolkata,2021-01-30,116.22,165.27,63.88,31.13,1.908,59.63,19.0,72.0,9.0,184
Bangalore,2020-12-05,74.46,161.42,72.82,27.28,2.226,55.25,10.6,79.4,2.8,166
Pune,2022-10-15,43.43,98.64,45.12,18.63,0.779,70.7,23.3,61.0,6.8,114
Nashik,2022-06-25,13.35,30.93,16.14,7.36,0.595,89.91,30.1,66.4,10.9,55
Delhi,2020-08-12,74.6,89.99,54.02,15.04,1.833,56.08,32.3,85.3,11.2,167
Kolkata,2024-07-30,37.64,26.13,24.37,6.17,0.81,52.55,27.9,83.7,19.2,106
Meerut,2024-04-19,102.73,137.04,48.89,26.94,2.149,39.47,34.4,35.4,6.7,175
Faridabad,2024-06-18,60.99,112.08,39.71,17.3,1.281,52.8,31.8,76.8,11.0,147
Ludhiana,2023-03-28,100.44,136.35,48.35,29.56,1.81,49.25,38.4,54.7,9.2,180
Hyderabad,2023-07-16,49.51,71.46,24.37,16.97,0.418,60.53,30.7,67.2,11.9,146
Lucknow,2024-12-16,145.17,248.19,92.63,35.38,3.413,46.09,14.8,65.5,2.4,204
Mumbai,2023-08-28,22.35,57.63,18.11,7.39,0.851,78.12,30.8,88.2,13.2,73
Lucknow,2024-05-29,69.29,121.66,42.28,19.9,2.538,47.88,36.5,34.8,13.3,159
Chennai,2023-05-05,38.4,76.92,30.05,16.74,1.644,64.89,38.9,47.6,8.1,116
Agra,2024-07-27,73.21,143.08,35.74,13.85,1.857,48.85,27.6,84.1,7.6,160
Nashik,2022-01-07,81.77,150.75,47.06,33.84,2.201,50.64,14.2,73.8,5.7,169
Faridabad,2020-03-23,107.98,143.08,57.35,31.27,2.703,48.1,38.6,48.1,6.9,178
Nashik,2023-12-01,66.19,107.03,46.0,18.64,1.776,54.66,14.6,54.1,3.4,157
Lucknow,2020-09-12,47.36,63.57,14.95,6.99,1.023,41.43,30.0,84.9,14.7,124
Faridabad,2021-09-21,51.12,106.83,38.44,14.26,1.956,53.85,22.4,83.2,14.6,138
Bangalore,2024-08-15,18.59,42.26,13.74,7.87,0.73,83.45,30.6,71.4,14.1,66
Chennai,2023-02-12,82.17,160.14,65.87,29.45,2.327,52.48,18.2,57.1,6.3,159
Patna,2022-03-23,93.38,173.5,57.81,30.47,1.96,40.43,33.8,39.8,10.0,171
Indore,2024-08-24,39.53,55.39,15.03,2.52,0.634,55.63,28.8,72.9,15.6,110
Nagpur,2022-05-03,68.42,143.89,49.85,15.54,1.63,66.36,37.4,31.6,6.5,165
Kolkata,2020-03-20,56.49,84.78,52.47,12.54,1.314,43.72,38.5,32.5,13.9,156
Indore,2024-04-27,59.17,100.52,23.14,16.04,1.447,49.45,32.0,55.8,12.0,153
Delhi,2023-10-17,100.12,198.27,66.55,27.98,2.796,56.02,28.1,53.1,8.2,168
Ahmedabad,2021-04-07,85.96,131.33,54.23,32.12,1.816,52.11,34.0,46.5,9.9,169
Kanpur,2023-12-28,157.17,263.17,86.27,43.77,3.653,46.78,13.5,76.6,7.3,201
Mumbai,2021-04-13,44.59,110.35,35.16,19.49,1.664,47.77,34.5,34.7,13.7,125
Patna,2021-03-23,72.95,121.77,46.39,16.15,2.066,52.88,31.1,47.2,13.3,160
Ahmedabad,2020-09-14,29.41,85.98,19.18,11.23,0.241,53.49,31.9,86.9,16.5,85
Pune,2021-11-02,73.97,148.66,51.79,19.81,1.341,65.28,17.6,58.1,7.9,163
Lucknow,2022-07-02,54.29,60.25,35.26,18.36,0.914,65.38,32.0,89.0,11.4,146
Pune,2023-03-20,32.04,77.56,39.65,11.36,0.982,58.66,33.8,43.2,11.6,91
Pune,2021-11-26,79.65,102.02,53.89,20.53,1.403,44.78,25.6,62.3,9.5,170
Jaipur,2022-06-15,50.45,73.52,32.81,12.1,0.781,62.57,32.2,89.5,13.5,128
Nashik,2023-10-26,46.06,74.46,35.46,19.47,1.332,65.04,28.0,67.8,9.2,129
Bangalore,2022-11-28,50.19,93.94,34.42,18.49,1.442,69.11,15.9,59.1,9.5,137
Lucknow,2024-09-06,56.68,72.77,16.12,11.54,1.135,49.41,27.5,78.4,13.5,151
Delhi,2020-11-22,133.21,224.31,93.31,37.16,3.417,36.08,18.7,48.5,6.7,191
Jaipur,2023-04-01,71.47,120.39,44.46,26.47,1.527,41.45,30.7,50.6,14.7,165
Ahmedabad,2020-07-18,47.91,89.48,33.82,16.79,1.333,53.93,35.5,88.7,8.6,132
Meerut,2022-01-02,123.96,202.77,61.91,30.22,2.867,35.75,16.0,82.9,10.7,186
Hyderabad,2022-08-10,36.6,40.85,25.69,8.7,0.775,75.81,27.1,91.0,15.3,99
Pune,2020-05-04,39.87,119.45,47.31,13.85,1.719,59.06,39.9,50.6,9.0,119
Indore,2020-04-23,56.97,101.86,44.34,11.29,1.969,56.76,31.2,50.9,10.9,150
Mumbai,2023-03-03,56.25,92.99,42.5,16.67,1.919,63.11,31.1,30.9,8.7,161
Nashik,2020-07-24,19.4,26.79,5.86,5.25,0.607,67.82,26.7,71.3,16.8,60
Hyderabad,2023-02-04,101.39,188.72,68.2,27.18,2.674,44.23,7.5,52.4,6.0,172
Ahmedabad,2023-05-07,42.11,80.46,31.21,13.52,1.243,39.46,42.6,39.5,16.3,113
Chennai,2021-03-25,65.53,102.55,51.88,28.17,1.522,59.8,39.4,25.2,7.7,155
Hyderabad,2020-11-11,71.56,150.36,60.12,26.5,1.733,48.76,28.2,57.3,6.2,170
Jaipur,2023-08-18,34.65,63.57,9.69,7.14,0.977,53.41,35.9,88.1,13.7,97
Kanpur,2021-10-02,85.29,156.31,54.91,29.68,2.693,49.65,18.0,60.8,7.0,176
Kanpur,2022-04-11,121.67,178.63,76.37,38.91,3.264,41.18,35.3,33.2,6.2,188
Lucknow,2021-06-02,49.72,58.63,13.95,13.38,1.089,52.52,29.7,91.6,15.4,130
Mumbai,2020-02-13,112.78,192.8,83.54,27.43,2.608,63.03,21.8,78.2,5.0,181
Faridabad,2020-08-24,17.29,44.32,19.11,6.25,0.933,62.38,31.8,66.3,23.7,57
Ahmedabad,2024-08-11,25.6,48.45,25.16,10.9,1.208,68.99,29.3,76.7,18.0,75
Bangalore,2023-01-02,62.98,98.48,48.87,17.05,1.586,56.57,10.8,51.6,7.8,154
Agra,2023-01-30,107.31,170.38,58.43,30.71,2.679,32.41,14.1,76.7,9.9,175
Kolkata,2023-03-11,58.64,75.01,35.92,16.7,1.053,50.86,41.8,46.9,14.6,152
Nagpur,2023-02-21,92.89,164.4,70.79,31.74,2.908,46.61,27.1,72.0,7.5,181
Ahmedabad,2024-03-01,42.42,81.73,17.87,13.92,1.415,71.44,29.2,35.1,17.9,115
Pune,2022-06-27,28.14,44.77,22.1,4.15,0.2,72.94,32.5,78.7,12.7,85
Ludhiana,2020-07-20,34.47,53.95,11.51,6.67,1.112,49.05,28.2,78.5,16.7,99
Hyderabad,2021-06-26,6.85,29.52,8.71,2.0,0.395,57.89,30.4,73.9,19.9,29
Lucknow,2020-05-08,58.7,104.38,42.59,19.27,1.944,47.13,37.2,60.5,12.0,152
Pune,2024-03-08,37.96,84.53,34.1,12.72,1.431,59.01,39.7,26.0,9.8,107
Lucknow,2024-04-11,113.95,180.68,55.12,30.95,2.081,51.57,30.5,37.7,7.2,178
Ludhiana,2022-03-29,60.45,91.1,46.81,15.3,1.016,69.17,32.0,27.3,12.3,159
Hyderabad,2022-02-23,66.76,155.63,55.72,21.98,1.778,47.83,18.1,77.9,7.5,151
Bhopal,2021-02-05,73.27,125.35,38.71,25.56,1.361,58.29,13.2,78.3,10.4,166
Delhi,2022-05-09,92.55,132.99,65.43,18.86,2.062,41.25,36.9,51.0,10.9,170
Indore,2022-08-25,32.85,77.76,24.03,13.29,0.904,59.22,31.4,66.7,12.7,92
Mumbai,2020-04-14,44.87,78.41,63.74,7.29,1.857,56.68,32.7,18.7,12.3,125
Hyderabad,2022-11-06,90.78,157.62,61.36,26.15,2.546,61.47,26.9,44.9,3.8,167
Pune,2022-06-12,29.96,46.72,20.26,5.11,0.247,59.69,31.3,63.0,20.1,94
Bangalore,2023-08-15,17.87,36.11,28.17,4.11,0.604,73.22,28.7,67.3,14.5,62
Indore,2021-06-18,36.3,81.49,18.56,6.13,0.94,64.92,31.9,80.5,13.6,94
Delhi,2021-03-08,78.17,122.61,51.26,19.23,1.44,34.84,31.0,40.5,15.3,172
Hyderabad,2021-05-08,57.92,112.28,47.51,21.44,1.522,66.32,34.8,38.0,6.2,152
Kolkata,2024-02-16,151.0,235.76,91.83,37.24,3.624,39.0,19.0,60.1,3.4,201
Nagpur,2023-11-26,89.86,174.11,71.36,28.66,2.388,48.03,24.9,41.4,3.1,167
Ahmedabad,2024-07-05,29.33,42.16,15.44,6.81,0.342,60.6,31.5,84.9,18.6,87
Jaipur,2021-12-17,103.9,218.53,49.51,18.28,2.211,40.83,4.2,76.4,7.4,179
Ludhiana,2022-07-08,58.02,127.17,29.86,17.68,1.117,65.44,34.3,85.9,12.8,156
Mumbai,2021-03-27,43.25,48.35,23.94,11.73,1.053,63.83,26.9,34.8,14.6,118
Nashik,2021-04-24,60.23,102.98,49.27,19.85,1.93,48.67,34.5,51.5,5.4,151
Kolkata,2023-10-28,96.27,137.72,63.84,27.03,2.276,57.41,26.8,53.8,6.8,168
Ludhiana,2022-01-06,116.97,187.43,57.35,29.42,3.067,53.35,17.9,62.8,4.8,189
Indore,2024-03-25,53.14,106.53,40.98,16.83,2.184,52.2,32.7,49.5,9.1,139
Jaipur,2020-03-21,77.03,182.84,53.42,21.18,2.096,38.44,33.7,41.9,8.3,160
Meerut,2020-09-24,18.88,41.52,12.18,3.0,0.877,54.65,28.3,71.7,21.2,63
Agra,2023-03-13,84.83,163.75,53.03,24.26,2.549,48.85,30.9,23.8,8.0,168
Mumbai,2020-07-23,36.38,76.93,25.65,8.24,1.105,71.46,29.3,86.2,11.5,101
Pune,2022-08-29,35.01,58.56,13.64,6.92,0.758,67.06,30.2,67.5,14.1,96
Lucknow,2021-10-14,63.97,92.86,43.38,17.64,1.237,32.82,17.5,45.3,9.4,153
Kanpur,2020-07-10,47.56,79.7,27.89,21.05,1.518,56.22,29.1,73.1,10.6,140
Lucknow,2020-06-18,93.61,138.28,47.03,13.97,2.196,39.56,31.8,80.6,2.0,171
Jaipur,2022-08-08,42.89,97.09,24.66,7.34,1.103,37.49,30.6,77.7,13.8,121
Bhopal,2024-12-26,82.27,192.7,59.92,28.29,2.232,59.92,11.4,77.8,7.5,166
Agra,2024-05-17,91.88,168.47,53.37,29.85,2.673,39.33,35.7,47.4,8.4,165
Jaipur,2021-11-13,136.14,239.56,73.78,32.74,2.854,52.15,22.0,65.6,7.6,203
Kolkata,2024-10-28,107.71,201.46,61.61,35.88,2.628,51.93,28.6,66.6,2.0,178
Meerut,2021-01-03,131.96,229.04,71.99,40.86,2.947,40.77,17.2,73.0,8.4,186
Mumbai,2021-06-25,51.92,76.48,30.39,7.22,1.143,63.49,29.4,94.5,12.6,150
Kanpur,2021-11-27,107.41,187.73,77.62,34.47,2.839,37.75,19.5,49.7,9.0,181
Nagpur,2020-08-12,37.86,83.29,26.95,5.92,0.8,66.81,24.1,71.6,11.7,106
Patna,2023-11-12,108.98,186.64,62.06,29.04,2.84,37.8,29.8,67.5,12.9,177
Nashik,2023-03-10,33.65,87.43,22.38,12.35,0.661,61.62,29.1,25.0,11.5,99
Bangalore,2021-05-23,42.05,71.43,28.41,8.44,0.875,77.72,21.4,33.1,14.4,114
Lucknow,2020-10-08,85.93,107.71,40.49,27.98,2.061,43.94,24.0,43.7,8.8,167
Ahmedabad,2023-08-07,53.24,109.54,29.66,17.14,1.109,67.36,32.0,87.1,10.5,149
Agra,2021-11-22,116.45,174.8,63.69,31.25,2.448,43.78,20.3,58.1,12.0,181
Nashik,2020-01-03,57.76,132.03,46.75,16.67,1.451,47.62,17.4,79.8,11.2,153
Agra,2022-06-28,49.55,94.65,24.55,9.34,1.36,42.81,33.1,79.3,14.2,137
Nashik,2023-04-22,36.42,115.23,39.36,22.25,1.398,71.45,38.8,43.1,4.6,108
Bhopal,2022-05-03,64.17,127.5,36.18,23.0,1.58,75.98,34.7,38.0,6.2,162
Hyderabad,2024-11-04,67.35,76.52,35.94,11.49,1.507,48.44,20.4,49.4,12.4,158
Mumbai,2024-12-27,98.86,148.01,93.38,36.14,3.062,29.48,14.0,41.1,2.4,171
Nashik,2022-09-05,19.65,48.72,17.52,5.96,0.83,65.19,29.9,76.7,19.1,67
Bhopal,2024-08-25,25.12,56.04,20.76,6.18,0.932,78.77,29.7,80.4,13.9,74
Kanpur,2021-08-17,57.75,141.81,30.08,21.72,1.298,50.97,26.1,87.7,12.8,148
Indore,2022-07-17,39.87,53.6,15.86,6.08,1.09,61.87,31.1,71.3,11.7,117
Nagpur,2023-04-30,67.73,126.63,54.37,28.16,2.088,65.54,32.7,36.8,8.7,161
Nashik,2022-06-30,36.58,65.51,22.23,9.92,0.836,59.26,29.9,82.5,5.5,102
Kanpur,2022-11-20,163.37,248.25,89.43,40.87,3.469,42.54,19.5,64.0,6.7,222
Nashik,2020-07-29,44.9,93.64,25.21,9.59,1.258,78.83,30.1,75.5,9.0,120
Agra,2020-12-04,160.5,256.24,103.98,41.57,3.935,39.59,10.3,75.6,4.3,213
Jaipur,2020-10-29,43.93,88.81,38.22,5.35,1.104,54.48,25.5,50.2,11.5,123
Bangalore,2020-06-15,40.5,55.11,22.36,11.95,0.978,87.37,26.3,83.2,6.9,107
Lucknow,2020-07-29,34.52,44.74,23.41,5.57,0.714,43.54,32.4,79.5,16.2,94
Meerut,2022-10-05,57.61,74.56,27.37,7.99,1.319,34.45,25.6,52.5,16.2,142
Agra,2024-07-18,33.83,83.8,18.25,9.14,1.129,63.31,33.0,84.3,11.0,103
Indore,2021-03-28,54.27,131.12,32.78,15.14,1.585,52.73,36.3,59.8,8.1,151
Nashik,2022-03-26,52.44,88.25,33.06,21.07,1.132,53.44,27.1,40.0,7.7,148
Kolkata,2023-08-06,46.12,56.35,38.1,18.4,0.89,63.79,32.2,94.6,13.7,133
Ludhiana,2023-09-08,57.37,100.48,21.46,15.06,1.911,69.11,34.8,78.4,8.7,154
Kanpur,2022-10-02,66.99,123.32,21.42,22.46,1.747,52.69,28.3,57.4,14.0,160
Indore,2023-08-01,23.1,75.31,34.17,5.22,0.921,67.62,27.5,75.7,6.0,75
Nashik,2020-04-28,29.9,95.54,26.32,15.17,0.847,75.18,26.2,40.7,12.3,89
Indore,2022-07-03,38.2,86.73,21.23,11.45,1.536,76.76,27.1,90.0,13.2,106
Bangalore,2020-05-25,43.76,72.26,32.12,10.09,1.771,76.17,26.4,40.7,8.0,129
Kolkata,2021-05-14,63.41,97.74,39.22,17.2,1.098,54.2,39.7,43.2,13.7,155
Lucknow,2022-11-16,105.22,190.92,62.25,29.35,2.956,43.91,27.5,64.9,12.9,181
Bangalore,2023-12-18,62.99,117.99,53.49,17.81,1.457,66.9,14.9,84.6,7.1,155
Jaipur,2020-04-17,71.31,156.46,41.33,20.85,1.766,40.88,40.3,33.6,9.6,152
Kanpur,2023-02-03,139.55,206.78,88.34,35.68,3.909,42.08,9.7,65.6,6.9,199
Jaipur,2022-11-04,98.14,213.51,61.18,31.28,2.36,48.58,19.3,68.8,7.5,170
Ahmedabad,2020-03-09,48.22,116.37,39.6,17.11,1.879,37.82,43.9,42.3,12.0,128
Ahmedabad,2024-09-12,33.26,89.28,25.14,8.08,1.12,58.42,36.6,73.7,12.5,95
Delhi,2024-12-03,166.08,258.41,105.22,45.05,3.925,41.57,21.5,54.3,7.6,221
Bangalore,2023-03-24,40.39,74.26,34.32,10.18,1.02,59.28,32.8,56.1,14.0,112
Bhopal,2022-04-25,58.61,109.38,33.57,16.68,1.896,67.54,23.0,40.0,9.5,152
Mumbai,2020-04-27,37.69,63.45,49.58,17.93,1.583,50.23,34.5,42.0,12.1,102
Lucknow,2022-04-11,100.03,127.27,43.27,29.24,1.982,55.58,29.1,37.4,10.5,180
Bangalore,2022-04-08,23.0,60.89,37.48,4.78,0.787,73.0,26.0,46.9,9.3,81
Delhi,2021-04-02,89.84,140.56,69.25,20.79,1.886,31.24,33.6,27.5,12.8,172
Kanpur,2021-10-16,103.95,138.91,58.37,26.17,2.422,48.34,16.5,60.0,8.9,178
Nagpur,2020-12-15,114.87,209.99,57.63,32.18,2.648,56.38,-1.0,69.2,6.5,177
Nagpur,2020-03-23,75.16,118.26,51.18,21.2,1.581,54.01,35.7,49.0,9.7,160
Indore,2020-04-17,44.55,81.04,39.77,18.01,1.628,64.15,33.0,33.3,10.1,119
Indore,2021-08-07,30.17,65.43,13.3,6.7,0.772,64.39,30.2,71.1,17.1,88
Nagpur,2024-12-05,91.1,209.15,62.95,41.74,2.607,59.06,14.3,54.9,1.7,164
Nagpur,2021-07-30,32.84,59.3,8.64,9.52,0.661,69.14,33.4,86.1,17.3,95
Lucknow,2020-03-16,78.13,140.9,51.2,23.07,2.152,50.48,34.2,36.4,9.6,162
Meerut,2024-03-06,140.49,185.76,75.99,37.33,3.176,43.55,42.7,44.4,1.7,192
Indore,2024-01-21,98.37,201.89,68.13,36.14,2.296,41.32,11.8,62.8,4.3,172
Bangalore,2024-08-10,23.07,34.03,5.0,4.4,0.2,82.18,30.2,82.7,26.7,74
Delhi,2022-02-04,155.32,238.81,103.0,34.93,3.512,39.23,22.1,55.3,7.5,206
Kanpur,2022-11-07,174.82,252.37,91.28,51.92,4.133,45.44,29.5,67.8,3.4,221
Mumbai,2020-05-19,41.96,65.4,41.61,17.0,1.202,63.32,34.3,45.1,10.5,127
Kolkata,2020-03-22,97.98,172.06,43.83,30.33,2.382,63.96,25.3,61.4,8.5,168
Jaipur,2024-06-02,52.38,125.28,28.2,14.47,1.722,61.43,28.4,83.5,7.1,143
Meerut,2023-09-25,47.35,55.3,33.66,15.14,1.3,60.93,34.2,77.0,14.4,125
Lucknow,2023-09-30,24.93,80.03,24.39,13.12,0.818,59.48,28.1,82.5,20.8,73
Chennai,2022-05-10,55.27,90.39,44.3,15.41,1.622,68.33,28.0,34.5,8.9,147
Bhopal,2021-08-02,35.54,46.51,16.51,8.5,0.978,81.77,29.6,84.7,14.9,92
Chennai,2023-03-31,51.57,85.44,32.13,15.21,1.353,63.46,30.8,48.1,12.2,137
Jaipur,2022-06-13,32.66,73.92,13.42,2.0,0.842,60.32,29.4,91.0,13.2,97
Ludhiana,2023-02-04,130.43,222.68,67.66,39.46,3.428,47.78,19.9,67.8,3.9,190
Ahmedabad,2022-08-17,21.69,59.69,11.15,4.35,0.625,53.91,33.1,79.6,18.7,64
Nagpur,2022-08-30,30.13,52.38,24.25,4.06,0.809,64.54,28.9,64.6,13.8,89
Ahmedabad,2020-06-03,54.67,92.78,33.69,17.27,1.864,61.06,32.8,68.3,11.0,146
Chennai,2021-10-31,56.02,137.25,51.62,24.51,1.934,68.09,23.6,68.8,2.4,147
Mumbai,2022-01-26,93.44,163.77,86.1,26.06,1.761,52.99,16.8,89.5,4.4,175
Delhi,2022-12-19,117.5,197.32,83.59,24.92,2.636,38.22,21.9,66.3,9.0,186
Mumbai,2020-11-01,62.52,102.0,52.44,15.65,1.646,36.78,19.4,68.6,12.5,159
Ahmedabad,2021-02-15,92.21,167.75,60.41,31.43,2.19,54.23,12.7,49.5,7.4,174
Bangalore,2020-02-05,78.04,103.23,53.87,21.47,1.481,68.75,8.7,67.5,5.0,162
Mumbai,2022-08-14,48.1,51.53,37.13,11.76,0.709,51.89,26.0,79.5,13.6,141
Chennai,2023-12-03,65.77,137.76,51.97,19.53,1.803,58.0,15.2,80.7,7.5,158
Nashik,2023-12-08,79.22,162.7,64.69,16.88,1.819,56.11,17.8,66.9,2.0,168
Meerut,2021-12-31,117.27,235.88,76.42,38.41,3.396,47.88,2.8,69.0,6.2,187
Chennai,2020-03-23,72.86,100.26,37.94,21.9,1.83,61.67,28.8,37.3,7.3,164
Ahmedabad,2024-03-07,52.02,118.13,29.17,18.96,1.667,43.39,23.5,27.0,12.3,147
Pune,2022-05-28,43.59,58.25,25.96,11.95,1.475,57.12,36.7,42.2,12.2,123
Kanpur,2020-12-16,191.19,327.5,104.42,53.51,4.261,32.25,17.7,74.0,0.7,239
Jaipur,2021-11-23,118.88,276.88,83.99,38.35,2.909,39.49,24.8,42.1,4.7,191
Jaipur,2023-11-19,107.83,159.99,55.13,20.71,2.095,51.68,26.6,55.8,7.4,172
Chennai,2023-01-09,95.99,156.48,65.27,32.0,2.39,56.77,5.5,74.8,5.9,173
Ludhiana,2024-12-13,132.33,189.62,72.72,36.64,2.911,46.52,17.6,63.6,4.9,195
Patna,2022-02-25,186.64,273.04,103.17,40.15,3.822,47.77,17.7,88.6,3.5,240
Hyderabad,2023-01-16,96.46,170.84,56.35,30.89,2.27,43.64,15.1,75.9,8.6,174
Ludhiana,2022-07-26,72.04,108.32,26.39,16.05,1.342,31.94,29.0,81.9,10.3,160
Ludhiana,2020-12-02,117.99,185.84,62.46,27.92,2.491,42.72,7.7,79.3,11.5,186
Nashik,2022-10-23,66.14,100.77,32.62,9.61,1.736,69.48,22.2,68.3,8.0,159
Nagpur,2023-12-16,84.69,153.3,71.74,21.94,2.854,46.94,17.7,71.8,5.2,169
Ahmedabad,2020-03-21,86.93,114.52,42.33,36.03,2.245,45.32,37.1,39.1,6.6,167
Bangalore,2023-08-27,12.89,10.0,11.59,7.72,0.816,76.53,32.8,67.8,12.7,59
Nagpur,2024-08-23,21.89,10.0,18.23,3.67,0.387,58.07,31.2,79.0,25.6,72
Jaipur,2021-10-23,70.78,113.82,30.0,14.0,1.661,53.37,28.6,51.0,10.3,160
Meerut,2024-08-24,48.82,56.75,24.58,8.91,0.212,71.67,30.9,81.9,10.3,131
Bhopal,2023-11-25,70.49,125.39,57.53,24.01,1.786,46.35,25.1,38.1,11.0,160
Delhi,2022-02-27,147.48,272.8,92.84,32.67,3.44,45.81,26.1,72.7,6.4,198
Faridabad,2024-01-23,193.07,278.77,108.81,50.81,4.156,41.4,13.7,85.9,2.1,241
Nagpur,2021-10-11,70.03,146.76,65.94,27.57,2.406,62.41,19.0,51.0,5.6,156
Faridabad,2024-11-02,118.62,204.05,79.44,33.13,3.118,34.0,18.5,55.5,8.1,185
Delhi,2021-03-11,76.74,112.79,52.58,15.8,1.941,45.37,30.9,46.3,13.8,156
Delhi,2021-06-26,39.45,64.76,25.55,8.46,0.622,59.66,28.4,75.2,16.2,116
Chennai,2021-02-27,72.41,145.26,60.54,23.88,2.328,55.45,16.4,71.0,7.4,160
Mumbai,2022-05-08,55.32,123.28,65.7,16.31,1.484,52.73,29.4,24.2,9.8,146
Meerut,2023-03-08,80.87,133.61,39.54,25.31,2.055,39.31,34.6,59.3,10.1,165
Chennai,2020-11-04,74.04,119.05,53.01,21.74,1.582,36.45,20.4,59.1,10.2,163
Jaipur,2021-11-30,93.2,213.47,47.53,28.8,2.127,29.26,27.5,60.7,11.2,168
Lucknow,2021-05-07,117.78,178.02,68.98,27.99,2.996,42.98,34.4,32.3,4.5,188
Bhopal,2022-10-15,90.05,144.59,52.11,24.33,2.117,54.28,27.6,46.9,2.1,164
Patna,2021-12-29,137.06,194.22,68.71,24.55,3.02,47.37,16.4,68.7,6.8,200
Agra,2022-06-18,42.74,73.39,21.07,13.73,1.209,47.22,31.7,90.5,17.1,125
Pune,2022-12-26,83.11,193.4,63.4,34.91,2.076,71.51,19.3,72.2,4.0,161
Ahmedabad,2024-03-05,61.36,110.39,39.84,23.99,2.043,54.92,37.7,26.1,10.5,154
Delhi,2022-07-17,77.94,124.77,48.77,18.55,1.752,53.12,30.4,77.3,11.5,168
Pune,2021-12-19,89.75,153.11,60.65,30.45,2.119,64.96,7.7,62.6,5.6,161
Lucknow,2022-05-09,85.57,119.99,39.95,13.51,1.434,36.75,24.7,41.0,11.3,176
Patna,2024-05-23,105.63,152.16,65.1,24.46,2.631,44.42,35.5,42.4,7.4,174
Chennai,2023-04-27,75.06,106.3,50.63,29.03,1.292,46.09,35.1,43.6,6.2,163
Delhi,2022-07-29,33.79,31.58,21.35,5.51,0.2,54.5,26.4,79.7,18.7,98
Kanpur,2021-06-17,66.52,123.4,47.36,15.81,1.009,55.36,33.6,91.5,12.1,163
Ahmedabad,2021-09-15,56.49,86.7,24.19,13.48,1.105,56.84,26.5,78.5,13.3,156
Hyderabad,2020-03-16,57.08,125.69,44.9,25.47,0.88,58.39,42.3,51.5,10.5,150
Bhopal,2023-12-20,114.19,215.34,75.95,32.12,2.86,50.8,14.3,78.9,3.7,179
Bhopal,2024-09-02,17.34,42.39,11.23,2.57,0.715,68.31,28.8,76.4,18.6,58
Agra,2022-05-20,69.0,105.99,40.15,19.74,1.604,49.11,37.4,44.5,13.2,159
Bangalore,2023-06-02,29.37,76.43,25.2,3.41,0.233,83.1,28.6,93.7,9.1,87
Bhopal,2024-04-16,47.38,108.57,39.73,9.69,1.215,58.72,34.1,23.8,8.9,129
Bhopal,2024-06-16,39.29,64.96,21.58,6.05,0.786,66.08,26.5,86.7,14.2,107
Bhopal,2024-05-08,39.47,80.32,25.66,15.65,0.873,61.7,34.5,35.1,12.7,108
Jaipur,2022-02-26,133.27,222.69,61.97,35.22,2.547,40.45,28.2,72.9,5.6,180
Mumbai,2023-09-20,39.77,42.75,23.55,9.02,1.203,55.98,24.9,82.7,18.0,110
Jaipur,2024-06-04,35.28,50.64,14.57,12.98,0.654,65.73,34.5,84.6,17.2,104
Nashik,2023-06-03,23.59,32.7,18.62,11.08,0.604,74.79,25.0,90.5,11.5,66
Chennai,2023-08-19,29.84,45.64,16.12,14.03,0.789,51.88,29.7,92.8,16.7,85
Agra,2020-07-22,67.62,131.83,37.02,17.32,1.624,59.29,30.1,80.6,5.5,158
Jaipur,2022-12-29,129.86,289.54,77.3,38.98,3.278,32.81,20.0,58.6,4.1,198
Meerut,2020-05-28,89.9,176.03,44.3,25.16,2.327,46.11,34.5,49.2,11.9,167
Hyderabad,2023-04-02,49.54,87.08,49.85,20.63,1.7,67.63,39.6,25.7,3.8,133
Bhopal,2024-05-07,55.35,100.22,36.15,14.83,1.662,65.66,36.0,47.1,10.2,153
Jaipur,2021-08-28,35.09,71.81,27.96,11.78,0.785,51.93,29.9,80.3,13.1,97
Ahmedabad,2020-03-08,49.84,124.72,21.68,18.8,1.131,37.78,33.3,47.1,14.1,135
Bangalore,2024-05-07,36.49,74.31,37.59,13.56,1.024,55.16,21.7,32.8,8.3,101
Agra,2021-08-14,47.13,58.46,27.24,8.37,1.419,55.46,27.1,72.5,15.5,133
Kanpur,2021-09-12,55.02,51.73,27.09,10.83,1.598,48.42,29.6,62.6,14.1,156
Nashik,2023-12-30,88.04,184.79,53.83,25.16,1.847,48.43,9.5,61.1,2.6,158
Nagpur,2023-11-20,81.93,142.85,52.59,24.28,1.92,45.39,16.9,66.7,6.7,166
Ludhiana,2022-11-03,75.59,155.23,44.24,20.41,1.983,55.3,23.8,69.4,12.6,158
Mumbai,2021-04-29,64.48,109.32,64.78,23.67,2.052,57.75,38.0,33.8,5.1,168
Ludhiana,2024-06-25,56.45,102.5,38.46,18.78,0.912,66.82,31.0,89.9,11.9,159
Patna,2021-05-31,92.42,97.07,42.56,14.09,1.814,38.91,25.8,35.4,13.5,165
Jaipur,2024-03-20,55.86,135.85,43.98,19.74,1.595,44.03,41.7,43.1,12.0,150
Bhopal,2021-02-22,95.04,165.07,69.51,30.18,2.619,58.85,19.8,69.1,2.8,172
Indore,2020-09-27,30.14,54.57,10.23,7.54,0.359,67.83,29.7,68.8,16.7,498
Hyderabad,2024-12-08,106.43,208.74,70.61,28.94,2.848,65.9,13.0,73.4,1.9,174
Ahmedabad,2020-01-29,119.4,200.13,63.37,35.05,3.111,39.25,24.0,40.1,6.3,185
Bangalore,2020-03-07,25.02,50.62,23.04,10.84,1.046,75.91,31.9,46.4,16.3,81
Agra,2023-10-29,76.26,174.14,55.73,24.78,2.346,62.63,26.3,49.8,7.8,163
Indore,2020-04-28,38.4,141.31,42.29,18.47,1.4,53.37,33.8,32.2,11.1,102
Patna,2020-04-24,77.37,102.41,30.13,11.85,1.67,54.96,38.6,38.6,16.3,159
Hyderabad,2024-06-05,23.69,23.74,25.12,7.52,0.524,58.52,31.6,76.8,18.6,80
Bangalore,2024-04-14,45.76,28.87,38.41,12.04,1.171,63.54,38.9,40.2,11.7,123
Indore,2023-03-21,44.28,96.56,44.97,18.11,1.89,51.32,40.7,15.7,12.4,122
Lucknow,2020-04-19,65.39,120.75,44.65,21.16,1.64,63.22,34.6,37.4,11.5,158
Ludhiana,2021-05-11,55.58,92.18,40.11,13.65,1.53,54.92,38.3,43.0,12.4,150
Bangalore,2024-03-07,29.36,84.86,35.36,14.3,1.388,69.22,32.7,25.1,12.4,95
Ludhiana,2024-06-21,53.88,85.94,29.52,18.82,1.506,56.29,29.2,75.3,11.9,146
Faridabad,2021-05-26,82.42,122.13,55.61,20.87,2.327,44.22,31.5,54.8,12.6,166
Mumbai,2023-04-10,46.62,86.64,46.86,23.58,1.527,69.95,38.8,26.2,9.4,127
Bhopal,2023-07-06,24.77,36.04,11.24,2.0,0.625,74.27,27.6,77.8,20.9,78
Delhi,2020-02-24,135.9,267.02,73.13,27.9,2.866,31.08,20.8,79.5,9.7,198
Chennai,2023-10-01,56.72,94.42,33.36,22.44,1.804,62.39,26.7,30.3,7.0,156
Ahmedabad,2023-11-14,108.67,212.5,61.02,35.75,2.456,42.84,25.4,68.3,9.2,178
Mumbai,2023-09-08,53.63,85.88,38.25,9.43,1.074,63.13,31.5,64.4,5.8,139
Hyderabad,2021-06-04,15.95,57.11,18.36,2.0,1.048,66.61,34.5,84.1,16.4,58
Kolkata,2023-10-09,67.83,136.14,46.69,24.21,1.309,56.57,31.0,59.1,11.4,146
Pune,2023-09-28,25.91,93.88,28.6,14.96,0.514,70.45,27.9,77.9,12.3,82
Faridabad,2021-12-10,141.82,230.56,89.37,41.28,3.673,30.03,16.2,60.2,6.5,197
Bhopal,2021-03-28,51.82,78.06,26.22,17.26,1.124,57.46,31.0,54.4,12.4,141
Lucknow,2020-04-27,61.8,113.03,36.16,18.01,1.57,45.91,36.4,43.1,11.7,146
Faridabad,2022-06-06,56.84,88.35,31.85,12.74,1.192,47.38,28.3,73.5,13.3,143
Agra,2021-10-23,81.81,119.43,47.92,24.82,1.369,46.28,19.5,60.1,10.7,170
Kanpur,2020-06-25,45.69,62.17,32.1,5.96,0.636,52.57,31.2,84.7,18.9,126
Lucknow,2023-09-15,50.09,60.2,32.96,8.88,1.162,67.5,28.8,79.6,16.6,137
Agra,2020-10-26,71.78,105.47,44.82,16.89,1.821,35.96,31.8,51.0,11.6,151
Pune,2022-10-01,43.28,93.86,26.38,15.35,1.141,84.23,21.2,58.1,8.3,119
Agra,2024-11-25,142.67,231.18,87.71,40.73,3.479,38.74,24.8,64.3,6.0,195
Meerut,2021-07-29,46.83,43.51,21.81,2.0,0.247,52.24,23.5,87.5,16.2,127
Kanpur,2022-10-16,71.17,133.06,44.89,20.39,1.924,45.96,22.1,61.7,9.0,164
Delhi,2023-12-31,185.54,313.0,106.05,45.49,4.389,24.24,20.9,61.1,0.6,232
Hyderabad,2024-08-07,40.21,71.39,29.83,10.15,0.91,71.49,30.1,81.3,4.4,120
Faridabad,2022-02-01,141.39,204.98,88.75,36.4,3.161,29.58,17.2,61.0,8.7,191
Bangalore,2024-01-23,56.67,121.03,55.43,19.22,2.575,53.47,11.5,72.8,6.6,157
Lucknow,2023-09-07,45.8,104.91,28.3,8.74,0.76,47.0,30.7,85.1,11.5,125
Ahmedabad,2023-05-05,71.53,132.65,33.36,18.67,1.431,46.81,29.8,53.7,12.7,150
Kanpur,2023-12-05,126.34,213.98,77.91,41.07,3.39,49.26,8.0,56.4,6.8,189
Indore,2021-09-10,43.59,62.86,21.38,10.38,1.024,67.9,29.7,87.5,8.0,124
Kanpur,2023-12-31,185.28,321.23,111.14,54.48,3.918,30.15,15.7,82.3,1.9,237
Agra,2024-08-16,49.69,83.38,34.23,7.87,0.72,42.47,29.3,74.2,13.7,139
Nagpur,2022-01-18,127.64,219.73,73.54,24.32,2.81,34.24,10.9,85.9,5.2,189
Lucknow,2021-01-08,117.66,190.68,59.49,33.09,2.413,43.25,6.1,66.1,5.9,184
Bangalore,2022-07-18,15.21,55.96,23.28,14.55,1.066,70.1,28.1,86.5,16.6,62
Hyderabad,2024-04-06,43.55,75.72,41.16,13.72,1.162,53.9,36.8,27.8,9.2,126
Mumbai,2020-05-30,63.57,93.82,53.63,22.23,1.866,68.19,33.7,59.6,9.9,157
Jaipur,2024-05-12,47.11,91.58,38.87,11.4,1.382,52.16,33.0,39.3,12.9,127
Lucknow,2021-08-24,41.04,48.47,33.66,7.61,1.239,58.96,29.0,74.8,15.7,109
Nashik,2021-05-05,39.48,83.47,45.99,18.67,0.784,87.23,30.6,28.4,9.6,111
Hyderabad,2021-04-10,54.22,73.47,45.48,14.84,1.51,56.78,28.9,48.2,10.3,145
Kanpur,2020-06-15,57.96,109.35,36.05,12.36,1.16,41.64,24.8,91.2,14.7,145
Delhi,2024-06-10,33.72,82.93,27.7,9.78,0.932,39.65,27.9,73.0,20.8,97
Jaipur,2020-11-04,89.22,163.08,52.95,19.72,1.665,44.69,22.6,62.7,11.8,175
Pune,2023-05-28,38.15,75.09,27.91,13.87,1.301,50.57,38.3,40.1,10.2,111
Kolkata,2021-09-07,49.08,80.25,27.45,9.5,1.15,58.96,28.2,81.1,14.3,129
Bangalore,2024-08-09,30.43,44.39,5.66,2.0,0.403,75.46,32.5,76.5,16.3,96
Patna,2020-10-04,111.65,178.89,53.85,29.59,2.78,57.39,25.5,65.8,6.0,180
Jaipur,2022-10-26,92.58,160.05,47.34,25.69,1.334,54.64,35.0,56.2,3.1,168
Hyderabad,2021-10-26,64.94,97.17,35.96,14.04,1.117,64.62,17.9,55.1,4.7,161
Lucknow,2024-02-10,145.6,211.07,68.24,39.48,3.204,32.41,9.2,62.4,4.6,195
Mumbai,2023-04-01,48.49,79.37,53.87,17.21,1.364,59.41,29.5,31.5,9.1,133
Meerut,2023-04-28,107.69,177.99,60.49,29.22,2.504,33.75,27.8,56.0,7.5,183
Bangalore,2021-11-13,91.2,142.33,55.03,25.59,1.775,49.92,16.1,75.0,4.3,169
Mumbai,2020-03-05,45.84,54.46,36.96,22.78,1.335,55.1,38.2,39.4,12.9,499
Mumbai,2020-09-27,38.88,76.41,20.23,11.53,1.207,67.93,26.8,95.3,8.9,123
Lucknow,2022-03-03,61.6,100.84,40.13,13.82,1.424,55.55,33.8,40.8,13.4,152
Mumbai,2022-09-21,15.46,29.56,5.0,5.39,0.99,75.09,26.5,77.3,24.0,55
Bhopal,2021-04-16,65.1,137.0,40.85,19.21,1.842,52.41,35.3,42.2,10.3,156
Agra,2020-06-03,32.74,63.5,22.37,16.29,0.91,50.18,32.9,64.5,15.9,92
Jaipur,2024-07-16,53.03,100.3,31.01,12.42,0.695,65.86,25.1,87.9,13.4,144
Kanpur,2021-01-16,190.18,315.57,107.27,54.51,4.308,49.63,10.2,73.9,0.5,238
Nashik,2021-08-06,22.7,50.49,24.64,9.4,1.058,77.86,34.0,77.0,15.8,73
Patna,2020-04-19,69.29,147.96,49.39,20.71,2.199,48.29,36.5,47.9,10.3,153
Pune,2021-11-25,59.03,103.83,40.31,15.35,1.909,45.23,30.5,51.7,12.3,148
Nashik,2022-10-13,46.01,108.83,34.41,16.84,1.182,58.25,31.9,62.6,8.0,121
Ahmedabad,2021-03-29,87.82,147.95,54.18,32.56,2.906,56.97,39.2,52.7,6.2,169
Jaipur,2020-06-07,40.63,41.29,10.4,9.59,1.427,68.95,26.5,74.8,17.0,113
Hyderabad,2023-01-08,116.33,228.35,84.0,32.07,3.114,37.02,20.3,59.2,1.3,175
Kolkata,2024-05-28,68.4,95.49,47.46,24.72,1.63,62.79,36.1,30.9,11.0,150
Lucknow,2023-05-19,82.67,101.58,35.98,20.51,1.546,58.2,27.9,55.1,10.3,166
Kanpur,2022-05-03,83.61,134.91,54.52,30.62,2.308,47.76,27.4,41.6,8.1,165
Delhi,2024-03-26,62.7,109.1,50.63,26.41,2.734,52.65,35.3,25.0,13.2,155
Meerut,2023-12-13,108.2,189.78,59.54,22.81,2.332,40.92,17.1,66.2,7.3,179
Hyderabad,2020-11-12,94.0,139.88,72.11,23.16,1.935,46.48,23.6,41.7,6.6,171
Mumbai,2023-11-08,95.41,171.1,89.9,30.81,2.465,49.72,22.0,44.8,5.9,168
Agra,2022-01-25,147.05,224.05,88.33,38.85,3.208,38.87,9.5,65.1,7.5,199
Kanpur,2021-05-23,70.9,158.25,62.15,27.08,2.661,32.32,29.8,55.1,10.2,153
Pune,2021-07-13,13.14,50.37,22.48,6.61,0.722,74.17,29.4,68.5,14.0,57
Chennai,2024-03-23,41.72,46.74,36.18,13.47,0.703,79.78,38.2,37.4,13.2,116
Pune,2020-09-23,23.96,63.82,13.81,6.0,0.618,59.28,25.0,83.3,13.3,75
Meerut,2020-10-17,92.43,153.74,65.04,20.19,2.496,45.52,23.7,51.2,8.5,167
Kolkata,2023-05-26,66.79,121.25,54.27,23.27,1.193,40.56,35.6,22.3,7.9,156
Lucknow,2023-01-02,122.85,232.79,78.63,30.96,3.003,39.99,10.3,84.9,6.0,177
Ludhiana,2022-03-15,61.16,113.92,37.23,25.97,1.382,49.11,37.4,42.4,11.9,149
Pune,2024-11-16,69.21,146.36,54.97,16.72,1.769,51.47,29.2,55.4,6.7,161
Pune,2020-04-11,47.58,119.43,47.22,15.84,1.239,48.88,29.5,33.2,8.1,127
Lucknow,2022-01-23,135.75,226.18,65.62,37.74,3.538,50.98,10.0,69.5,7.1,194
Kanpur,2024-10-28,71.36,104.01,43.58,13.41,1.669,61.88,22.4,62.5,15.5,159
Kanpur,2022-04-21,91.22,151.48,48.67,30.54,2.065,35.83,42.9,47.5,7.2,169
Mumbai,2023-02-22,117.7,194.39,89.6,31.67,3.381,47.54,10.2,82.9,0.6,184
Pune,2020-06-22,27.19,14.44,20.58,2.0,0.679,76.75,30.3,77.5,18.8,91
Ludhiana,2024-06-26,47.81,87.18,32.09,16.99,1.736,59.26,28.0,79.2,7.8,129
Jaipur,2023-09-06,31.77,33.47,6.55,12.89,0.943,49.18,30.9,74.2,14.5,92
Lucknow,2022-06-28,51.13,101.95,34.85,12.63,1.138,61.32,32.4,84.4,11.5,138
Ludhiana,2024-03-20,34.28,92.05,34.68,11.57,1.025,49.71,34.2,40.2,16.0,90
Nashik,2021-01-21,83.09,169.17,47.01,28.5,2.449,53.05,21.9,81.2,5.0,169
Meerut,2020-07-03,11.53,45.64,21.2,8.02,0.2,65.28,29.5,82.1,23.9,52
Patna,2023-11-02,102.82,164.5,59.41,31.23,2.391,29.47,21.4,49.6,10.4,171
Ludhiana,2024-06-07,51.99,75.64,30.32,15.37,0.865,57.44,31.2,76.8,5.5,131
Meerut,2020-04-25,74.67,109.66,55.37,22.83,1.744,49.74,27.8,41.5,10.3,170
Patna,2021-01-18,165.02,274.67,80.78,41.69,3.302,48.77,15.2,89.7,5.0,207
Agra,2022-05-29,61.54,108.98,44.99,19.55,1.515,55.89,23.8,36.2,14.3,151
Bhopal,2024-12-14,96.13,194.53,66.06,27.03,2.578,46.86,6.8,53.9,4.7,172
Ludhiana,2020-06-23,51.98,93.23,18.35,13.22,0.541,62.2,24.6,73.1,11.0,152
Mumbai,2023-07-16,59.16,103.75,35.99,13.86,1.698,62.28,28.5,81.0,8.0,155
Nashik,2024-07-31,32.11,65.1,16.96,5.79,0.84,75.67,33.7,72.6,10.7,93
Lucknow,2021-06-30,40.82,75.66,28.51,9.87,0.87,50.14,28.8,82.1,14.1,103
Hyderabad,2022-06-16,29.76,64.37,21.96,9.93,0.767,58.61,31.3,89.4,13.9,80
Pune,2024-11-07,84.91,103.84,54.49,20.91,2.209,49.89,18.9,59.7,9.1,164
Nagpur,2022-03-16,49.05,105.2,34.5,24.13,1.73,64.48,26.4,30.2,9.8,131
Bangalore,2023-05-21,21.84,42.53,27.81,10.06,1.137,71.73,30.3,43.1,12.9,79
Patna,2020-06-18,24.96,58.24,9.87,12.59,0.789,56.6,28.1,71.1,24.1,72
Hyderabad,2024-08-31,52.09,74.42,28.5,18.33,1.296,61.74,24.1,89.4,6.8,147
Patna,2024-09-05,50.67,103.71,38.45,18.01,1.075,52.44,30.9,74.5,12.2,141
Jaipur,2020-12-10,117.92,225.39,66.59,33.01,2.997,44.36,14.7,65.5,2.8,174
Delhi,2022-02-03,182.52,307.82,102.01,40.18,4.226,46.33,8.5,89.6,4.1,234
Nashik,2021-07-04,11.22,32.64,11.5,4.48,0.713,76.61,27.8,83.1,19.3,49
Nagpur,2024-09-22,47.89,60.96,37.61,12.26,1.478,82.28,24.9,87.5,8.3,126
Hyderabad,2020-05-20,38.71,113.64,34.41,16.02,2.12,51.49,36.7,48.2,10.0,112
Nagpur,2022-10-10,55.11,138.61,41.44,21.79,1.932,59.34,22.0,62.9,6.6,141
Indore,2022-10-08,77.71,131.2,40.33,21.48,1.386,65.17,21.9,38.6,5.3,163
Patna,2022-04-10,93.26,146.98,57.91,26.31,2.703,43.82,31.0,32.8,11.2,167
Indore,2024-01-20,92.36,151.99,53.63,23.55,1.94,43.87,11.0,52.7,5.4,170
Nashik,2020-06-21,36.91,23.84,22.19,7.13,0.671,81.11,24.3,75.9,14.5,104
Bhopal,2021-02-26,107.42,226.12,82.51,29.09,2.845,52.97,22.1,51.6,2.5,181
Meerut,2024-12-10,154.94,268.43,90.57,37.76,3.954,45.48,17.7,74.4,4.8,208
Patna,2022-06-14,50.54,72.97,20.06,16.94,1.126,61.06,23.5,79.7,11.4,138
Ahmedabad,2023-01-20,131.45,230.18,80.31,37.02,3.382,32.66,11.1,67.1,4.1,191
Faridabad,2020-01-25,185.66,274.23,111.63,43.65,4.182,31.44,22.9,85.7,2.8,228
Delhi,2020-01-02,170.26,254.82,94.15,34.2,3.29,19.9,8.3,73.8,6.7,500
Ahmedabad,2021-07-21,51.64,83.52,28.68,15.44,1.104,65.54,29.3,88.8,12.2,137
Nashik,2023-07-23,51.81,69.86,20.49,12.54,1.437,62.24,33.2,83.2,6.8,146
Agra,2022-07-14,32.14,36.02,8.31,3.11,0.519,48.27,31.0,81.6,21.1,97
Hyderabad,2022-04-15,61.11,147.27,50.79,20.97,1.784,56.24,31.3,46.1,6.8,155
Agra,2024-04-05,75.49,151.84,50.37,24.0,2.38,52.35,30.2,47.6,7.8,157
Faridabad,2021-04-12,78.2,107.16,54.75,29.92,2.517,35.8,30.3,42.3,11.1,165
Patna,2024-06-22,56.78,94.8,27.58,15.64,1.407,47.25,28.3,77.1,14.4,144
Jaipur,2020-07-30,40.64,76.91,20.67,5.67,0.674,65.38,33.0,86.7,13.3,115
Jaipur,2024-04-28,78.48,137.05,42.09,16.09,1.311,59.45,40.5,51.8,8.3,163
Mumbai,2022-12-23,81.24,169.39,61.29,28.72,2.69,55.34,17.5,88.7,5.5,175
Meerut,2023-12-05,154.11,224.38,76.17,46.17,3.939,33.86,12.4,70.8,7.0,210
Bangalore,2021-04-13,30.06,49.18,35.07,9.22,0.954,59.52,37.5,35.7,11.6,87
Indore,2021-08-27,50.26,86.72,27.34,16.98,0.964,69.18,36.3,69.7,6.0,141
Jaipur,2023-03-16,54.67,103.07,36.32,13.64,1.244,47.4,34.0,39.0,12.8,147
Chennai,2021-07-07,31.28,10.0,10.97,6.91,0.725,62.38,20.6,86.4,16.0,93
Pune,2021-04-04,60.07,120.94,52.82,24.68,1.678,62.78,36.8,27.5,3.7,157
Kanpur,2020-12-22,170.86,284.7,93.04,52.49,3.927,36.05,16.3,79.7,6.3,224
Ahmedabad,2020-12-23,126.07,195.93,63.78,38.77,2.488,39.72,19.6,68.1,5.9,191
Agra,2021-01-18,130.14,212.31,72.86,34.7,3.385,43.23,12.8,79.8,8.8,194
Chennai,2021-06-16,37.0,45.5,10.35,12.24,1.313,77.41,33.6,83.2,10.8,96
Ahmedabad,2021-05-28,43.87,83.45,30.05,14.24,1.229,53.44,29.4,54.0,16.7,124
Faridabad,2020-10-18,127.29,209.61,65.66,30.19,2.943,32.36,23.0,50.0,6.3,191
Pune,2020-11-14,73.64,132.14,67.0,28.77,2.116,54.47,25.1,69.9,6.7,165
Nashik,2020-07-30,29.34,56.48,15.02,11.59,0.512,76.25,22.0,83.5,13.1,91
Mumbai,2022-08-05,34.18,74.11,23.23,4.53,0.869,61.31,28.7,86.4,12.8,93
Nagpur,2022-09-06,20.86,45.56,13.49,10.18,0.567,48.54,27.0,70.7,24.7,65
Nashik,2021-10-31,60.63,120.81,35.16,14.52,1.673,77.11,36.6,43.2,3.4,150
Faridabad,2022-04-08,103.06,165.74,67.08,34.11,3.096,32.32,33.0,37.0,8.6,172
Patna,2020-01-20,135.75,223.06,83.87,38.54,3.471,51.48,17.2,67.3,5.1,190
Lucknow,2021-04-27,102.88,152.1,57.45,33.25,2.575,37.62,33.5,37.2,6.8,183
Pune,2020-07-13,36.33,56.34,18.57,10.02,1.011,73.75,26.5,88.1,12.3,94
Kanpur,2024-07-03,48.73,85.23,26.45,10.55,1.423,53.1,25.3,89.2,12.8,129
Lucknow,2023-09-04,50.89,111.29,19.13,15.96,1.082,48.17,26.3,81.4,11.5,134
Lucknow,2021-09-08,38.26,64.64,14.54,6.21,1.115,53.4,25.8,77.5,14.4,105
Chennai,2022-05-08,50.89,72.81,32.93,15.27,1.276,63.03,31.2,51.1,9.8,135
Patna,2022-07-26,13.73,24.27,13.16,7.08,1.084,61.34,30.7,88.3,22.3,44
Indore,2023-03-09,70.22,135.85,38.15,20.66,1.884,58.95,37.8,40.5,8.4,158
Kolkata,2021-04-11,67.43,120.07,40.65,24.03,1.746,66.2,36.3,26.6,12.3,170
Bangalore,2023-02-26,58.91,101.52,46.58,15.12,1.569,46.04,25.1,76.7,7.0,155
Bangalore,2024-02-21,82.12,166.35,56.81,37.29,2.2,58.12,16.0,87.5,4.5,171
Ludhiana,2020-05-08,68.87,134.78,50.91,21.13,2.04,51.65,33.9,48.4,9.9,155
Agra,2024-05-26,91.09,144.67,65.88,27.11,2.886,44.36,31.5,48.0,6.9,163
Delhi,2020-11-30,131.21,194.34,96.91,29.99,3.458,63.4,25.4,27.6,7.6,182
Lucknow,2022-04-29,104.26,180.63,65.46,29.36,2.452,39.34,26.3,58.4,7.2,188
Kolkata,2024-03-12,70.4,123.29,38.54,23.67,2.32,37.73,35.0,41.1,10.0,157
Kolkata,2023-05-04,99.27,137.6,68.03,24.82,2.39,54.75,22.7,30.8,7.3,177
Ludhiana,2023-09-10,86.13,126.24,39.37,22.46,1.34,53.84,29.6,82.0,4.3,169
Nashik,2023-04-30,33.94,62.95,23.86,13.13,0.813,70.44,38.1,50.9,10.8,98
Bhopal,2021-05-05,62.47,122.88,30.62,18.4,1.923,57.0,34.0,53.7,9.3,159
Kolkata,2024-12-30,95.7,147.67,60.9,25.36,2.617,38.62,15.2,79.5,12.7,171
Hyderabad,2024-03-05,46.76,60.19,47.11,14.88,1.24,56.9,27.0,33.9,12.7,132
Agra,2024-02-19,152.44,238.24,86.44,34.48,3.5,37.04,15.2,64.2,1.5,197
Lucknow,2022-08-20,45.6,96.91,30.12,10.29,1.45,50.64,28.5,71.5,14.4,126
Bhopal,2024-11-29,68.76,155.39,57.99,22.6,2.65,52.43,23.0,52.8,8.7,158
Chennai,2022-05-13,57.45,103.43,37.79,15.43,1.624,57.27,31.4,47.4,9.6,152
Chennai,2020-01-26,92.04,166.79,65.82,30.75,2.744,52.8,17.4,64.3,4.3,167
Ahmedabad,2023-02-09,94.69,176.3,72.29,34.68,2.411,44.0,17.3,79.9,6.7,164
Delhi,2021-11-20,155.48,241.55,102.39,32.01,3.335,32.77,24.6,64.5,8.4,204
Meerut,2021-06-29,35.1,56.72,26.58,14.65,1.184,55.03,28.1,75.1,16.0,94
Indore,2022-02-08,88.1,167.27,53.1,29.39,1.691,42.68,14.8,64.1,8.6,174
Lucknow,2023-08-02,63.64,71.32,22.73,6.35,0.916,44.62,28.5,72.6,12.6,155
Kanpur,2022-07-14,69.13,102.27,31.4,21.16,1.694,49.96,35.3,79.8,11.8,159
Hyderabad,2024-11-07,62.6,132.66,50.39,22.04,1.968,48.55,27.7,68.0,9.2,155
Nagpur,2022-11-29,96.02,205.99,68.08,26.84,2.749,47.56,23.0,57.8,8.1,169
Jaipur,2023-08-09,37.55,96.77,24.75,6.53,1.059,54.58,27.6,72.4,17.4,112
Kolkata,2024-09-03,65.89,72.28,36.05,11.92,1.061,66.76,30.3,77.0,11.5,155
Meerut,2020-03-01,85.51,112.73,39.22,28.84,1.53,41.49,32.4,50.9,9.5,169
Lucknow,2024-06-02,77.69,100.86,34.69,20.92,1.649,56.46,29.8,84.3,7.2,161
Jaipur,2024-10-10,66.15,135.53,47.55,20.5,1.584,51.49,24.6,50.5,7.0,165
Pune,2023-09-02,24.24,23.97,21.14,12.66,1.046,69.13,30.1,79.1,10.8,66
Ahmedabad,2024-11-17,80.79,171.83,47.16,27.41,1.831,44.64,23.5,50.7,9.8,156
Faridabad,2024-10-24,110.11,158.09,55.26,26.45,2.073,37.95,23.9,58.7,10.0,171
Nashik,2022-06-08,22.6,42.77,5.28,2.0,0.337,78.39,25.7,89.2,12.2,61
Bhopal,2024-11-21,62.22,124.4,42.2,18.07,2.354,63.16,26.3,39.7,9.1,147
Bangalore,2022-01-25,74.07,134.84,68.9,21.22,1.428,60.33,10.8,69.8,6.3,159
Bhopal,2021-10-15,47.99,91.19,29.37,23.0,1.427,54.63,22.8,73.6,10.5,131
Agra,2020-10-09,62.23,94.46,44.88,17.12,1.072,51.0,16.2,61.8,11.6,155
Nashik,2024-05-02,50.94,66.18,44.84,16.7,1.251,54.35,34.7,18.6,11.2,146
Agra,2023-05-06,66.83,135.69,59.61,29.72,2.116,47.35,20.4,61.1,8.9,163
Mumbai,2021-09-06,38.23,65.8,24.63,7.45,0.94,65.39,28.8,82.3,10.4,109
Bangalore,2023-07-30,16.99,19.05,12.23,5.09,0.869,74.18,30.4,74.9,17.9,61
Agra,2020-03-26,100.31,159.41,52.74,23.76,2.247,29.57,31.8,54.6,8.8,181
Ahmedabad,2020-04-10,83.54,192.71,52.86,32.8,2.556,38.33,35.1,51.6,7.1,166
Faridabad,2023-04-04,82.9,129.07,77.08,27.41,2.815,34.82,35.0,45.4,8.4,171
Kolkata,2021-09-25,79.04,97.61,41.14,17.4,1.474,46.13,29.5,92.4,10.7,161
Pune,2024-02-28,77.33,132.77,42.69,20.41,1.396,47.14,14.2,63.2,6.3,169
Delhi,2021-06-25,75.07,96.37,43.58,16.15,1.662,52.15,33.0,78.3,13.8,173
Hyderabad,2023-08-01,10.62,36.77,26.76,11.49,0.2,66.33,34.1,88.5,16.4,45
Patna,2023-12-31,194.53,321.63,102.86,48.81,4.554,41.76,12.9,86.5,2.8,245
Nashik,2023-08-24,26.35,29.4,9.94,8.27,0.549,75.41,30.9,73.9,16.2,77
Nagpur,2020-02-04,106.12,164.59,50.2,29.17,2.419,60.73,16.7,69.8,3.8,177
Meerut,2024-02-02,126.76,190.57,71.6,35.45,3.025,48.12,6.7,63.4,9.5,188
Pune,2021-12-25,81.63,159.5,79.85,23.06,1.966,54.96,9.5,61.5,3.9,164
Delhi,2022-10-19,89.76,146.4,66.07,28.41,2.3,48.92,24.9,42.0,10.2,177
Delhi,2023-09-04,74.09,118.49,35.71,13.31,1.655,68.36,33.6,77.3,15.7,161
Nagpur,2022-12-26,129.12,221.87,89.11,39.71,3.861,48.92,11.8,57.0,1.3,186
Nashik,2024-04-11,15.6,69.34,24.58,16.02,0.66,67.88,34.7,24.4,17.0,65
Agra,2024-02-16,136.62,229.72,92.02,34.21,3.538,44.53,-4.3,58.0,6.0,192
Kanpur,2020-08-05,36.07,89.39,23.16,9.4,0.318,60.46,35.1,87.4,18.5,101
Pune,2021-12-07,69.39,183.04,50.69,31.55,2.036,50.54,13.3,82.1,7.1,159
Jaipur,2022-01-23,153.47,294.87,81.35,41.21,3.208,32.84,15.5,86.6,3.1,202
Ludhiana,2023-12-07,139.92,246.72,80.47,38.85,3.779,41.31,12.8,68.0,7.0,200
Lucknow,2022-05-29,99.7,147.08,51.7,27.75,1.821,51.35,32.4,51.2,7.3,176
Kolkata,2022-04-12,74.75,142.74,61.26,28.46,2.659,57.74,36.8,23.0,10.6,161
Kanpur,2022-07-09,53.56,95.94,23.22,6.65,1.297,54.43,30.4,71.1,14.1,145
Delhi,2020-07-10,33.01,38.78,22.82,8.32,0.555,54.74,34.3,68.5,18.7,94
Kolkata,2023-06-14,49.56,73.76,27.28,21.97,1.533,44.62,27.7,76.4,11.7,134
Meerut,2024-07-14,56.66,72.42,17.59,12.03,0.751,54.69,25.5,94.8,11.1,152
Bhopal,2021-05-18,63.32,119.2,46.59,19.76,1.927,67.91,29.8,42.8,6.0,152
Ludhiana,2022-07-01,51.72,40.71,33.11,14.98,0.99,58.18,30.1,77.9,12.9,141
Delhi,2023-08-03,84.17,133.52,55.28,27.34,2.665,55.54,29.7,83.6,7.7,168
Ahmedabad,2022-03-24,117.04,193.47,71.22,36.1,2.875,53.05,27.7,57.0,3.9,187
Mumbai,2023-08-31,68.43,101.63,55.32,14.32,0.65,64.62,31.9,80.2,4.7,159
Mumbai,2021-05-26,59.27,64.9,47.84,9.87,1.538,69.39,27.1,37.2,13.6,149
Indore,2022-02-05,90.93,149.82,51.64,30.94,2.388,46.05,21.1,45.7,6.7,172
Hyderabad,2024-01-26,97.23,168.71,60.4,32.07,2.6,45.78,10.9,67.8,6.8,173
Mumbai,2021-08-06,34.99,48.19,16.39,3.87,0.308,78.92,30.4,77.7,13.5,103
Indore,2024-03-07,49.47,62.08,21.99,19.24,0.725,63.69,24.9,48.2,13.9,127
Faridabad,2021-04-22,91.86,162.32,48.18,21.18,2.298,26.24,23.7,41.4,12.1,167
Bangalore,2021-08-19,15.27,31.18,19.45,2.0,0.598,70.8,30.5,100.0,18.4,62
Mumbai,2024-09-03,38.17,66.17,33.37,17.97,1.073,57.11,38.8,71.4,12.3,107
Kolkata,2024-08-07,69.99,86.02,43.14,19.75,1.251,67.59,34.5,77.7,6.1,162
Ludhiana,2020-11-11,76.12,136.88,30.06,23.34,2.016,44.93,33.0,53.4,13.9,171
Chennai,2024-08-04,31.24,49.16,16.79,7.73,0.738,62.92,27.9,94.3,15.6,94
Ludhiana,2020-11-23,86.45,128.83,50.48,23.11,2.225,41.69,15.8,49.8,12.4,167
Nagpur,2024-05-22,77.99,102.16,37.02,24.89,1.91,57.64,39.6,39.7,7.7,167
Pune,2023-06-19,25.65,68.88,18.04,4.55,0.917,84.62,28.8,79.6,14.7,75
Hyderabad,2024-06-10,34.69,87.61,36.82,14.0,0.583,68.52,27.7,87.5,9.8,96
Bangalore,2024-04-11,43.54,65.78,38.7,9.11,1.14,54.35,27.1,33.1,13.7,120
Nagpur,2022-04-05,45.83,111.12,42.77,18.67,1.526,50.85,41.9,32.6,10.6,129
Pune,2023-11-13,71.81,124.17,58.34,24.63,1.644,51.15,23.2,63.4,7.9,156
Meerut,2021-08-26,69.25,122.27,41.2,19.81,1.911,51.57,33.2,91.8,11.1,158
Faridabad,2020-01-03,181.26,258.47,102.21,51.7,3.802,39.96,16.1,100.0,6.9,236
Pune,2022-09-23,35.01,58.76,19.62,14.07,0.522,67.79,31.7,69.3,15.1,102
Hyderabad,2021-02-11,61.56,121.48,37.79,22.49,1.113,56.2,20.4,62.7,11.4,157
Nagpur,2024-09-18,26.38,81.31,5.0,4.87,1.018,78.71,33.9,94.0,13.8,80
Faridabad,2021-09-28,50.98,94.37,27.5,11.31,1.975,51.52,33.2,74.2,14.1,140
Kolkata,2023-06-25,34.54,93.98,27.01,9.5,0.271,46.35,30.4,93.4,17.5,106
Faridabad,2021-04-23,74.23,145.08,65.02,29.82,2.301,31.99,32.3,40.7,13.5,164
Agra,2021-08-15,47.82,102.88,21.98,19.95,1.568,52.25,32.1,92.6,13.4,137
Nagpur,2020-11-01,114.11,243.83,76.17,37.99,3.214,48.23,26.1,48.5,3.3,175
Meerut,2023-11-11,84.23,126.91,49.71,21.55,2.69,45.1,28.5,37.8,13.8,166
Ludhiana,2021-10-15,82.31,103.52,38.38,22.46,2.323,54.54,18.0,53.9,10.6,160
Kanpur,2024-04-11,100.45,160.68,48.1,31.21,2.417,49.09,34.2,37.7,7.6,181
Faridabad,2022-11-30,150.83,251.46,92.21,39.63,3.627,30.12,23.4,56.9,8.3,200
Mumbai,2020-04-29,71.16,95.17,58.38,27.6,1.884,59.34,36.4,54.7,8.2,159
Nashik,2023-11-25,64.88,134.07,51.85,23.72,1.97,55.75,27.6,32.6,4.0,156
Meerut,2024-04-01,82.64,150.62,58.88,30.4,2.486,53.99,33.8,17.2,9.2,167
Bhopal,2022-07-03,29.2,41.1,19.94,7.48,0.392,63.02,28.4,82.0,15.6,87
Patna,2021-10-06,64.25,101.05,46.94,26.06,1.618,58.04,25.7,69.2,12.3,149
Nashik,2021-03-17,45.7,127.21,48.41,20.55,1.305,79.37,33.1,48.5,6.7,130
Patna,2024-04-08,95.54,146.06,57.11,27.52,2.284,50.55,38.5,49.6,11.4,171
Bhopal,2023-02-18,85.92,142.05,71.7,28.12,1.934,64.52,11.5,72.6,3.7,174
Hyderabad,2020-09-05,38.25,67.95,18.87,6.74,0.993,60.28,26.0,86.6,11.4,113
Faridabad,2022-07-24,65.76,116.46,32.45,15.04,1.626,49.13,33.2,70.4,10.1,158
Ludhiana,2023-06-11,60.36,83.21,32.11,14.95,1.253,59.06,30.7,100.0,8.3,152
Kanpur,2023-07-04,68.53,116.39,28.54,14.44,1.251,53.1,29.2,78.9,13.1,162
Ahmedabad,2022-06-29,29.22,44.1,30.83,12.22,0.49,57.92,34.5,100.0,16.8,88
Agra,2022-04-22,114.88,170.94,72.6,28.24,2.792,47.1,31.4,35.8,4.7,181
Nagpur,2022-04-20,52.52,90.62,48.6,13.97,1.823,50.24,21.7,29.0,10.1,138
Pune,2022-11-01,73.57,139.79,46.1,19.0,1.71,75.66,24.8,49.3,7.2,160
Ludhiana,2023-07-30,79.2,125.56,23.43,14.65,1.269,68.81,25.4,63.8,8.5,166
Indore,2020-05-01,48.71,85.84,34.39,19.66,1.642,61.81,38.8,37.6,9.2,139
Nashik,2023-10-30,49.65,97.43,26.33,7.12,0.758,65.39,25.5,61.9,9.9,139
Delhi,2021-05-05,77.7,126.91,48.34,17.6,1.676,39.97,34.6,32.7,10.6,167
Jaipur,2020-11-27,131.4,200.57,60.35,36.46,2.358,46.54,21.6,57.9,5.8,193
Kanpur,2021-08-16,76.99,101.39,38.83,18.13,1.16,47.25,28.1,75.5,12.5,150
Ludhiana,2020-11-04,126.18,172.6,77.59,36.69,3.69,47.94,18.0,49.4,7.8,181
Ludhiana,2021-01-03,177.42,305.89,102.64,50.02,4.341,41.59,18.4,87.0,0.5,230
Chennai,2021-07-12,22.82,60.47,19.52,9.92,1.248,70.55,30.9,78.0,7.5,73
Bangalore,2024-04-15,44.06,62.99,35.2,15.37,1.096,64.23,30.8,40.1,11.6,125
Nagpur,2024-09-21,35.06,23.6,8.86,2.0,0.221,60.76,29.8,87.9,24.6,98
Indore,2022-08-24,42.02,54.92,22.6,2.0,0.712,66.48,30.6,78.4,8.4,500
Kanpur,2024-11-04,141.87,245.84,84.74,47.68,3.664,48.26,34.7,51.2,4.6,194
Nashik,2024-02-10,61.9,138.09,37.3,24.68,1.688,60.02,23.2,79.9,10.4,162
Nashik,2020-05-18,16.53,80.52,18.22,6.15,0.868,59.11,26.2,24.1,14.3,64
Bhopal,2022-01-06,70.67,129.79,37.03,21.3,1.688,55.99,8.3,72.4,11.6,161
Bangalore,2022-10-08,35.41,90.63,36.45,13.49,1.679,75.97,19.7,74.6,6.6,498
Mumbai,2023-01-03,84.86,116.04,75.44,28.23,2.003,56.82,14.7,51.0,3.6,169
Nagpur,2023-02-07,107.0,213.07,59.33,24.75,2.247,55.1,20.5,74.9,4.4,185
Nashik,2020-10-19,28.67,59.93,27.61,8.61,0.525,57.5,30.9,57.0,13.5,86
Nagpur,2020-04-02,37.92,107.16,43.88,10.3,1.603,68.79,35.3,37.0,11.1,115
Hyderabad,2022-12-23,97.08,209.63,80.99,41.97,3.177,51.71,11.5,70.9,2.0,178
Ahmedabad,2023-05-26,53.92,86.06,42.1,24.24,1.51,56.6,36.9,26.0,12.9,135
Chennai,2024-08-24,19.11,25.39,18.09,2.35,0.521,71.58,25.6,75.9,18.4,69
Hyderabad,2021-01-25,90.08,185.05,63.26,26.0,2.688,47.15,15.8,47.2,4.7,161
Patna,2020-12-16,137.57,206.12,88.71,33.69,3.41,41.25,17.1,55.0,3.7,193
Delhi,2021-08-15,39.19,64.91,20.37,10.7,0.85,61.04,32.3,69.2,20.0,103
Faridabad,2020-02-14,198.38,286.44,106.79,48.5,3.874,43.46,14.6,80.1,3.1,245
Lucknow,2024-02-14,149.29,265.27,80.57,42.23,3.249,28.42,14.5,70.5,2.3,199
Patna,2024-08-22,22.98,54.25,12.42,10.77,0.2,59.14,30.2,78.6,18.7,500
Ludhiana,2020-10-17,82.87,146.1,36.32,21.34,1.865,64.66,30.0,47.4,10.1,154
Lucknow,2020-09-30,68.0,83.65,34.46,15.06,1.008,52.87,21.0,82.0,15.1,157
Mumbai,2023-04-20,72.97,114.93,62.73,18.78,1.619,66.23,29.7,57.3,7.3,162
Nashik,2021-09-09,21.43,55.59,14.58,10.09,0.639,78.62,31.8,86.1,13.7,66
Pune,2023-02-03,98.74,187.13,74.4,32.67,2.514,48.93,24.7,57.2,3.6,176
Faridabad,2020-07-31,52.38,87.49,36.65,12.5,0.802,61.03,24.1,84.5,13.9,144
Bhopal,2022-02-11,82.66,142.87,39.06,30.32,2.419,53.8,14.3,68.4,7.5,165
Indore,2022-02-12,84.61,178.34,67.85,26.85,2.455,61.15,22.5,68.7,6.7,174
Ahmedabad,2021-04-16,61.64,122.26,49.05,17.82,1.938,53.67,29.9,38.7,10.0,154
Bhopal,2022-02-18,119.64,198.17,74.97,30.71,3.27,50.61,17.6,74.0,1.4,181
Chennai,2021-11-19,71.11,131.99,49.55,16.39,1.555,55.74,21.3,54.0,11.0,160
Kolkata,2020-01-01,125.27,165.32,79.33,31.96,2.501,28.33,14.4,64.2,9.3,186
Delhi,2022-12-29,139.62,259.72,85.86,32.72,2.984,22.23,13.6,74.4,8.3,198
Hyderabad,2022-08-04,47.27,62.68,27.42,7.89,1.937,49.66,27.1,82.9,9.6,130
Patna,2023-09-27,46.26,75.08,29.11,11.55,0.927,48.88,34.3,84.1,16.1,124
Jaipur,2022-12-22,132.27,282.84,81.18,36.97,2.534,46.82,14.5,58.0,3.7,192
Bangalore,2022-09-05,34.78,42.95,14.06,4.02,1.063,86.6,27.9,90.3,11.5,96
Nagpur,2023-06-05,25.64,36.84,16.07,11.52,0.954,62.1,33.1,81.9,16.1,75
Pune,2020-08-22,9.55,56.72,13.17,4.44,0.665,64.58,29.6,69.2,16.6,53
Bhopal,2024-09-21,32.65,40.34,26.51,8.38,0.2,64.36,30.3,78.6,11.6,98
Kolkata,2021-03-24,89.97,166.61,63.03,23.99,2.499,53.41,24.8,34.2,4.3,178
Meerut,2023-03-19,87.32,129.87,56.28,14.48,1.899,54.15,35.6,42.4,9.1,175
Jaipur,2020-06-22,33.85,84.76,12.94,7.31,0.668,70.19,34.7,78.7,15.0,103
Chennai,2024-01-14,76.87,149.44,59.78,20.95,2.255,49.73,7.4,65.1,3.4,159
Kanpur,2021-12-12,132.6,200.76,72.03,35.19,3.253,25.6,14.1,70.1,7.9,192
Kolkata,2020-11-21,121.66,176.52,62.44,29.05,2.996,45.87,33.6,33.3,8.8,188
Pune,2021-09-24,20.32,25.62,5.0,8.17,0.203,77.52,32.2,69.3,19.0,68
Nagpur,2023-03-30,46.78,69.54,37.83,18.84,0.95,50.08,20.4,21.6,15.4,133
Nashik,2023-06-15,23.23,63.67,20.05,7.75,0.571,67.55,29.7,74.1,15.4,74
Ludhiana,2022-07-15,27.28,26.89,11.63,12.41,0.704,53.25,31.2,69.8,19.1,80
Ahmedabad,2022-01-22,130.54,227.91,72.19,46.87,3.463,61.19,15.1,80.1,3.9,187
Kolkata,2022-12-23,106.27,173.57,68.37,34.14,1.777,37.61,26.5,84.0,9.4,183
Meerut,2021-09-10,67.66,103.44,24.95,19.51,1.223,48.23,27.3,79.9,7.5,158
Chennai,2024-05-11,53.03,78.85,29.87,11.24,0.985,72.36,33.8,49.0,8.8,137
Agra,2024-10-23,85.64,164.82,48.68,23.91,1.868,48.05,30.5,54.0,4.7,168
Kanpur,2023-11-03,192.54,296.78,114.29,50.83,4.202,26.96,30.2,69.5,2.0,242
Ahmedabad,2023-10-08,80.74,137.7,54.47,27.6,1.822,40.36,23.7,41.7,8.2,164
Nashik,2024-04-28,58.38,75.48,33.08,13.18,1.619,63.77,39.2,52.6,6.2,154
Lucknow,2021-11-17,94.13,173.03,56.11,18.21,2.489,49.3,20.7,52.2,9.7,178
Delhi,2023-04-12,108.23,149.19,56.27,27.72,2.242,27.43,34.0,37.6,12.0,182
Lucknow,2024-09-09,44.96,52.8,26.29,8.79,1.099,52.59,35.6,70.4,13.6,114
Faridabad,2022-07-27,66.12,109.42,29.56,18.02,1.327,34.64,26.8,85.9,13.2,156
Bangalore,2021-08-21,8.82,10.0,14.45,7.92,0.578,85.47,30.2,79.1,18.1,39
Kanpur,2023-02-02,156.54,280.22,97.7,41.76,3.928,34.31,10.0,69.0,5.0,199
Agra,2024-11-07,92.35,150.63,60.1,26.89,2.51,38.39,25.5,47.0,9.8,176
Mumbai,2020-08-07,35.14,47.78,19.74,17.61,0.668,77.11,31.8,85.7,13.3,95
Chennai,2023-09-19,50.06,57.79,16.96,10.95,0.864,61.2,32.1,76.4,8.3,137
Kanpur,2020-10-04,74.79,91.24,32.77,30.27,1.166,44.95,28.1,52.7,17.3,161
Agra,2020-09-27,31.3,57.98,10.44,10.06,0.898,39.9,27.0,93.3,16.2,88
Bhopal,2022-06-17,36.92,53.33,16.82,18.65,0.2,61.35,32.1,74.9,13.6,99
Faridabad,2022-03-18,90.12,157.65,71.37,30.11,2.854,45.2,31.3,26.1,6.4,166
Bhopal,2021-01-11,91.68,172.33,58.75,18.29,1.748,58.08,10.1,76.2,4.4,165
Chennai,2023-12-07,62.94,122.08,47.66,10.04,2.009,59.8,16.6,54.6,9.3,156
Ludhiana,2022-05-01,61.99,125.59,46.85,21.78,1.764,57.99,30.4,52.1,11.2,159
Faridabad,2023-01-31,149.78,249.25,89.18,43.9,3.293,43.7,7.6,70.4,6.3,203
Ahmedabad,2024-01-29,112.46,217.72,66.87,39.88,2.823,44.38,19.1,77.2,4.5,172
Faridabad,2024-04-03,96.8,153.92,67.49,29.32,2.992,30.92,31.3,47.0,10.0,167
Indore,2024-01-08,102.38,220.23,77.17,31.98,2.784,37.42,-1.4,68.2,6.3,170
Faridabad,2021-10-07,47.37,100.15,39.74,15.35,1.077,36.28,19.9,67.2,14.1,121
Faridabad,2021-11-10,118.42,192.11,80.45,31.44,3.109,34.35,19.4,48.2,8.8,182
Chennai,2024-09-14,17.61,69.71,23.02,6.19,0.706,84.98,34.5,72.0,12.4,63
Bhopal,2021-05-21,43.57,59.46,28.65,4.45,1.204,59.69,34.9,42.2,14.5,118
Nagpur,2022-07-30,55.6,115.89,25.67,11.5,1.581,60.63,31.1,86.4,9.3,147
Agra,2021-04-05,75.7,127.47,50.51,21.43,1.994,37.66,27.3,29.1,9.4,163
Meerut,2020-07-26,38.95,73.6,9.57,11.57,1.042,61.15,28.6,85.8,14.1,108
Chennai,2024-08-30,9.88,41.66,22.46,6.36,1.079,75.03,34.1,97.2,16.1,38
Lucknow,2024-11-08,150.44,227.28,83.84,34.24,3.844,52.27,28.0,44.4,6.3,500
Ludhiana,2021-01-12,162.86,247.72,87.95,31.72,3.716,40.61,7.8,72.2,4.2,213
Patna,2020-10-25,67.76,116.16,36.56,20.04,0.919,35.53,20.1,56.0,13.7,152
Nagpur,2023-10-09,52.75,83.98,36.0,10.26,1.491,68.07,23.2,52.3,11.2,144
Patna,2020-06-17,24.66,43.55,19.49,2.0,0.613,60.42,29.2,74.4,19.6,77
Ludhiana,2022-02-09,126.91,212.61,79.5,43.88,3.812,32.9,28.0,84.2,4.5,187
Hyderabad,2024-03-09,47.83,101.09,50.62,19.97,2.154,61.76,31.8,54.3,9.1,128
Hyderabad,2022-11-19,137.96,235.56,86.35,37.73,3.229,51.8,19.8,49.9,0.5,185
Mumbai,2020-04-20,40.57,66.07,38.62,21.18,1.25,71.28,24.2,37.0,10.7,110
Agra,2022-02-24,104.51,172.51,67.35,22.93,2.438,44.37,14.0,50.3,10.4,176
Chennai,2023-09-16,26.2,38.64,11.37,13.66,0.442,72.08,27.4,77.8,9.8,84
Meerut,2022-05-08,81.27,113.26,57.99,26.32,1.936,46.68,38.8,50.4,9.9,167
Kanpur,2023-09-29,52.33,90.41,27.03,18.85,1.28,63.8,34.5,68.3,10.1,144
Delhi,2024-12-04,191.52,328.97,121.81,44.5,4.6,27.72,25.6,64.1,2.6,242
Patna,2021-08-27,45.4,75.88,17.11,8.47,1.007,50.42,29.5,92.1,15.6,123
Pune,2020-03-27,47.88,73.68,23.25,9.18,0.513,68.48,31.5,44.3,14.2,132
Meerut,2022-03-01,58.05,103.97,29.93,15.62,1.651,54.07,27.3,64.8,14.0,146
Nagpur,2021-07-09,29.27,52.04,16.44,10.25,1.432,54.4,26.2,91.3,13.5,96
Chennai,2023-07-25,27.07,72.66,20.4,18.81,0.597,71.47,32.8,77.5,11.4,89
Nagpur,2022-09-30,33.86,74.21,22.44,9.58,0.608,63.87,27.1,81.1,16.0,87
Mumbai,2020-04-30,55.35,59.71,44.42,25.56,1.367,66.23,26.5,43.0,9.8,154
Kolkata,2023-09-13,64.82,78.93,30.89,13.37,1.389,61.43,27.5,71.5,11.1,141
Nashik,2024-05-22,55.59,83.22,30.62,18.01,1.278,71.17,27.4,46.5,6.9,141
Pune,2023-03-05,33.15,86.0,21.28,10.84,1.148,49.87,33.0,40.4,12.4,93
Nagpur,2024-08-03,20.74,44.18,17.19,7.69,1.049,67.56,30.6,77.7,21.3,69
Bangalore,2023-01-10,73.36,106.79,54.13,27.19,2.041,58.51,12.9,64.9,7.9,161
Meerut,2021-05-08,94.78,108.67,56.99,15.06,2.358,53.39,28.9,41.6,11.6,177
Bhopal,2024-02-27,107.1,185.91,61.11,30.04,2.342,67.36,7.3,72.0,4.8,180
Agra,2024-11-08,148.78,228.65,81.65,34.2,3.764,33.7,23.0,50.3,6.8,199
Faridabad,2020-09-30,56.33,93.74,24.67,18.73,1.184,49.68,31.1,77.7,12.4,151
Jaipur,2023-07-10,38.11,95.53,20.79,14.61,1.322,64.23,25.1,68.7,11.0,92
Faridabad,2020-03-31,87.75,142.06,56.17,29.01,2.526,42.07,28.0,36.3,12.6,175
Pune,2023-03-29,67.74,110.65,45.34,16.42,1.789,73.07,35.5,32.3,4.0,155
Kolkata,2022-05-30,71.41,137.53,56.99,21.53,1.943,63.58,28.4,22.2,6.7,163
Lucknow,2022-12-16,169.79,295.01,94.95,46.28,4.267,50.88,9.4,82.8,3.0,222
Agra,2024-04-17,91.59,175.64,59.36,20.59,2.486,44.27,29.9,53.9,7.1,170
Pune,2022-11-15,71.81,137.18,53.64,26.04,1.853,78.19,26.2,55.4,4.9,165
Ahmedabad,2023-03-17,72.92,136.15,43.98,34.64,1.957,43.2,36.9,33.6,6.3,160
Kanpur,2022-01-28,176.45,275.31,82.43,44.11,3.639,32.37,28.3,82.3,6.2,235
Mumbai,2020-03-14,86.07,87.48,62.42,14.35,2.208,47.15,33.3,27.4,8.9,169
Chennai,2022-01-11,97.51,151.95,60.05,29.99,2.381,47.12,23.0,49.9,4.0,168
Nashik,2020-01-17,62.19,104.86,49.31,21.18,2.009,56.4,10.7,56.3,8.4,147
Bangalore,2024-07-19,33.64,40.04,21.09,18.65,1.056,68.66,29.8,73.8,10.5,98
Bangalore,2022-06-25,31.52,55.17,17.82,10.37,1.153,78.34,27.3,73.8,5.9,93
Pune,2024-03-09,45.04,81.96,34.36,13.25,0.826,49.6,29.9,43.1,11.5,122
Kolkata,2021-05-16,70.8,138.89,62.82,24.11,1.871,56.0,34.0,42.5,12.1,154
Ludhiana,2023-04-07,90.47,154.39,45.2,21.09,2.753,50.06,23.3,53.2,7.8,487
Mumbai,2024-10-09,42.63,88.26,53.55,20.95,1.881,66.8,27.0,34.2,11.0,117
Hyderabad,2021-08-02,44.7,94.47,22.43,12.56,1.206,76.01,31.0,79.7,8.5,119
Bhopal,2023-02-14,73.95,131.03,57.83,27.49,2.293,65.36,31.4,53.2,7.0,161
Delhi,2020-03-02,74.68,115.97,48.66,23.04,1.993,41.32,30.9,43.6,14.4,163
Bhopal,2020-10-01,48.21,79.98,31.36,10.26,1.031,59.51,22.5,66.5,12.5,136
Indore,2023-10-13,61.54,103.42,39.88,10.06,1.88,43.64,31.4,37.3,7.6,147
Hyderabad,2023-12-24,96.07,170.66,65.54,27.58,2.354,58.79,14.0,81.0,4.3,172
Ludhiana,2024-07-04,40.27,92.97,21.75,9.65,0.772,37.71,30.4,88.1,13.1,107
Pune,2021-04-12,30.14,68.04,24.25,13.93,0.873,69.24,28.2,28.0,16.2,84
Chennai,2020-06-20,17.07,54.98,31.48,4.66,0.776,58.31,29.3,69.5,14.8,500
Bangalore,2020-04-15,37.11,67.06,29.68,7.81,1.549,69.83,31.3,32.2,12.8,97
Nagpur,2021-08-14,26.38,84.59,27.74,18.41,1.229,59.15,32.2,80.4,11.1,74
Bhopal,2020-07-25,34.09,47.36,5.0,3.42,0.348,73.2,31.2,72.0,16.9,95
Pune,2024-10-31,64.31,70.37,46.36,14.15,1.507,60.48,28.5,58.5,9.5,153
Hyderabad,2020-08-28,51.46,100.7,32.41,11.86,1.054,69.39,30.4,78.1,4.7,149
Pune,2020-07-31,31.51,78.84,23.81,16.53,0.429,69.92,32.4,71.9,13.4,92
Indore,2022-03-15,58.89,106.48,36.87,16.36,1.427,51.21,29.4,44.4,8.9,148
Mumbai,2023-10-07,65.73,130.25,52.9,16.1,1.388,66.5,21.3,56.5,9.1,148
Chennai,2022-08-21,41.17,70.84,7.37,2.0,0.826,85.24,33.0,88.4,14.9,114
Nashik,2024-02-27,99.07,173.51,64.1,29.09,2.333,67.8,25.8,68.3,0.5,175
Chennai,2020-09-15,16.04,59.18,28.94,13.91,0.98,79.27,33.0,76.4,10.5,67
Ahmedabad,2024-12-22,123.44,229.11,72.52,48.03,3.668,45.92,16.7,68.9,6.7,192
Bhopal,2022-12-03,76.11,151.0,48.77,29.6,1.849,55.0,12.8,83.4,9.4,156
Meerut,2022-09-08,27.44,49.03,16.89,7.91,0.571,66.31,27.9,71.5,18.1,94
Chennai,2022-09-17,41.34,76.24,28.95,11.38,0.973,75.61,28.2,78.1,7.2,115
Nagpur,2023-10-16,42.13,77.05,30.66,15.09,1.129,52.09,31.8,54.0,13.4,118
Bangalore,2021-08-29,11.93,31.88,5.69,2.75,0.2,76.47,31.0,83.6,20.7,49
Meerut,2020-10-06,69.49,126.37,47.27,27.31,2.208,39.34,25.5,61.4,7.6,158
Kolkata,2020-11-12,115.84,232.12,72.61,35.22,2.615,47.57,25.5,56.4,8.1,181
Agra,2020-08-19,64.92,115.84,30.84,22.44,1.851,48.91,30.4,82.0,6.0,165
Nashik,2023-07-11,28.27,41.55,20.37,9.38,0.406,77.96,26.3,76.0,17.2,79
Agra,2022-03-15,71.19,130.29,40.74,27.04,2.152,57.37,31.5,38.0,13.2,159
Ahmedabad,2024-07-09,53.15,84.49,27.71,8.92,0.778,65.56,33.3,70.9,12.8,142
Kolkata,2022-05-20,84.91,151.67,63.25,25.42,2.079,52.87,32.5,39.1,8.5,167
Kolkata,2021-08-04,13.89,64.13,12.81,15.8,0.421,52.25,33.1,79.8,18.1,58
Kanpur,2023-05-27,104.49,161.73,62.6,27.92,2.508,52.2,22.1,41.2,9.4,176
Patna,2024-03-06,63.38,147.86,41.24,19.8,0.926,46.53,41.3,36.4,10.0,155
Mumbai,2021-08-07,17.08,55.42,37.92,11.09,0.849,69.91,33.8,76.4,11.2,61
Indore,2020-01-07,106.65,184.2,79.25,27.38,2.808,38.94,7.4,77.7,4.7,176
Indore,2022-10-11,61.75,102.62,31.92,17.51,1.123,70.69,18.3,47.8,5.5,152
Mumbai,2023-08-14,45.93,100.33,45.26,12.21,0.855,67.86,20.7,81.0,11.8,126
Pune,2023-01-28,97.35,152.51,69.04,21.01,1.955,67.38,18.4,59.0,5.3,173
Ludhiana,2021-03-30,63.06,114.31,35.6,21.45,1.807,69.88,32.1,41.2,13.6,148
Meerut,2020-07-25,64.22,92.26,30.85,12.19,1.502,64.06,27.5,77.6,9.4,148
Jaipur,2021-08-04,41.39,82.14,20.64,17.56,0.917,67.69,24.7,67.6,13.3,119
Ahmedabad,2020-09-10,48.41,60.28,23.61,14.2,0.801,48.85,33.2,73.4,15.8,133
Lucknow,2020-02-03,114.76,180.3,70.73,30.12,2.663,39.35,19.5,79.7,10.6,182
Lucknow,2021-12-16,134.21,255.06,77.35,36.58,3.504,43.61,19.4,56.6,4.3,186
Ahmedabad,2020-04-17,63.47,134.9,49.52,26.15,2.228,42.89,27.0,35.9,10.6,159
Chennai,2024-05-01,42.15,102.09,32.79,13.67,1.58,46.67,29.2,30.5,13.4,111
Nashik,2023-04-16,46.73,78.27,22.41,11.43,1.315,48.85,36.8,27.3,11.0,141
Kolkata,2020-10-28,93.95,137.4,58.72,23.85,2.86,41.85,28.8,48.2,3.3,185
Delhi,2023-08-20,61.4,86.15,38.82,12.09,0.88,53.2,30.8,94.2,12.6,155
Bhopal,2024-09-14,50.64,73.96,13.47,11.72,1.292,68.92,32.1,86.9,8.9,142
Kanpur,2020-11-11,122.11,144.35,66.46,29.95,3.254,47.07,15.1,63.9,9.6,186
Meerut,2023-10-31,51.71,97.46,40.24,22.78,1.927,54.5,22.4,64.9,12.5,141
Kolkata,2021-08-28,37.03,49.71,14.34,10.74,0.496,61.39,23.3,76.8,17.0,105
Lucknow,2020-12-07,142.39,221.21,77.69,38.47,3.166,47.54,15.1,84.0,5.9,203
Patna,2020-02-05,146.08,234.69,83.45,36.96,3.796,36.03,7.0,73.7,4.7,196
Lucknow,2024-03-02,66.12,146.06,43.53,17.82,2.199,46.54,39.7,50.6,11.2,151
Patna,2022-02-03,131.36,191.59,75.87,34.03,2.516,34.6,12.7,66.6,9.0,190
Faridabad,2020-11-03,91.47,134.76,54.09,24.83,2.139,37.86,20.1,57.9,14.2,175
Jaipur,2024-02-22,117.52,199.42,66.03,31.17,2.199,47.58,19.0,53.6,5.0,184
Faridabad,2024-07-02,42.41,79.41,22.33,8.18,0.583,36.66,26.0,91.1,15.3,123
Nagpur,2020-03-05,54.42,91.49,38.73,12.96,1.336,67.58,35.7,46.5,10.7,139
Mumbai,2022-08-26,5.0,10.0,11.29,9.94,0.2,43.78,31.2,82.1,19.1,23
Chennai,2022-02-18,79.0,105.63,63.07,26.63,2.074,55.79,25.4,75.9,8.2,157
Pune,2022-06-26,17.44,45.71,15.64,8.53,0.942,69.62,30.0,92.2,16.3,62
Mumbai,2022-05-16,61.07,59.71,30.44,15.48,1.604,52.14,36.4,39.7,12.8,154
Lucknow,2022-06-19,30.31,24.63,5.0,3.62,0.537,59.12,27.7,82.1,22.9,89
Nashik,2021-05-08,28.36,75.84,28.94,16.38,0.784,55.12,35.5,43.4,13.3,82
Bangalore,2021-11-28,69.9,133.58,63.94,25.78,2.076,48.5,27.2,57.1,7.2,170
Bhopal,2023-04-11,55.18,94.58,33.3,8.32,1.44,58.54,20.6,35.9,11.4,150
Ludhiana,2023-11-19,112.43,196.58,80.94,37.34,3.1,40.34,20.0,56.0,8.5,180
Hyderabad,2021-11-10,82.79,132.36,69.04,32.49,2.12,51.9,20.3,60.2,6.0,165
Jaipur,2023-09-21,41.54,72.9,21.84,8.75,0.687,62.51,34.0,82.8,11.2,116
Faridabad,2021-09-04,51.6,101.34,36.15,20.68,1.207,50.46,28.8,96.6,15.5,143
Lucknow,2021-06-03,32.8,70.46,15.93,12.3,0.827,46.33,32.9,70.9,14.9,95
Faridabad,2024-02-26,186.88,300.03,109.15,53.53,3.687,35.36,18.2,58.2,4.0,230
Patna,2023-12-28,151.29,265.59,87.11,34.44,3.794,49.76,10.3,52.1,3.7,202
Meerut,2021-12-11,131.29,168.42,73.47,33.55,3.129,48.32,8.3,71.7,7.5,187
Bangalore,2023-05-01,32.38,70.72,30.15,19.52,0.785,68.84,24.3,55.0,13.6,92
Nashik,2021-05-22,29.8,61.98,15.19,10.92,0.497,60.08,28.7,50.2,13.8,93
Kanpur,2023-10-22,83.96,155.26,51.0,16.91,1.916,49.29,30.5,61.2,10.0,171
Hyderabad,2023-06-30,18.24,61.25,8.6,4.32,0.569,77.64,30.2,74.5,17.1,61
Lucknow,2021-11-11,84.3,167.09,66.96,31.43,2.427,47.35,35.5,40.6,11.3,164
Kanpur,2022-12-28,162.37,261.21,80.81,39.45,3.343,33.84,23.4,78.5,5.7,221
Agra,2023-04-06,67.13,130.25,46.68,19.78,1.942,56.24,29.3,32.7,9.3,155
Hyderabad,2024-05-07,45.76,110.92,41.71,18.63,1.635,51.74,31.0,53.7,9.0,123
Chennai,2022-07-30,40.06,60.89,19.4,12.73,1.084,66.25,29.9,79.9,10.2,118
Bhopal,2021-10-18,71.32,93.29,35.77,19.81,1.955,63.64,25.5,50.5,6.3,156
Nashik,2021-09-17,39.41,46.95,18.48,8.68,0.618,80.09,32.9,77.2,15.2,109
Hyderabad,2020-01-06,81.98,163.57,62.74,32.55,2.261,43.82,5.6,84.8,6.1,165
Lucknow,2021-12-22,147.1,245.74,96.94,34.92,3.65,42.3,18.5,79.2,5.0,197
Chennai,2021-11-22,89.35,137.55,69.09,24.12,2.649,61.32,22.4,50.8,5.5,167
Faridabad,2021-02-24,146.85,259.13,92.71,39.77,3.634,36.61,6.6,66.8,7.4,201
Kolkata,2021-10-11,90.09,102.83,54.03,33.39,1.638,38.68,37.9,44.6,4.9,162
Delhi,2024-02-25,206.12,334.19,108.73,47.07,3.929,37.52,18.3,100.0,4.0,239
Ahmedabad,2023-01-09,145.76,218.13,86.83,40.85,3.242,44.06,16.2,65.2,4.5,191
Jaipur,2020-06-06,46.89,73.03,24.03,12.85,0.918,74.36,28.7,77.1,14.8,129
Chennai,2023-03-05,35.48,81.27,34.32,16.6,1.014,72.11,26.0,44.5,11.6,500
Kolkata,2022-10-30,93.88,85.78,44.71,15.97,1.431,47.78,20.8,54.0,12.0,166
Bhopal,2022-04-27,65.46,79.9,40.25,18.06,1.755,61.96,23.9,48.3,10.3,156
Pune,2024-04-23,54.92,97.27,45.42,15.86,1.671,69.88,28.7,41.2,4.7,149
Delhi,2023-05-21,76.67,127.29,57.29,22.17,2.25,54.41,30.9,19.3,11.4,160
Indore,2023-05-19,48.67,80.75,28.32,16.09,1.393,58.12,33.3,50.7,10.6,137
Patna,2022-02-15,139.85,208.88,76.91,40.21,3.321,42.15,16.4,73.3,8.0,193
Faridabad,2023-05-20,108.0,187.85,68.21,34.53,2.688,32.52,33.0,48.5,9.6,177
Kolkata,2022-06-24,16.97,14.42,12.51,2.0,0.2,48.34,32.4,82.7,25.7,57
Agra,2021-07-21,62.63,123.06,30.78,14.63,1.897,45.08,29.5,80.2,10.5,155
Hyderabad,2023-08-23,32.14,10.0,15.22,2.0,0.564,65.32,32.8,71.5,16.9,81
Kolkata,2021-02-12,123.41,206.62,64.04,36.22,2.725,57.05,17.0,62.9,8.4,189
Bhopal,2021-09-23,56.42,88.81,31.92,13.7,1.107,74.44,31.2,74.0,6.5,147
Faridabad,2020-09-07,23.35,44.09,20.72,5.79,0.64,35.82,29.1,90.6,22.1,77
Agra,2024-07-30,53.89,85.09,21.07,5.53,1.348,50.45,24.3,71.0,12.1,154
Lucknow,2022-08-09,50.8,34.19,22.65,12.56,0.997,54.35,34.4,69.2,17.3,139
Agra,2024-11-14,112.1,220.36,75.04,32.45,3.4,41.88,18.6,56.5,6.7,180
Ludhiana,2024-10-31,92.55,107.59,51.04,18.69,1.721,54.75,31.7,50.2,8.1,173
Agra,2021-07-04,31.61,54.78,5.65,5.73,0.667,57.62,22.9,74.0,17.8,500
Pune,2022-04-08,57.98,113.47,36.11,19.08,1.496,61.82,36.6,40.0,9.8,153
Kolkata,2023-01-03,150.14,263.95,93.64,43.59,3.843,49.96,17.3,60.0,3.2,198
Ludhiana,2023-03-25,68.83,108.23,49.36,21.93,1.842,52.04,32.8,37.7,8.5,163
Kolkata,2022-11-26,113.04,196.85,66.94,34.15,2.584,50.7,19.0,37.5,9.3,180
Nashik,2020-04-21,23.31,54.18,23.08,10.35,1.304,61.29,42.2,39.5,11.3,500
Ludhiana,2023-05-01,53.35,94.91,37.95,22.69,1.783,59.76,34.6,45.2,11.3,154
Nagpur,2024-08-09,19.89,62.24,14.59,9.32,0.817,61.23,30.5,78.1,14.7,58
Jaipur,2022-01-15,159.94,272.12,86.27,31.32,3.137,40.33,17.1,74.0,3.9,211
Faridabad,2021-12-29,155.9,272.26,93.9,48.45,4.047,35.48,14.2,43.0,6.3,209
Indore,2021-08-05,47.07,95.13,31.5,14.83,1.481,69.41,31.1,79.2,9.7,129
Patna,2023-04-14,102.76,179.25,57.33,27.05,2.485,41.26,24.5,61.7,9.3,176
Nagpur,2022-01-12,114.38,209.92,74.25,36.38,2.599,44.5,22.9,70.6,6.6,189
Chennai,2023-07-07,8.53,39.88,16.86,10.15,1.107,62.74,29.3,66.5,15.9,37
Kolkata,2021-02-11,107.13,157.89,69.41,44.59,2.948,46.61,25.4,58.3,11.5,181
Patna,2023-02-10,162.19,215.22,83.61,41.03,3.349,39.55,8.2,75.8,5.1,213
Pune,2022-12-15,66.96,157.39,61.29,28.49,2.152,55.83,19.3,81.5,6.7,157
Jaipur,2020-09-18,35.1,82.05,29.49,12.62,1.024,50.36,29.3,65.5,14.4,97
Lucknow,2021-01-04,124.83,186.64,64.62,25.56,2.696,29.21,11.6,66.7,8.6,193
Pune,2022-07-27,26.53,71.1,17.17,4.15,0.386,74.54,30.2,78.9,16.1,81
Ahmedabad,2023-01-11,130.97,265.64,69.21,47.49,4.08,52.21,14.2,67.3,5.0,186
Patna,2020-02-23,126.61,197.82,74.85,32.79,3.371,48.48,13.4,59.2,9.1,194
Meerut,2021-03-24,91.23,116.96,37.52,19.19,1.401,52.7,22.2,32.7,12.5,174
Jaipur,2022-01-16,110.88,208.78,59.18,27.85,2.983,44.54,23.4,55.7,7.9,174
Nashik,2022-01-31,93.28,195.58,56.39,25.63,2.443,54.66,8.6,98.8,4.3,173
Ludhiana,2020-12-23,126.62,195.55,82.77,37.12,3.243,49.99,9.0,51.5,3.6,191
Nashik,2024-11-23,42.91,46.11,30.52,14.27,0.818,66.02,23.6,38.3,17.1,109
Meerut,2024-05-30,112.76,174.75,65.8,28.06,2.398,35.25,35.7,48.4,7.3,164
Chennai,2021-11-01,65.22,117.92,49.04,19.62,2.131,56.83,28.8,71.1,12.3,155
Kolkata,2022-03-29,75.59,96.41,38.91,21.13,1.166,51.52,42.7,35.3,10.5,162
Jaipur,2023-09-04,48.87,81.63,20.66,11.91,0.954,64.73,29.3,66.5,11.8,128
Ludhiana,2022-06-04,57.41,105.63,32.08,9.46,1.209,66.24,25.8,70.2,7.5,151
Lucknow,2024-08-11,61.85,108.54,22.3,9.04,1.189,75.2,34.4,80.3,14.0,153
Nashik,2020-12-02,91.9,149.79,56.99,32.32,2.187,51.16,17.3,72.6,6.0,173
Ahmedabad,2021-08-09,25.58,60.46,32.43,10.85,0.614,60.38,29.8,71.9,15.5,77
Nashik,2020-05-03,43.12,56.39,31.7,12.21,1.266,61.62,24.8,45.9,12.3,118
Kanpur,2020-09-22,26.67,70.13,13.77,8.18,0.634,62.54,29.7,87.0,22.4,80
Kanpur,2024-06-13,67.75,139.64,41.71,19.92,2.057,57.17,30.6,79.2,8.7,157
Bangalore,2021-05-13,41.07,62.16,51.74,18.0,1.578,59.08,27.6,49.0,10.0,115
Pune,2020-06-23,15.43,28.87,14.13,4.58,0.712,80.9,34.1,88.4,17.6,60
Meerut,2021-03-15,127.68,167.34,69.18,38.43,2.843,40.63,24.6,51.7,6.7,188
Hyderabad,2020-10-22,71.85,129.57,59.81,39.94,2.352,78.88,27.1,46.0,0.5,161
Indore,2020-12-26,75.6,141.63,49.25,26.23,2.169,46.1,9.3,75.1,11.9,159
Meerut,2020-01-24,121.79,165.63,60.61,25.41,2.878,43.23,17.4,61.9,7.9,177
Pune,2021-10-27,39.25,88.5,42.76,18.61,1.511,65.59,27.6,46.7,10.1,107
Agra,2024-11-10,122.58,201.89,74.15,30.3,2.745,22.93,31.6,62.7,8.1,185
Bangalore,2020-05-31,31.85,69.39,24.43,7.82,1.099,75.91,25.5,41.9,11.7,84
Agra,2022-11-19,130.92,182.37,68.35,33.5,2.576,39.7,26.8,65.7,9.8,193
Hyderabad,2021-09-04,16.08,47.96,7.4,2.42,0.2,63.03,30.6,76.0,19.1,58
Mumbai,2024-07-11,27.08,47.28,25.93,13.39,0.204,62.53,29.6,80.1,14.9,84
Nashik,2020-05-25,53.49,94.53,39.24,12.01,1.472,56.8,28.4,32.9,10.4,145
Ahmedabad,2023-04-01,57.83,102.43,43.08,26.54,1.894,49.3,39.8,28.5,10.7,154
Ludhiana,2024-11-20,96.66,156.13,70.67,28.51,2.704,55.04,25.5,37.0,9.8,172
Nashik,2024-04-12,55.24,88.42,34.7,18.63,0.599,54.61,33.0,19.0,7.1,148
Kanpur,2022-02-23,165.02,234.58,75.91,34.74,3.197,47.28,18.6,70.5,8.2,217
Lucknow,2024-06-28,34.82,44.78,23.43,9.8,0.881,56.97,30.5,91.9,20.4,95
Kanpur,2021-09-06,36.68,71.4,24.54,7.19,1.194,39.98,31.6,79.3,14.8,104
Hyderabad,2022-07-24,18.57,45.62,14.95,3.96,0.534,62.38,29.7,95.5,18.4,65
Kolkata,2024-11-05,96.84,142.8,54.75,29.25,2.359,41.38,19.6,55.9,12.5,169
Patna,2022-03-07,64.24,127.06,37.9,17.91,1.527,44.93,35.0,38.3,11.8,154
Lucknow,2023-09-22,42.28,64.7,28.65,15.33,1.225,42.73,28.3,72.1,13.4,115
Chennai,2022-05-27,51.71,105.06,55.81,12.43,1.569,43.46,39.2,21.4,7.9,141
Bangalore,2022-09-18,33.53,44.57,15.21,4.98,0.904,81.17,29.0,96.4,16.5,95
Chennai,2024-12-10,85.86,163.13,70.49,33.88,2.57,56.31,14.7,87.7,6.4,170
Hyderabad,2021-11-11,64.69,129.95,47.25,20.01,1.905,62.48,29.9,39.6,10.6,160
Kolkata,2021-01-24,83.15,151.35,60.73,32.43,2.443,45.73,13.9,35.2,10.2,161
Bangalore,2021-10-08,34.25,46.83,33.93,10.66,0.943,61.23,19.8,50.1,13.2,94
Bangalore,2022-08-17,20.85,27.02,27.68,6.97,0.468,75.19,29.5,72.5,15.7,77
Agra,2021-07-03,33.26,57.56,18.72,6.91,0.692,46.46,33.5,81.8,15.5,89
Kanpur,2024-04-19,92.46,143.69,41.15,34.99,2.481,40.34,37.5,42.9,10.4,161
Lucknow,2020-03-15,80.53,143.03,50.12,19.99,1.829,36.77,38.4,43.0,10.6,165
Meerut,2020-01-02,182.71,256.61,97.9,34.78,3.941,38.22,17.0,74.7,2.7,236
Delhi,2021-03-16,81.24,113.33,40.22,27.86,1.736,46.1,30.8,47.0,15.5,164
Nagpur,2022-10-17,68.82,93.43,46.09,21.06,1.568,50.72,16.6,47.0,11.3,156
Pune,2023-09-08,30.07,33.69,17.04,2.0,0.425,68.12,28.3,64.9,18.3,91
Kanpur,2021-07-16,62.51,91.6,35.43,17.37,2.04,40.45,30.9,84.9,12.6,156
Meerut,2023-11-08,118.23,156.37,64.79,31.63,3.329,28.95,21.2,34.6,10.5,182
Bangalore,2021-07-05,6.46,10.0,7.71,4.69,0.755,83.31,30.6,83.7,15.4,29
Indore,2024-12-30,75.5,161.43,64.51,20.07,2.156,39.62,15.2,59.2,6.5,157
Indore,2022-07-28,42.49,96.79,21.27,17.33,1.594,61.27,26.6,74.4,12.0,117
Lucknow,2024-09-14,39.42,68.45,27.78,5.86,0.972,46.43,27.2,81.1,17.1,108
Chennai,2023-11-28,79.26,126.97,59.25,24.41,2.38,54.86,22.4,56.5,6.6,163
Bangalore,2021-07-11,13.31,10.0,18.04,4.51,0.2,92.16,29.7,78.5,20.7,51
Delhi,2023-11-03,119.15,201.26,75.11,29.46,2.602,21.68,25.3,56.9,11.6,184
Kanpur,2022-08-15,62.22,87.55,41.23,17.08,1.171,47.2,26.0,86.5,13.4,158
Jaipur,2021-11-20,81.17,165.28,57.27,25.53,2.28,42.0,26.1,54.2,10.1,164
Jaipur,2024-12-14,161.76,304.61,78.17,35.52,4.029,52.93,18.2,69.9,1.1,215
Meerut,2022-10-25,82.79,121.41,33.55,15.97,1.289,44.32,25.7,58.0,10.9,170
Jaipur,2020-07-26,26.03,51.23,8.18,6.31,0.93,61.07,27.5,65.7,17.1,80
Patna,2020-07-28,54.47,76.25,28.97,15.02,1.456,43.81,26.7,84.3,11.4,152
Agra,2021-02-03,141.49,229.06,77.63,33.32,2.702,37.85,15.0,81.1,7.9,195
Patna,2022-01-07,159.35,245.46,90.16,40.32,4.306,34.75,28.0,78.5,5.4,215
Delhi,2024-07-15,44.9,88.5,32.71,9.12,1.262,43.19,27.9,76.1,16.2,119
Meerut,2021-12-05,117.35,195.18,72.35,26.85,3.31,37.58,19.4,65.7,5.8,191
Pune,2023-06-27,45.5,93.49,23.82,7.04,1.121,67.01,34.1,78.4,12.3,128
Indore,2021-01-29,114.04,170.68,52.44,27.31,2.428,45.86,15.4,88.8,9.2,180
Nashik,2024-09-30,5.0,38.11,5.0,8.92,0.525,68.14,26.9,81.6,17.7,28
Hyderabad,2023-01-24,95.68,167.01,58.37,27.05,2.183,46.9,17.7,78.3,3.4,177
Jaipur,2023-08-13,56.66,108.09,28.77,10.87,1.343,63.63,25.0,84.2,6.0,151
Kolkata,2024-02-18,90.8,179.29,71.29,38.96,2.467,48.47,12.7,69.4,6.6,176
Bangalore,2022-06-18,26.99,37.67,12.8,6.71,1.057,74.19,28.1,62.2,14.5,82
Bhopal,2022-04-24,50.18,90.47,20.12,11.9,1.027,54.81,24.7,37.0,11.0,133
Agra,2022-12-26,124.61,199.23,78.35,39.28,3.32,28.57,17.2,63.1,3.6,184
Pune,2020-07-06,13.96,49.24,9.04,12.06,0.511,64.05,26.0,88.3,13.7,58
Nagpur,2022-04-25,61.39,137.29,41.43,29.97,2.021,49.39,33.5,25.9,8.1,155
Bangalore,2020-09-11,30.84,10.0,5.5,2.0,0.295,76.04,32.2,87.4,18.7,88
Nashik,2024-02-05,37.75,114.05,47.29,19.67,1.609,61.17,21.2,64.9,9.5,111
Lucknow,2020-02-27,170.9,279.94,92.78,37.79,3.557,31.55,10.1,86.3,4.3,213
Mumbai,2021-02-22,89.41,114.57,75.07,27.72,2.705,55.82,11.4,69.1,7.1,174
Lucknow,2020-07-21,62.96,109.48,36.85,10.02,1.44,46.21,28.1,78.5,10.2,160
Hyderabad,2023-05-12,54.73,86.97,32.86,21.55,1.343,52.5,38.7,32.2,11.9,143
Bangalore,2020-09-04,26.21,36.0,15.9,4.35,0.432,94.14,29.7,69.3,10.3,76
Jaipur,2023-05-01,68.53,127.29,33.78,20.81,1.337,49.57,30.9,46.6,12.2,164
Agra,2023-07-06,51.23,97.84,23.93,19.44,1.25,56.29,28.9,76.3,9.6,143
Pune,2020-02-23,93.29,172.1,77.75,25.1,2.566,44.81,26.3,60.8,4.3,171
Indore,2022-04-26,61.21,98.86,31.11,16.02,1.118,41.61,21.7,44.0,12.5,153
Nagpur,2021-07-25,46.73,40.8,22.16,2.39,0.968,62.36,30.3,86.7,13.8,135
Kanpur,2023-11-11,106.16,163.42,70.24,37.14,2.818,33.78,25.2,64.4,13.2,171
Indore,2024-02-17,68.66,131.29,52.47,22.24,1.936,50.42,19.1,60.5,10.8,163
Nashik,2021-12-11,92.62,117.55,57.05,26.97,1.861,39.33,12.2,63.3,6.1,169
Bhopal,2023-10-07,41.11,102.15,31.92,7.78,0.654,56.57,20.9,64.5,10.3,123
Ahmedabad,2020-02-14,117.36,218.15,78.79,39.61,3.347,46.41,4.3,85.2,5.8,179
Pune,2023-05-24,42.47,97.04,41.54,11.79,1.269,73.18,20.3,44.8,10.5,115
Mumbai,2023-10-14,60.51,121.35,57.12,22.73,1.745,66.15,20.5,57.5,6.0,151
Agra,2022-10-04,72.85,126.94,46.52,16.4,2.136,46.96,33.6,52.3,10.5,160
Kanpur,2020-09-11,46.54,96.01,33.75,14.6,1.251,63.27,28.0,70.0,9.2,130
Meerut,2024-06-08,44.96,106.49,39.14,17.13,1.638,48.38,25.5,77.6,9.6,119
Nagpur,2020-12-20,113.04,229.93,78.04,36.17,3.262,38.51,-0.9,69.5,5.4,179
Mumbai,2022-03-21,47.55,102.53,44.6,28.03,1.825,53.31,34.7,44.3,9.2,128
Jaipur,2023-08-27,38.78,101.66,30.17,14.49,0.795,51.56,32.0,69.4,11.8,110
Bangalore,2022-08-20,13.8,63.99,12.46,7.68,1.007,79.49,25.6,72.6,13.9,54
Ludhiana,2022-09-16,65.01,103.72,35.78,17.77,1.436,64.18,26.7,97.6,7.2,163
Jaipur,2023-04-03,41.6,130.24,33.99,18.46,1.308,37.03,33.8,23.0,11.8,122
Pune,2021-09-30,17.37,24.43,9.68,7.57,0.404,89.94,32.2,85.9,19.8,62
Bangalore,2021-01-27,68.29,115.02,45.82,34.26,1.815,55.91,10.5,65.4,7.5,158
Delhi,2020-06-27,63.94,113.88,31.22,11.34,0.782,45.63,34.1,86.6,14.1,163
Jaipur,2021-07-16,76.67,114.26,36.09,14.58,0.936,59.15,27.6,89.3,6.9,166
Ahmedabad,2023-04-15,73.8,153.32,48.1,30.34,2.737,49.41,25.7,38.1,6.4,160
Kanpur,2021-09-25,59.85,87.63,25.53,18.18,1.282,38.69,29.4,78.0,15.3,143
Indore,2024-03-11,60.92,130.09,40.81,22.44,1.848,43.07,27.3,39.4,9.5,163
Nashik,2020-11-06,73.98,129.03,54.41,16.47,2.034,51.97,24.9,65.4,7.1,158
Agra,2020-10-18,80.13,162.78,48.25,21.72,1.773,52.7,24.8,55.0,8.8,171
Lucknow,2021-08-06,31.12,89.35,27.36,12.93,0.502,49.16,30.7,76.7,12.9,90
Mumbai,2024-02-02,78.99,128.54,64.97,26.78,2.048,50.15,11.7,70.3,8.0,163
Bangalore,2021-04-23,45.05,80.27,47.54,17.07,1.698,62.77,34.4,30.8,8.9,131
Delhi,2021-09-30,47.95,81.75,33.88,10.5,1.163,52.79,31.0,83.7,16.3,139
Hyderabad,2023-08-19,46.32,76.46,22.35,14.06,0.631,65.23,27.6,79.5,6.3,119
Kanpur,2022-11-27,161.61,258.04,97.59,51.26,3.834,26.19,30.0,42.2,5.7,210
Mumbai,2020-07-12,8.67,49.9,11.38,5.83,0.373,78.02,34.5,74.5,19.2,51
Mumbai,2024-02-15,118.11,189.52,81.35,39.07,3.652,39.53,16.4,80.8,4.8,187
Delhi,2024-04-06,78.87,144.08,64.7,28.57,2.094,44.25,31.7,44.5,12.3,164
Lucknow,2024-12-26,202.4,319.97,117.57,48.33,5.092,42.06,28.2,71.6,0.5,247
Hyderabad,2022-06-23,21.95,33.52,13.19,5.1,0.394,47.39,31.7,79.0,21.8,68
Delhi,2024-10-01,142.57,230.52,98.92,35.21,3.223,44.87,25.8,58.4,2.7,201
Nagpur,2020-08-11,53.91,85.42,41.93,13.65,0.91,62.82,34.6,86.3,7.0,153
Kolkata,2022-02-22,130.48,181.31,77.38,28.61,2.955,39.48,18.5,75.5,9.9,185
Nashik,2023-07-10,7.19,18.97,8.5,2.32,0.2,61.64,35.7,80.6,17.0,26
Lucknow,2020-01-04,134.87,214.52,75.27,38.25,2.575,35.32,27.0,66.9,6.7,195
Agra,2020-10-06,82.26,115.26,33.32,20.73,1.877,41.54,33.1,71.1,9.3,161
Lucknow,2020-07-31,48.99,74.8,23.78,5.43,0.594,44.1,30.4,80.4,17.8,137
Kolkata,2023-07-13,31.83,49.03,12.62,11.22,0.717,63.7,26.1,79.9,20.6,92
Meerut,2024-05-04,69.99,110.46,43.85,20.95,2.194,51.21,36.5,39.0,10.5,163
Lucknow,2020-09-06,25.04,59.68,21.03,6.41,0.861,55.38,30.0,73.6,16.7,78
Faridabad,2024-05-25,77.05,114.58,41.37,19.82,2.107,44.02,18.7,53.5,15.5,152
Indore,2023-11-06,60.53,106.03,36.24,21.93,1.371,49.17,18.5,58.2,12.5,160
Kanpur,2020-03-07,126.28,244.5,92.14,43.68,3.598,29.02,24.1,41.3,1.3,185
Agra,2020-12-08,110.14,194.47,83.39,23.03,2.823,44.1,18.6,76.2,8.4,170
Chennai,2020-08-22,31.8,51.03,23.93,9.7,0.903,70.01,33.1,73.3,11.6,93
Agra,2020-07-14,46.64,64.74,15.18,10.89,1.03,45.98,27.6,76.9,15.6,134
Bhopal,2023-08-21,20.0,86.77,11.15,4.96,0.433,74.13,27.5,92.0,16.2,63
Nashik,2020-12-01,64.79,156.88,58.51,31.67,1.697,58.86,15.4,58.9,3.6,156
Indore,2023-12-05,80.12,156.46,50.11,12.45,1.509,47.62,17.5,78.0,8.0,164
Meerut,2021-10-11,73.21,107.02,45.67,17.77,2.029,50.15,26.8,48.7,9.4,160
Kolkata,2023-11-26,137.8,245.52,80.59,36.1,3.223,43.99,23.5,72.3,2.3,192
Indore,2023-04-07,41.31,87.21,25.75,16.67,1.338,52.48,33.5,34.7,9.4,123
Ludhiana,2023-08-04,37.9,110.3,26.28,15.41,1.691,65.17,29.4,77.6,14.2,108
Bhopal,2023-10-11,55.28,124.53,44.28,19.46,1.89,52.93,17.1,55.5,5.4,158
Jaipur,2023-07-08,40.66,64.05,25.21,9.03,1.519,63.19,31.1,86.2,10.2,114
Patna,2023-07-28,50.12,89.04,27.1,14.79,0.973,79.58,28.7,81.6,13.7,139
Pune,2022-01-27,70.97,140.19,44.14,25.02,2.172,55.67,10.5,68.5,11.4,159
Mumbai,2024-10-26,59.69,85.61,45.1,12.11,1.489,60.0,22.6,67.3,6.6,155
Ahmedabad,2023-10-20,80.55,150.07,45.67,30.56,2.501,37.95,18.6,52.3,6.7,157
Jaipur,2024-07-14,54.67,134.11,39.03,16.44,0.895,57.47,27.5,94.7,10.4,142
Bhopal,2020-04-15,35.02,110.86,33.71,18.23,1.324,51.96,40.8,28.6,7.4,100
Lucknow,2021-06-08,82.51,81.72,32.43,14.17,1.803,55.68,26.4,72.4,9.4,167
Chennai,2020-09-18,11.46,69.51,20.28,8.74,0.919,56.5,27.1,85.1,13.1,58
Kolkata,2020-08-10,21.84,22.06,14.86,7.37,0.2,63.25,28.3,68.0,19.0,66
Kolkata,2020-08-24,50.83,95.09,30.01,13.62,1.201,53.42,30.9,81.1,11.8,139
Nagpur,2021-12-10,82.19,138.62,56.72,23.48,2.084,52.03,26.3,61.8,9.5,161
Faridabad,2020-08-04,52.98,97.46,16.89,13.27,0.695,42.54,31.0,87.9,15.1,144
Lucknow,2022-11-05,124.12,183.49,73.64,39.83,2.843,49.71,32.6,50.2,10.0,188
Jaipur,2024-02-21,132.82,284.53,83.53,37.76,3.144,37.61,22.3,65.5,3.0,197
Bhopal,2024-08-09,20.32,18.52,8.99,2.53,0.2,76.74,30.2,77.7,15.6,68
Patna,2020-11-28,135.53,197.71,58.68,34.65,2.508,34.72,18.5,68.1,6.6,201
Agra,2022-01-03,157.51,274.19,96.94,38.8,3.652,46.02,13.0,78.4,4.0,211
Nagpur,2021-09-04,54.18,104.22,13.9,16.78,1.156,60.05,27.6,96.8,12.0,147
Ahmedabad,2020-03-17,78.83,113.1,47.03,27.09,1.519,50.51,34.4,54.8,8.3,166
Pune,2022-07-13,20.68,10.0,9.71,7.29,1.052,70.62,27.1,77.4,20.0,64
Kolkata,2023-04-04,71.96,127.77,47.51,14.56,1.844,33.08,30.9,38.7,10.3,160
Meerut,2023-08-26,38.61,82.01,28.95,7.89,1.01,61.26,34.1,68.9,11.7,111
Indore,2021-11-06,76.22,173.81,51.87,24.33,2.307,53.01,25.1,47.6,11.1,166
Mumbai,2022-05-14,34.31,57.6,21.7,11.83,1.578,63.54,40.0,48.0,12.6,97
Meerut,2024-12-18,144.48,230.46,86.76,38.55,2.653,51.04,16.5,93.8,6.2,193
Delhi,2022-06-16,71.44,99.78,37.24,12.68,1.387,73.73,26.4,77.2,9.9,158
Bhopal,2021-06-11,35.4,49.99,30.91,18.53,0.762,69.65,27.0,80.1,17.6,99
Indore,2020-08-30,40.41,68.94,28.51,8.48,0.754,70.35,25.9,83.2,6.6,115
Jaipur,2024-04-24,72.58,139.39,42.47,19.05,1.663,59.14,33.8,30.9,11.7,162
Patna,2020-08-07,45.75,33.64,12.03,5.29,0.2,53.98,34.9,82.0,21.9,128
Ahmedabad,2022-04-15,80.07,165.76,59.35,38.96,2.175,50.03,40.8,39.2,5.4,159
Indore,2022-12-31,102.34,226.68,67.43,31.29,2.745,52.93,9.5,70.1,4.8,166
Chennai,2024-04-17,41.39,94.43,30.1,18.21,1.778,67.67,27.7,53.0,10.1,125
Kanpur,2020-05-12,105.59,187.1,66.7,32.82,2.489,54.65,34.4,49.1,6.9,182
Ludhiana,2021-11-08,106.28,166.41,62.23,37.37,2.898,42.98,19.6,45.3,9.2,173
Nagpur,2021-09-05,36.18,30.84,32.12,12.15,0.921,59.13,28.4,69.7,15.7,105
Nashik,2021-09-27,25.42,42.96,17.22,2.0,0.511,81.38,31.5,73.4,11.4,76
Indore,2020-08-26,44.36,65.45,35.02,16.65,0.886,55.04,27.4,82.9,12.2,126
Lucknow,2023-03-14,66.22,158.44,52.97,16.95,2.304,48.05,35.5,37.5,9.4,163
Faridabad,2022-11-08,151.95,254.42,83.02,41.11,3.5,29.19,31.3,58.2,8.2,495
Agra,2024-10-22,64.09,90.15,29.84,23.76,1.298,68.04,20.2,53.8,12.5,163
Jaipur,2023-09-05,55.03,70.44,29.53,15.25,0.939,67.83,35.0,85.8,12.6,147
Patna,2023-02-28,155.39,205.5,77.41,31.07,3.188,53.43,24.9,85.6,6.4,200
Jaipur,2020-11-05,88.72,156.12,39.98,26.53,1.509,41.56,19.6,70.5,12.9,165
Nashik,2022-03-03,38.8,67.38,28.75,15.69,1.359,45.64,39.0,42.7,10.4,112
Chennai,2020-06-16,13.2,64.78,14.37,9.4,0.689,87.26,28.7,93.3,12.4,56
Hyderabad,2020-10-23,35.59,108.64,35.22,15.34,0.94,62.35,29.1,65.1,9.5,92
Faridabad,2021-10-17,100.12,156.17,46.16,27.17,2.114,38.39,26.0,56.3,6.8,170
Meerut,2020-12-09,155.04,223.46,79.88,36.35,3.041,42.6,20.7,76.5,6.4,209
Hyderabad,2023-04-18,55.88,77.73,41.36,25.84,1.138,45.07,34.1,37.2,9.5,145
Bangalore,2024-07-24,18.9,35.23,22.52,8.71,0.491,78.69,32.1,82.6,17.8,65
Kanpur,2023-11-22,123.12,197.38,77.82,39.61,3.11,45.14,23.6,42.2,7.9,187
Mumbai,2023-08-16,49.69,54.73,34.67,6.72,1.212,72.6,28.4,82.4,8.0,500
Ahmedabad,2023-08-16,45.91,64.05,24.1,11.8,0.2,48.99,26.1,81.6,12.6,128
Mumbai,2022-04-12,33.95,40.53,32.7,5.91,1.409,40.36,34.8,34.5,15.8,97
Kanpur,2022-12-12,186.34,248.14,98.58,41.03,4.309,43.19,16.0,67.7,5.0,231
Delhi,2024-09-04,61.46,152.37,45.47,12.7,1.742,32.19,33.1,96.7,7.7,154
Nashik,2020-05-10,34.49,74.21,29.03,5.11,0.707,78.56,31.5,29.9,12.4,101
Agra,2020-12-05,134.01,217.49,65.46,37.22,2.968,27.57,12.0,100.0,9.5,184
Nashik,2023-01-06,78.91,143.7,46.98,30.95,1.975,51.62,11.4,48.7,2.8,168
Mumbai,2023-02-07,77.84,106.55,51.52,16.94,2.183,63.05,21.9,73.6,9.2,172
Jaipur,2021-12-16,164.3,337.3,82.51,40.77,3.505,45.59,12.3,75.7,1.0,212
Delhi,2021-09-21,76.64,134.36,47.21,22.02,1.678,53.72,32.7,78.3,11.2,162
Chennai,2021-12-17,82.85,136.37,58.29,23.58,1.978,57.85,20.8,47.4,7.3,176
Bangalore,2020-08-02,16.23,31.76,15.41,2.0,0.496,82.84,30.9,75.3,14.8,60
Nagpur,2022-04-02,76.41,129.86,53.44,23.36,1.807,55.46,45.1,35.4,7.5,164
Agra,2022-05-26,73.65,115.96,42.59,16.56,2.189,38.62,33.5,41.1,11.0,159
Nashik,2022-12-17,96.65,166.35,64.07,30.34,2.486,44.41,31.4,74.5,3.2,176
Ludhiana,2023-01-18,158.3,254.94,78.73,42.98,3.636,45.0,19.3,67.4,3.4,496
Kanpur,2023-02-24,189.87,305.16,122.18,41.04,3.843,37.27,21.1,80.4,2.4,239
Chennai,2022-03-08,51.26,82.27,43.29,23.94,1.724,60.07,39.0,37.9,10.1,140
Delhi,2021-07-02,79.59,158.94,47.05,16.42,1.932,56.81,27.4,80.8,7.0,158
Jaipur,2024-11-29,112.97,227.59,73.18,27.72,2.344,39.27,23.2,70.4,4.6,186
Faridabad,2021-03-16,87.45,128.26,69.17,26.9,1.674,37.86,35.2,45.1,13.6,168
Patna,2022-12-17,139.61,213.63,73.18,31.36,3.353,40.8,10.4,75.6,5.6,195
Agra,2023-03-18,67.29,163.54,44.26,16.64,2.237,39.02,33.7,48.8,9.6,156
Bhopal,2022-08-27,56.08,69.56,32.36,18.4,1.419,64.62,24.9,76.3,8.3,154
Lucknow,2020-06-24,40.82,40.48,9.79,6.56,0.305,49.01,25.3,71.0,19.0,126
Kanpur,2021-12-08,161.66,283.78,92.04,48.91,4.227,51.26,9.6,59.7,5.0,217
Agra,2023-06-03,37.9,51.01,17.55,13.04,0.65,38.07,29.9,82.3,18.3,106
Ludhiana,2022-07-09,45.2,89.14,5.0,20.67,1.254,58.89,32.6,73.2,16.3,121
Bhopal,2023-09-14,16.56,33.1,8.2,3.82,0.817,63.12,25.5,86.7,21.4,61
Jaipur,2023-07-25,21.78,54.07,10.26,2.0,1.208,58.7,27.4,75.7,19.7,500
Mumbai,2023-05-02,75.7,76.93,52.59,14.73,2.159,57.45,35.0,36.0,8.2,161
Mumbai,2022-11-06,76.11,120.84,56.56,27.87,2.765,50.7,23.3,67.1,7.7,159
Faridabad,2024-07-22,39.6,69.17,30.66,11.89,0.606,48.97,33.2,76.6,16.2,110
Patna,2023-08-31,63.35,110.73,35.13,19.23,1.269,49.7,31.5,80.3,13.9,150
Delhi,2022-02-14,180.47,249.79,106.12,35.31,3.778,42.48,7.3,50.3,3.8,228
Ludhiana,2024-10-26,50.58,133.54,42.75,20.73,1.174,44.57,25.8,58.5,14.3,141
Nashik,2023-05-15,31.97,90.2,33.11,16.67,1.555,62.86,36.8,54.6,9.4,88
Pune,2023-10-20,51.51,81.97,37.52,14.3,1.022,61.59,31.4,51.4,6.9,132
Hyderabad,2024-04-04,48.71,92.24,47.92,19.08,2.33,71.78,41.2,25.2,6.7,134
Bhopal,2020-03-09,49.17,99.35,28.97,15.62,1.522,46.18,27.0,45.8,8.6,140
Nagpur,2021-05-05,58.78,131.01,48.37,23.23,1.59,60.55,45.5,46.4,8.2,153
Kanpur,2024-01-08,132.68,177.96,65.94,29.2,3.358,43.24,15.6,83.1,10.0,195
Meerut,2020-10-31,107.31,159.71,56.63,32.06,2.319,51.81,23.6,57.0,4.2,183
Ahmedabad,2021-09-24,48.39,66.12,24.66,15.78,1.192,54.28,31.8,82.7,11.1,138
Patna,2023-01-02,157.15,266.3,94.63,47.6,3.611,30.78,16.2,62.5,2.0,209
Ahmedabad,2024-08-15,34.21,106.35,31.82,14.22,1.08,62.39,26.3,88.7,12.0,97
Meerut,2020-04-24,54.52,84.54,37.23,15.93,1.915,53.54,30.5,41.3,13.7,152
Agra,2024-08-11,45.5,67.89,31.59,15.57,0.793,44.66,33.5,77.0,17.3,125
Patna,2023-06-11,45.74,79.71,19.84,15.87,1.224,69.34,31.3,72.3,10.6,127
Pune,2020-09-15,13.86,40.81,16.0,4.27,0.791,78.68,31.6,83.3,16.6,61
Lucknow,2022-01-30,132.15,200.01,69.19,28.53,2.766,63.6,20.6,66.1,5.8,191
Pune,2023-09-11,33.72,48.37,17.6,2.0,1.075,79.5,37.0,65.2,15.8,102
Kolkata,2024-03-17,64.86,106.36,54.03,12.97,1.589,40.48,34.9,46.3,12.1,157
Lucknow,2023-10-06,95.79,163.98,51.68,33.74,2.178,48.22,30.4,50.1,6.5,161
Nashik,2022-06-20,23.94,58.21,23.51,3.76,0.784,73.3,32.1,62.8,5.1,72
Mumbai,2024-12-12,95.56,152.12,71.17,33.0,2.394,40.18,16.8,55.0,6.0,171
Mumbai,2024-02-29,75.1,163.37,68.31,22.39,2.223,37.16,13.0,78.9,6.3,155
Agra,2021-08-03,55.54,89.05,26.31,11.21,0.728,44.1,30.3,92.2,16.1,147
Nashik,2021-07-21,22.41,58.93,11.61,12.08,0.392,67.79,26.2,70.9,14.2,77
Delhi,2023-08-02,72.63,95.67,42.01,16.18,1.687,53.89,29.7,83.3,9.6,164
Meerut,2023-12-11,149.74,205.61,91.02,37.17,3.122,34.22,14.2,73.0,7.0,200
Meerut,2020-12-21,177.14,311.25,96.53,49.82,4.011,44.32,3.8,79.2,3.6,227
Kanpur,2020-10-21,124.09,163.82,65.93,38.08,2.376,62.45,20.2,61.5,2.3,196
Bhopal,2020-04-06,57.69,85.69,32.05,17.38,1.03,64.71,25.6,36.7,12.3,153
Faridabad,2023-08-13,52.8,85.94,34.18,16.0,1.229,50.44,34.8,76.5,13.2,142
Lucknow,2020-03-19,48.59,123.73,34.52,22.61,1.906,37.37,26.7,58.9,14.3,135
Jaipur,2022-05-17,71.11,179.6,45.31,18.57,2.451,46.24,36.7,62.1,8.8,154
Chennai,2023-01-16,89.96,143.1,59.52,27.93,2.036,68.17,10.0,63.5,4.2,173
Hyderabad,2023-11-29,52.09,104.63,50.12,21.57,1.629,50.07,28.1,61.5,11.5,148
Patna,2021-05-19,63.11,110.85,47.19,22.01,1.665,40.5,27.7,36.6,14.4,157
Kolkata,2024-11-21,92.48,138.01,67.25,27.4,2.209,47.39,14.1,52.3,10.3,183
Lucknow,2020-10-21,78.02,128.05,45.22,16.15,1.964,35.17,27.0,41.9,7.8,162
Lucknow,2024-01-06,139.56,228.31,81.16,36.83,3.152,44.96,20.5,71.7,6.0,198
Kanpur,2022-06-16,39.3,45.16,30.19,10.11,0.853,65.28,31.4,83.0,15.5,106
Agra,2021-10-06,95.9,125.91,52.62,21.31,2.062,46.48,29.0,63.1,7.2,173
Bangalore,2023-12-10,60.79,148.15,52.33,19.12,1.576,67.31,13.5,99.7,5.5,159
Kolkata,2020-03-26,61.87,118.03,54.41,21.41,2.056,44.82,31.1,46.4,9.8,154
Kanpur,2022-05-06,90.9,128.73,60.66,31.56,2.696,51.5,28.1,36.0,10.4,165
Nagpur,2021-04-21,53.77,69.27,35.21,18.1,1.452,53.5,34.8,40.3,13.5,148
Bhopal,2021-05-08,54.6,108.23,39.03,19.78,1.544,56.36,30.7,20.3,9.5,143
Ahmedabad,2020-11-12,124.51,232.78,76.7,38.57,3.258,48.3,13.3,65.0,4.5,190
Faridabad,2021-02-04,143.86,258.97,92.01,48.54,3.526,32.7,10.7,58.2,3.7,201
Jaipur,2024-01-02,118.39,272.19,64.65,31.24,2.499,49.49,19.3,74.8,9.2,182
Kanpur,2021-05-10,106.66,168.08,67.87,28.66,2.243,52.09,36.7,42.2,6.1,181
Ludhiana,2023-01-04,104.17,133.21,45.18,19.97,2.111,38.84,10.2,89.8,12.7,179
Jaipur,2020-12-05,131.26,246.15,55.93,36.0,2.574,45.51,13.5,72.5,0.7,189
Chennai,2020-05-20,46.88,105.9,30.17,18.47,1.603,49.35,40.1,42.4,8.8,125
Meerut,2022-05-09,86.21,156.49,42.52,20.59,2.312,41.36,31.2,43.1,10.6,173
Patna,2024-08-08,50.85,75.46,31.14,14.16,1.208,55.14,29.0,78.7,9.9,134
Mumbai,2023-04-11,55.95,58.2,36.91,13.56,1.428,61.92,30.9,49.4,14.9,147
Delhi,2022-07-28,71.8,89.4,44.05,16.05,1.749,51.84,28.3,59.3,11.8,155
Agra,2023-07-05,56.46,84.69,30.59,16.23,1.838,48.79,32.7,83.4,11.2,152
Kanpur,2022-07-10,92.41,145.06,46.34,26.78,2.18,62.86,24.9,80.7,6.3,173
Chennai,2021-07-10,26.81,49.76,21.69,10.15,0.932,76.39,29.6,82.8,10.0,76
Hyderabad,2023-01-17,80.64,167.44,66.05,31.66,2.465,43.94,17.2,54.1,5.6,163
Hyderabad,2022-09-15,13.95,49.16,14.91,2.58,0.368,76.04,26.3,70.5,20.4,72
Jaipur,2023-02-16,131.64,234.34,68.28,33.63,2.73,48.06,24.0,91.8,8.3,190
Ahmedabad,2021-06-25,63.92,91.57,28.62,16.25,1.401,61.19,29.6,59.5,12.2,154
Ahmedabad,2022-12-23,86.44,170.64,53.77,29.91,1.937,49.37,17.0,69.6,10.2,167
Pune,2020-10-17,47.22,106.52,36.3,20.31,1.927,67.42,24.3,56.6,6.1,130
Meerut,2021-04-29,95.54,133.66,46.79,18.48,2.027,40.89,25.2,35.2,11.9,173
Mumbai,2023-01-09,97.49,150.72,81.28,35.27,2.876,34.75,11.0,72.7,1.6,183
Lucknow,2021-04-04,123.49,170.02,71.81,29.76,3.459,42.67,33.3,27.4,4.1,180
Chennai,2022-09-03,8.46,49.81,25.29,7.87,0.806,82.7,30.8,80.0,12.2,46
Meerut,2024-06-21,52.41,73.79,16.84,10.78,1.748,53.97,30.6,65.8,14.3,141
Nagpur,2022-12-12,106.25,163.06,61.65,29.26,2.314,44.91,12.4,62.4,7.1,181
Hyderabad,2022-02-26,78.36,187.28,59.75,28.58,3.074,45.57,19.9,70.7,7.2,166
Kanpur,2024-10-30,80.09,116.43,38.45,21.97,2.135,55.8,25.3,65.1,10.4,163
Faridabad,2020-10-05,94.24,173.73,62.72,34.0,1.948,43.84,28.9,50.3,9.2,183
Jaipur,2022-09-22,47.19,94.88,28.92,4.61,1.103,66.31,26.9,81.5,10.9,128
Chennai,2024-09-01,5.0,10.0,19.37,2.0,0.328,79.07,27.8,80.2,18.7,21
Mumbai,2024-01-09,110.91,133.71,82.74,36.15,2.275,43.65,10.6,36.0,4.6,185
Agra,2022-07-25,42.77,73.72,35.83,11.13,1.442,65.24,29.7,80.6,11.9,113
Bangalore,2021-07-08,21.96,42.08,17.87,10.63,0.811,81.58,26.3,81.1,13.9,57
Pune,2023-11-06,81.83,142.16,46.87,29.98,2.367,66.56,24.8,47.5,7.8,170
Nashik,2021-03-12,36.45,51.07,30.97,14.26,0.78,54.43,31.6,59.9,13.1,103
Kolkata,2023-12-22,135.14,240.3,82.72,32.15,2.612,54.29,16.1,75.4,5.8,195
Lucknow,2023-07-25,33.41,59.12,20.84,9.96,0.852,59.9,30.8,81.8,14.6,96
Kolkata,2023-01-07,153.49,259.52,88.73,41.09,3.602,49.92,20.7,82.9,4.4,196
Lucknow,2022-09-07,49.8,72.43,28.91,17.83,1.359,55.92,27.0,89.5,11.1,120
Pune,2023-11-21,58.37,137.58,56.73,31.2,2.328,67.14,28.5,37.4,5.8,153
Kanpur,2024-12-25,127.11,203.54,69.73,37.8,3.347,44.86,12.1,52.4,10.2,185
Nashik,2021-02-24,71.33,139.63,57.53,20.1,1.796,57.52,20.4,85.5,6.3,156
Bhopal,2023-10-22,33.94,75.43,21.6,2.0,0.525,58.52,25.7,47.8,18.8,96
Bhopal,2021-10-14,67.55,119.41,37.34,6.81,1.14,67.86,30.5,61.5,5.7,165
Meerut,2020-04-29,71.44,157.56,35.13,26.41,1.695,52.82,21.9,41.8,10.8,161
Bhopal,2022-05-24,60.54,73.48,34.54,16.66,1.016,59.93,27.7,45.2,9.6,147
Pune,2022-07-18,17.75,43.32,15.35,4.36,0.742,68.84,27.5,70.0,18.7,63
Mumbai,2022-10-26,43.8,87.01,37.6,15.06,1.46,62.09,23.5,46.1,12.0,112
Lucknow,2024-11-22,112.45,184.58,63.11,26.9,3.052,27.98,39.0,50.2,7.1,173
Ludhiana,2022-09-08,44.53,73.69,34.8,14.02,1.876,55.58,29.6,70.9,11.9,120
Ludhiana,2022-03-31,84.18,125.6,52.05,27.7,2.081,62.39,28.2,49.8,9.8,170
Chennai,2021-12-21,85.23,159.55,70.16,28.66,2.42,66.9,12.1,62.5,1.6,160
Kolkata,2021-01-27,138.65,221.99,93.71,37.23,2.78,45.25,21.5,72.5,5.0,197
Delhi,2021-10-26,93.39,140.64,49.68,22.88,2.082,53.45,21.1,60.7,13.2,174
Ludhiana,2022-12-03,117.81,202.23,69.51,30.68,2.418,50.03,14.4,72.9,7.9,186
Pune,2024-07-11,51.57,67.64,28.62,15.1,1.547,61.01,29.7,78.7,6.9,139
Nagpur,2021-07-14,35.2,87.83,27.93,9.71,0.342,62.85,33.4,86.7,15.8,97
Agra,2021-11-01,107.69,201.25,61.54,29.3,2.121,40.85,27.9,73.8,7.7,180
Nagpur,2023-01-08,98.74,179.07,65.37,32.02,2.38,68.38,14.3,66.8,4.9,171
Kanpur,2020-09-13,56.52,90.45,31.41,11.38,1.358,56.91,32.3,84.3,14.7,156
Ahmedabad,2023-08-22,33.74,54.72,20.23,14.02,0.888,66.8,33.0,75.1,17.7,496
Bangalore,2020-12-24,71.18,162.13,57.12,15.3,1.836,69.39,10.1,78.5,6.5,158
Pune,2024-01-17,77.05,170.26,66.53,27.01,1.746,53.57,10.5,87.1,5.4,162
Kanpur,2020-09-15,82.63,139.67,55.86,21.75,1.365,61.07,29.3,66.5,10.3,164
Ludhiana,2024-10-02,87.35,149.26,49.62,24.56,1.722,54.1,18.4,55.5,4.6,164
Delhi,2024-10-29,85.63,148.21,60.16,18.12,2.084,53.22,27.3,43.6,8.4,174
Indore,2022-01-10,129.99,223.95,74.93,34.07,2.545,48.32,17.4,68.0,5.7,191
Bhopal,2024-11-03,62.46,111.51,49.41,14.01,1.373,44.75,28.0,65.4,14.0,158
Bangalore,2022-08-19,23.66,32.2,14.0,3.23,0.771,71.15,29.1,84.6,16.0,79
Pune,2021-01-06,82.75,140.89,49.9,21.84,2.102,59.14,14.2,70.2,3.8,167
Nashik,2021-03-20,43.27,92.17,32.76,6.36,1.129,71.09,32.1,43.8,8.3,120
Delhi,2023-05-27,110.01,173.24,64.59,24.64,2.295,53.86,22.6,41.2,9.5,179
Bhopal,2024-11-24,76.25,150.22,42.94,22.68,2.264,61.91,19.7,44.5,10.0,156
Faridabad,2024-04-06,96.13,117.15,53.71,24.57,2.068,43.56,20.3,57.0,10.3,166
Faridabad,2022-05-02,102.6,156.46,64.64,24.15,2.439,50.53,33.5,45.6,9.9,177
Bhopal,2024-02-23,99.12,137.37,50.05,20.98,2.125,49.84,9.3,56.3,8.2,175
Indore,2023-12-12,97.37,186.44,55.89,21.99,1.586,38.85,15.7,93.3,3.1,178
Patna,2022-06-29,66.61,109.54,39.65,16.65,1.434,48.64,35.1,88.5,5.1,150
Ludhiana,2023-10-18,71.22,131.74,27.54,22.6,1.341,45.82,31.6,67.6,11.5,162
Pune,2021-03-27,48.32,81.6,38.31,19.0,1.408,29.3,39.9,30.2,7.8,138
Patna,2022-10-22,81.13,144.53,48.58,20.62,2.47,35.8,27.2,71.4,7.5,157
Agra,2021-02-18,122.64,196.08,63.04,27.62,2.754,33.14,17.5,63.9,6.8,188
Hyderabad,2023-07-30,42.47,93.88,27.07,11.0,1.025,80.67,32.1,68.6,1.5,115
Patna,2022-02-17,127.31,237.54,68.9,29.11,3.139,34.55,14.6,60.6,6.3,183
Indore,2022-08-22,30.37,59.33,14.17,9.12,0.472,51.09,27.1,80.3,16.0,91
Bhopal,2023-01-10,108.47,185.34,56.45,31.6,2.677,55.3,19.9,73.7,4.9,178
Nashik,2024-03-11,55.07,84.84,36.89,13.63,1.209,64.68,33.5,51.5,12.8,147
Faridabad,2022-10-04,84.83,126.53,56.97,23.6,1.593,54.22,25.8,63.2,9.5,166
Nagpur,2021-09-01,32.53,59.31,12.68,12.27,1.455,63.61,34.6,65.1,11.0,89
Hyderabad,2024-01-11,86.84,167.45,63.41,34.11,2.777,46.93,17.1,62.3,4.9,168
Kolkata,2022-01-02,133.93,197.89,73.73,39.25,3.199,36.61,13.6,53.1,7.0,192
Delhi,2020-11-09,116.35,194.22,73.64,38.17,2.974,37.34,21.3,47.1,8.7,183
Kolkata,2021-05-23,85.42,128.97,64.06,28.14,1.857,51.52,28.2,43.9,5.4,163
Bhopal,2020-07-08,14.45,52.55,7.65,6.66,0.2,74.25,28.5,82.9,16.9,56
Indore,2024-12-03,96.45,188.64,55.43,30.26,2.448,42.91,19.7,67.9,5.6,175
Delhi,2024-11-28,130.21,225.21,86.06,31.63,3.441,43.11,25.7,39.4,9.3,191
Hyderabad,2021-11-27,56.66,131.6,44.34,25.18,1.593,48.86,20.4,59.4,7.1,152
Nagpur,2020-10-13,63.38,138.47,43.82,18.98,1.606,54.27,25.1,67.5,10.1,159
Indore,2023-10-02,73.12,95.99,48.82,16.7,1.749,50.22,36.6,64.7,8.6,157
Ludhiana,2021-02-25,151.31,249.93,73.68,36.43,3.317,32.11,12.1,71.2,2.1,199
Hyderabad,2023-11-02,68.54,130.04,38.84,27.54,2.222,54.12,15.9,50.6,8.3,153
Mumbai,2020-04-12,64.61,68.67,47.56,19.74,1.429,50.93,34.7,52.3,8.1,153
Nagpur,2020-05-07,59.22,149.06,44.03,12.05,2.095,46.47,29.9,26.6,10.3,153
Ahmedabad,2023-10-26,59.4,126.59,54.76,19.96,1.373,53.45,24.4,72.1,12.7,154
Ahmedabad,2024-06-30,44.87,112.51,34.29,21.85,1.099,60.79,34.9,80.3,8.8,126
Meerut,2020-11-29,112.54,213.8,63.53,29.41,2.045,24.06,33.0,51.9,11.4,169
Chennai,2021-10-27,53.32,99.08,48.74,16.67,1.251,84.29,24.6,47.7,7.7,145
Pune,2022-05-01,43.45,53.02,28.85,11.83,1.053,65.09,30.0,29.3,9.5,121
Lucknow,2024-11-25,114.7,177.85,66.02,29.68,2.474,44.28,19.0,63.2,9.0,181
Jaipur,2020-05-19,83.51,174.32,51.99,23.22,2.792,54.4,33.7,52.4,6.5,161
Mumbai,2021-07-24,21.03,47.17,15.04,3.0,1.147,50.78,25.3,94.0,19.6,69
Nagpur,2024-08-22,37.87,49.44,26.28,14.24,1.051,51.1,35.9,74.8,15.0,101
Ahmedabad,2022-01-19,159.26,265.71,87.21,44.88,3.705,38.36,14.2,71.0,0.5,208
Ludhiana,2022-08-04,51.32,82.34,13.63,19.69,1.092,58.74,27.3,81.2,7.8,142
Faridabad,2023-12-28,152.55,260.25,86.31,38.1,3.341,17.57,7.7,72.3,6.4,200
Mumbai,2024-09-05,27.77,37.15,23.97,15.26,0.673,63.79,36.6,83.1,16.7,91
Nagpur,2021-09-23,35.52,62.49,15.58,5.78,1.019,57.26,33.8,78.5,15.9,93
Nashik,2021-06-20,33.02,73.75,23.47,2.9,1.465,65.59,35.3,83.3,5.9,89
Patna,2020-07-30,45.99,48.58,12.82,9.03,0.695,50.78,29.2,78.1,19.5,133
Faridabad,2022-07-15,27.37,50.92,7.57,5.3,1.393,51.3,26.5,91.2,19.8,86
Indore,2020-11-28,83.64,142.48,53.9,24.57,3.028,48.01,29.5,52.7,7.3,166
Ludhiana,2024-09-19,58.84,113.97,43.45,16.21,1.488,60.92,30.3,89.2,6.8,152
Pune,2020-05-14,36.61,65.41,36.18,13.11,1.152,65.94,35.2,39.4,11.6,97
Nashik,2024-05-14,38.15,94.12,25.91,7.19,1.099,58.34,25.5,41.6,9.5,108
Lucknow,2024-01-09,150.56,231.44,86.96,38.3,2.851,26.57,14.4,68.4,7.3,206
Nagpur,2022-09-10,42.51,72.89,16.42,11.79,1.205,76.56,31.2,81.1,13.3,118
Ludhiana,2021-07-28,55.47,72.13,36.08,10.03,0.912,55.65,29.5,76.3,11.2,499
Agra,2020-06-27,37.64,43.15,18.43,10.28,0.736,49.22,29.9,74.4,18.8,94
Faridabad,2023-07-14,42.67,38.06,8.19,5.37,0.612,64.68,33.0,84.3,21.2,118
Patna,2023-05-09,99.14,160.18,61.31,26.32,2.552,44.62,32.9,32.8,8.0,173
Hyderabad,2020-07-20,27.98,67.28,14.62,7.78,0.45,60.1,27.6,72.6,20.3,79
Indore,2021-08-10,33.01,57.25,18.72,15.7,0.883,56.47,34.0,81.8,20.0,96
Faridabad,2020-01-06,151.43,262.35,91.12,35.11,3.268,31.22,17.3,92.8,8.0,202
Indore,2021-12-06,94.78,208.71,62.97,24.73,2.595,52.24,14.3,71.7,4.6,174
Faridabad,2022-11-01,173.87,268.74,92.9,43.98,3.848,41.74,32.3,57.1,4.2,218
Mumbai,2021-09-11,41.21,49.92,24.71,6.43,0.547,53.14,30.0,77.4,13.3,115
Ludhiana,2022-09-29,52.49,49.93,16.88,10.66,0.673,70.28,35.6,74.6,17.3,141
Faridabad,2022-03-22,66.39,120.68,51.07,15.95,1.878,37.38,29.6,40.0,16.0,167
Kanpur,2021-04-04,101.01,184.64,71.34,40.47,3.122,48.55,42.5,45.9,7.1,181
Faridabad,2021-07-10,104.54,136.8,46.86,22.31,2.108,41.28,33.5,72.1,1.2,176
Hyderabad,2023-07-04,26.77,43.5,24.14,10.43,0.373,62.25,25.4,86.2,16.4,78
Kolkata,2023-06-05,60.31,76.85,24.38,8.92,1.755,59.2,23.9,77.1,10.9,150
Jaipur,2022-02-21,96.09,171.77,54.43,21.46,2.398,27.79,19.4,85.6,10.4,177
Kolkata,2022-11-04,116.06,167.23,67.23,27.41,2.118,42.86,22.0,54.9,9.8,179
Nagpur,2022-11-20,102.69,219.4,72.66,28.16,3.042,42.99,24.0,51.7,2.6,176
Lucknow,2024-11-16,140.74,203.16,82.96,31.24,3.038,42.06,18.6,52.3,8.3,202
Kanpur,2023-03-27,123.42,193.26,78.07,38.15,2.866,39.52,28.0,48.5,4.1,184
Agra,2020-06-18,47.83,110.36,15.61,21.18,1.828,43.33,30.2,75.0,10.1,138
Patna,2023-02-03,127.22,198.98,70.69,30.79,2.753,38.87,9.8,77.5,7.7,189
Bhopal,2021-04-15,34.89,68.31,28.58,19.48,1.046,54.99,36.6,15.2,13.3,95
Indore,2022-01-06,72.12,126.88,46.84,17.52,1.603,59.15,17.0,65.8,10.4,164
Ludhiana,2023-06-18,15.57,45.63,25.41,11.99,0.772,60.15,27.0,71.7,18.5,61
Kanpur,2020-02-23,140.55,247.33,86.19,34.57,3.328,40.27,10.1,68.2,5.1,192
Hyderabad,2024-05-19,45.63,85.46,25.45,9.34,1.08,57.46,32.7,34.5,14.1,123
Nagpur,2021-11-19,86.58,164.5,59.22,26.74,2.548,54.0,22.7,50.6,6.0,165
Delhi,2022-05-16,88.34,176.49,60.72,22.65,2.047,45.25,26.5,36.8,13.6,168
Pune,2021-07-17,15.19,33.73,28.19,11.11,0.2,55.65,31.4,81.1,14.6,57
Hyderabad,2024-11-21,65.99,149.89,55.47,26.04,2.053,42.89,21.1,57.5,7.9,163
Lucknow,2022-11-21,119.92,148.25,56.88,24.14,2.646,49.28,25.0,53.8,12.6,192
Bangalore,2024-07-04,22.94,40.74,13.67,3.72,0.725,81.25,26.2,85.8,18.5,73
Kanpur,2023-03-17,86.65,105.36,52.85,18.41,1.853,43.46,36.0,28.8,9.5,169
Agra,2022-03-25,53.12,105.48,46.55,13.96,1.291,47.96,38.0,32.1,15.7,144
Faridabad,2021-04-04,91.42,148.8,56.08,25.4,1.947,46.16,35.4,38.9,7.3,171
Bangalore,2023-01-20,70.91,118.66,53.81,23.7,2.046,52.55,12.4,52.1,6.0,159
Ludhiana,2022-03-06,88.11,140.86,55.31,20.9,2.134,42.8,31.9,26.2,6.1,168
Delhi,2021-03-09,113.57,144.94,78.92,25.52,2.429,36.37,27.1,38.7,10.2,173
Agra,2022-04-28,94.13,185.03,57.08,36.55,2.273,49.42,34.6,54.8,7.7,164
Nashik,2020-08-18,17.34,18.56,16.9,8.49,1.165,69.1,28.7,74.9,17.2,56
Meerut,2023-12-14,151.24,230.01,76.91,33.97,3.44,32.7,18.4,80.1,6.7,204
Ahmedabad,2024-09-03,44.44,48.31,22.67,17.49,2.21,47.33,31.7,82.2,14.9,125
Jaipur,2023-11-04,121.57,200.39,57.51,29.95,2.635,47.53,26.7,49.7,9.0,185
Patna,2020-12-08,158.13,266.51,75.1,39.29,3.974,34.63,20.0,100.0,5.5,206
Lucknow,2024-06-25,60.52,121.85,40.29,21.16,1.874,43.37,30.1,79.5,9.5,159
Kanpur,2021-04-28,120.34,192.11,73.29,42.72,3.81,54.36,34.6,48.0,6.3,185
Indore,2023-01-29,130.29,228.15,83.15,31.01,2.887,41.37,13.1,83.1,4.1,194
Agra,2020-10-14,52.87,126.81,25.31,15.22,1.457,59.45,20.8,46.3,13.0,140
Patna,2022-12-14,159.86,253.16,87.32,38.48,4.072,35.91,17.6,65.9,4.8,216
Kolkata,2024-04-26,85.73,120.56,51.61,29.6,1.523,41.89,30.5,27.6,9.5,159
Nashik,2020-06-26,26.9,67.06,16.02,10.37,0.672,65.97,23.0,77.1,10.3,89
Bangalore,2021-09-11,22.82,42.36,21.96,2.0,0.998,83.28,27.3,77.8,12.5,68
Meerut,2021-10-20,86.84,148.82,46.49,22.03,1.703,56.45,19.8,63.1,12.1,167
Hyderabad,2022-08-03,21.92,24.72,19.75,6.13,0.807,64.26,31.8,93.1,16.0,78
Meerut,2023-04-26,63.86,121.99,55.08,22.4,1.637,44.29,34.6,28.5,10.9,155
Delhi,2021-05-29,122.05,177.81,73.79,29.02,2.097,41.26,25.0,45.0,6.9,190
Pune,2023-05-14,54.16,80.09,40.1,18.36,0.975,52.79,35.3,27.7,10.0,136
Indore,2023-05-25,51.39,90.05,36.29,9.17,1.686,59.5,24.9,42.7,8.2,138
Pune,2020-05-02,44.69,77.19,28.31,9.99,0.816,69.77,38.8,35.8,11.0,121
Kolkata,2024-12-01,123.26,176.36,59.71,24.87,2.321,38.38,14.8,79.8,8.8,186
Nashik,2021-04-08,31.84,58.43,17.61,12.98,1.156,51.51,41.2,44.0,14.6,89
Bangalore,2020-02-22,80.66,150.98,58.21,18.98,1.861,45.1,10.5,96.8,4.3,165
Kanpur,2023-04-18,90.85,155.27,60.06,24.63,2.414,53.5,37.2,26.8,10.7,165
Bangalore,2023-09-16,9.22,22.83,10.08,6.49,1.055,65.53,34.4,85.8,19.2,42
Faridabad,2022-05-08,95.84,152.34,69.08,26.29,2.271,47.77,19.6,40.6,9.9,179
Kanpur,2022-01-09,107.79,204.03,70.22,30.29,2.464,32.06,18.7,83.4,11.3,176
Bangalore,2022-06-21,8.31,71.2,20.42,2.0,0.305,83.41,31.4,77.9,17.7,64
Bangalore,2024-09-08,22.65,46.7,14.29,3.57,0.833,74.19,28.0,86.4,16.3,73
Faridabad,2021-11-01,146.71,238.43,82.71,38.8,4.036,18.73,24.7,53.7,8.5,197
Agra,2022-10-11,90.6,133.65,53.94,26.83,1.744,48.4,34.8,65.7,6.5,170
Bhopal,2024-01-12,83.52,172.67,59.53,22.85,2.754,65.57,14.6,65.5,7.0,176
Chennai,2024-12-30,78.97,129.28,51.53,27.29,1.825,53.27,14.2,77.8,9.5,162
Bhopal,2022-10-28,51.59,106.83,37.05,20.25,1.502,66.78,26.7,45.4,6.5,136
Kanpur,2023-08-05,39.26,86.05,32.04,10.04,0.898,59.52,31.6,81.6,13.4,110
Ahmedabad,2021-07-12,80.49,134.71,35.77,17.68,1.391,55.11,27.9,93.4,8.5,164
Meerut,2020-11-18,97.66,152.51,64.62,23.89,2.649,51.7,17.4,53.1,9.4,175
Pune,2021-08-26,31.15,73.56,17.13,2.0,0.562,84.36,29.6,91.0,17.0,92
Bhopal,2021-01-20,95.16,180.89,60.7,35.01,2.585,59.37,17.6,59.1,1.5,172
Meerut,2024-10-08,72.73,158.13,54.2,16.73,1.875,48.18,24.0,55.1,9.4,163
Patna,2020-07-14,59.53,122.7,38.32,12.67,1.418,55.38,28.3,97.2,12.8,154
Mumbai,2023-09-11,34.03,50.11,35.95,5.73,1.057,60.6,32.0,72.6,13.8,99
Meerut,2024-02-01,150.2,221.28,93.3,41.91,3.552,23.48,23.3,76.6,4.2,195
Bangalore,2021-10-19,40.61,65.51,46.88,7.9,1.238,73.68,26.6,48.8,8.1,114
Agra,2020-04-19,76.32,130.82,50.05,15.91,2.394,59.37,44.0,49.2,9.1,158
Indore,2021-02-18,100.97,177.8,67.07,29.36,2.562,60.2,16.0,56.0,6.8,172
Kolkata,2023-03-26,87.88,112.29,48.38,22.16,1.35,51.34,34.8,38.4,11.0,159
Ahmedabad,2020-10-15,63.43,89.94,37.95,21.07,1.602,47.34,15.6,62.3,12.2,151
Meerut,2020-02-14,157.43,247.4,87.28,34.69,3.341,48.41,18.9,77.7,5.3,212
Patna,2021-02-04,112.2,208.74,84.96,40.19,2.866,32.35,8.4,46.3,6.0,183
Ludhiana,2022-11-11,125.14,212.23,73.84,39.02,2.423,39.85,29.1,52.2,4.8,187
Patna,2024-09-13,53.81,79.07,36.08,13.23,1.27,49.85,31.7,77.3,14.7,146
Kolkata,2022-10-09,90.2,99.78,48.84,24.03,2.115,67.41,19.8,49.5,6.4,176
Kolkata,2023-09-22,36.34,104.0,41.74,15.05,1.092,55.73,28.9,89.7,14.3,101
Bangalore,2024-12-26,55.81,122.63,54.19,27.87,2.013,45.69,13.2,56.9,6.2,145
Mumbai,2024-09-28,35.1,74.33,34.8,9.8,1.453,61.92,31.8,66.2,6.1,101
Ahmedabad,2021-08-28,52.41,95.77,23.95,17.29,1.127,70.7,31.2,87.2,12.9,141
Indore,2021-07-12,60.76,112.81,38.84,16.61,1.447,54.42,35.6,93.6,8.2,156
Faridabad,2022-04-12,75.33,138.35,47.17,22.04,2.021,39.95,23.0,27.3,10.7,163
Indore,2020-10-01,47.17,90.02,26.07,11.7,1.775,56.03,22.6,39.3,8.8,132
Hyderabad,2024-04-11,54.05,92.2,36.03,16.11,0.832,44.33,31.9,26.9,13.2,150
Ludhiana,2023-08-18,33.73,30.62,9.06,7.6,0.415,70.17,31.5,79.4,24.4,90
Patna,2022-03-26,118.52,151.81,75.28,27.38,2.665,57.51,29.5,52.8,10.0,181
Kanpur,2021-08-04,64.59,93.6,40.35,17.59,1.611,56.43,30.0,71.7,13.6,163
Ludhiana,2021-03-05,107.77,120.2,45.68,21.3,1.994,55.13,26.0,46.0,7.0,186
Delhi,2020-12-04,128.37,228.64,74.94,32.76,3.429,23.1,9.8,65.4,8.5,186
Nashik,2020-08-25,5.98,57.57,12.6,5.53,0.493,64.86,29.4,81.5,22.4,44
Bhopal,2021-11-22,94.77,190.37,55.27,28.85,2.289,54.29,25.3,51.9,6.0,175
Chennai,2022-03-23,50.11,97.35,40.72,20.72,1.078,74.95,31.8,51.6,8.3,133
Bangalore,2021-05-27,49.04,83.73,14.62,16.31,0.821,50.11,23.2,44.8,11.5,125
Kolkata,2024-06-29,15.83,34.5,14.2,2.0,0.2,51.53,28.0,77.4,22.0,55
Patna,2024-02-23,133.14,188.93,76.07,36.13,2.672,21.82,16.6,70.0,8.9,186
Kanpur,2022-08-09,68.58,121.13,44.52,17.5,1.548,55.41,27.7,70.6,7.4,158
Meerut,2022-05-23,64.29,115.21,34.28,18.52,1.885,58.41,26.5,57.7,11.6,159
Ahmedabad,2023-05-28,82.56,149.84,55.3,25.52,2.033,51.25,25.4,30.3,5.5,167
Ahmedabad,2023-04-30,67.22,112.73,48.94,23.01,1.854,49.05,27.8,42.9,11.7,154
Lucknow,2023-06-29,23.81,31.17,15.38,2.72,0.718,60.84,31.8,77.3,22.8,82
Patna,2020-06-09,53.82,70.03,21.16,14.38,1.251,49.25,28.5,86.5,10.9,142
Agra,2024-09-09,78.42,154.85,45.76,21.72,1.246,57.87,36.1,99.2,6.4,500
Meerut,2024-06-30,60.81,69.47,27.09,14.92,0.944,53.01,26.7,73.9,13.6,162
Bhopal,2021-04-24,80.82,162.46,55.46,24.03,2.089,62.17,33.9,33.6,3.0,164
Nashik,2024-05-24,42.39,43.15,26.09,2.0,1.133,64.46,27.7,55.7,15.4,109
Bhopal,2021-04-01,46.95,97.25,24.7,13.26,1.788,55.13,27.5,44.6,10.0,129
Meerut,2020-01-03,131.19,215.55,79.17,31.79,2.737,47.14,12.2,85.3,7.5,195
Agra,2022-09-27,40.55,37.85,15.71,3.97,0.344,61.41,30.9,89.6,16.8,104
Kanpur,2022-01-25,119.02,224.75,75.33,40.23,2.856,35.49,12.0,82.2,7.2,184
Hyderabad,2022-09-19,17.32,42.93,18.5,9.44,0.775,64.41,34.8,80.3,16.3,60
Ludhiana,2021-12-03,155.6,230.03,77.09,32.83,3.387,19.84,15.1,80.0,5.2,205
Hyderabad,2022-12-28,80.58,184.82,52.9,28.52,1.84,58.43,17.3,77.3,7.2,168
Bangalore,2023-10-12,29.83,58.25,31.04,15.35,1.019,80.85,15.9,45.8,8.6,84
Hyderabad,2023-02-05,74.64,158.71,47.28,21.44,2.068,54.09,19.9,47.3,6.0,162
Ludhiana,2021-09-30,52.54,77.53,29.57,14.43,1.228,51.53,31.5,71.5,12.6,147
Pune,2020-11-08,61.72,91.82,34.03,9.3,0.838,48.55,35.0,61.5,14.1,160
Hyderabad,2024-08-16,44.83,56.78,31.31,13.31,0.928,58.72,31.9,70.6,11.3,124
Meerut,2024-05-19,81.04,134.24,49.47,21.53,2.15,52.87,32.0,32.0,11.2,162
Delhi,2020-09-12,103.32,161.78,48.92,12.55,2.303,49.58,27.3,83.9,8.7,182
Patna,2020-08-06,19.67,41.92,19.63,6.42,0.763,54.35,27.2,87.0,20.1,62
Lucknow,2021-12-07,140.44,225.86,71.76,35.4,3.429,38.78,-3.1,78.2,8.3,207
Faridabad,2023-07-26,15.82,22.01,5.9,4.57,0.83,54.78,27.0,84.1,21.0,61
Lucknow,2022-03-01,72.99,140.32,46.97,10.28,2.156,34.07,32.2,44.2,13.2,164
Jaipur,2024-01-29,116.26,240.01,74.09,31.69,3.183,37.15,22.8,67.2,4.0,181
Ludhiana,2020-07-18,47.43,63.3,15.61,9.57,0.69,53.09,31.1,85.3,16.8,138
Hyderabad,2020-10-31,65.45,127.2,54.09,23.05,1.866,54.42,21.2,53.2,6.1,152
Mumbai,2021-10-05,49.37,90.53,50.71,18.91,1.691,54.16,22.1,53.8,7.8,140
Jaipur,2022-11-07,95.51,186.11,58.44,26.12,2.413,32.33,23.6,49.4,9.8,168
Kanpur,2023-09-11,63.63,105.96,29.68,16.75,1.809,50.56,24.3,93.4,14.0,159
Faridabad,2020-12-22,189.97,267.12,102.33,45.24,4.444,30.95,11.7,62.9,4.4,236
Ludhiana,2024-04-30,66.29,144.57,49.69,23.82,1.705,57.48,34.4,37.0,9.7,153
Ahmedabad,2023-09-19,41.13,70.44,24.76,8.38,1.18,39.12,24.5,72.8,13.5,115
Meerut,2021-09-24,50.8,82.52,30.84,15.31,1.298,46.19,34.4,79.4,16.1,135
Hyderabad,2023-11-14,81.5,153.3,54.99,30.09,1.737,47.81,29.6,57.4,7.1,166
Indore,2024-11-30,92.27,169.85,66.62,23.78,2.155,44.51,26.5,47.2,7.5,164
Ahmedabad,2023-08-02,49.96,106.47,44.46,18.48,1.82,69.5,35.2,75.4,6.3,132
Ludhiana,2021-12-07,136.82,256.48,92.0,38.45,3.414,40.42,22.6,89.4,2.8,198
Bangalore,2023-06-20,11.72,51.69,12.28,11.02,0.438,75.78,28.4,83.9,14.7,55
Nagpur,2021-03-16,58.98,134.99,46.17,17.21,1.204,44.3,27.8,59.9,10.0,148
Ahmedabad,2023-11-27,102.28,195.3,57.45,36.51,2.351,48.04,28.0,55.9,9.0,177
Ludhiana,2024-01-18,103.57,173.66,51.3,27.0,1.787,47.87,17.1,74.1,10.8,176
Mumbai,2022-05-25,61.49,84.33,42.04,21.2,1.893,50.25,33.6,48.4,10.8,152
Patna,2022-02-07,160.19,266.06,95.65,48.13,3.938,32.7,10.4,76.9,3.9,210
Pune,2023-04-13,32.67,34.15,40.16,10.13,0.2,73.2,28.8,28.7,16.8,83
Hyderabad,2022-04-19,49.11,91.02,30.87,13.5,1.395,49.33,32.2,24.9,13.1,137
Pune,2021-08-15,34.56,35.7,14.35,7.74,0.549,81.17,32.5,84.4,10.4,99
Chennai,2020-11-08,55.71,101.72,32.56,14.98,1.651,57.37,30.3,73.1,10.4,154
Mumbai,2024-05-23,75.57,90.05,39.52,18.11,1.754,72.68,26.6,40.8,8.6,159
Delhi,2022-12-26,157.36,275.91,94.73,38.23,3.636,32.59,20.4,79.3,6.9,204
Chennai,2020-12-01,52.58,149.11,55.13,27.05,2.439,52.89,12.6,66.3,6.4,131
Mumbai,2021-04-26,57.53,68.44,30.92,23.3,1.757,62.53,22.8,29.5,14.5,148
Delhi,2020-12-16,168.84,252.03,95.13,33.04,3.639,38.42,16.0,71.1,7.2,218
Kolkata,2024-05-31,85.67,115.81,46.99,16.38,2.008,53.03,35.8,40.4,11.8,161
Meerut,2022-10-18,93.58,146.46,62.72,26.43,2.784,39.45,28.9,43.2,5.9,175
Nagpur,2021-12-26,120.01,222.7,64.9,30.47,2.396,52.0,15.8,76.9,5.0,185
Lucknow,2023-11-18,125.68,159.95,72.44,38.19,3.276,42.27,16.5,63.6,9.1,182
Meerut,2021-04-06,66.56,107.47,41.71,22.69,1.592,37.1,32.0,30.8,13.1,156
Nashik,2023-07-09,28.22,63.55,14.23,11.65,1.078,72.78,34.5,79.2,14.6,83
Faridabad,2021-09-15,75.11,92.18,45.08,6.98,1.354,56.02,27.1,80.5,11.5,161
Indore,2020-05-03,50.77,75.09,27.52,18.55,1.651,48.59,36.1,27.4,11.4,143
Kanpur,2023-03-29,90.67,141.74,66.07,31.31,2.084,30.6,27.4,40.7,9.2,168
Mumbai,2023-02-05,67.63,140.52,62.24,19.85,2.239,49.68,13.7,84.1,7.5,155
Patna,2024-04-30,84.79,150.16,52.41,30.66,2.406,52.58,32.2,46.6,9.4,166
Bangalore,2020-02-12,65.94,122.44,51.84,23.84,2.154,72.63,15.4,82.7,1.8,159
Ludhiana,2020-12-19,128.24,249.43,78.7,32.01,3.423,55.27,12.3,65.7,5.6,194
Chennai,2022-10-09,57.87,112.83,46.94,20.26,1.229,64.46,23.7,59.5,5.0,153
Lucknow,2023-01-23,134.41,164.2,64.18,28.71,2.668,32.47,17.0,71.0,9.5,188
Kanpur,2020-11-19,119.41,195.85,57.32,31.01,2.975,50.43,24.9,67.2,10.0,182
Meerut,2021-09-20,73.99,99.65,36.24,20.83,1.336,39.42,32.7,72.1,5.9,167
Lucknow,2022-08-25,28.05,80.98,25.52,2.0,0.685,67.06,29.9,71.0,16.4,88
Ludhiana,2023-10-19,86.03,129.55,41.35,17.62,2.086,56.11,26.9,61.6,7.3,168
Delhi,2020-11-14,175.52,269.48,102.88,50.84,3.949,32.6,28.3,48.8,6.8,216
Nagpur,2021-11-02,119.51,198.46,78.43,25.18,2.665,65.96,27.4,78.0,5.8,182
Ludhiana,2024-04-21,70.71,114.77,41.46,26.2,2.098,56.89,27.5,28.3,11.4,160
Mumbai,2020-11-19,93.54,125.96,58.77,18.77,2.217,55.12,23.7,45.2,12.4,173
Faridabad,2020-03-28,49.25,59.59,33.17,21.16,1.596,33.55,29.3,39.7,17.8,137
Patna,2024-11-03,156.97,282.87,78.05,39.83,3.826,35.72,28.6,69.5,6.5,214
Kolkata,2023-07-29,56.35,110.35,40.83,19.35,1.592,61.65,30.0,79.4,10.3,153
Bangalore,2023-05-26,65.79,124.97,43.24,18.06,1.698,59.97,27.2,33.7,3.2,148
Kanpur,2023-06-19,60.11,121.27,34.74,17.68,1.545,61.46,28.4,92.3,12.6,148
Pune,2023-10-14,28.14,68.75,15.37,17.23,0.561,63.84,20.9,57.3,11.5,91
Kanpur,2020-02-28,183.03,310.25,106.39,51.6,4.342,32.71,21.1,82.1,1.1,222
Hyderabad,2024-07-19,27.28,78.57,22.41,5.41,0.555,73.39,34.5,86.1,9.0,87
Bhopal,2024-09-15,32.55,86.01,25.77,3.46,0.738,73.96,31.9,85.8,9.0,97
Patna,2020-05-30,68.45,131.02,43.85,23.75,1.985,55.17,34.5,21.4,11.5,158
Jaipur,2022-10-23,64.85,111.64,42.31,15.29,1.929,61.44,22.5,45.8,6.7,157
Bangalore,2020-07-06,20.79,47.45,15.48,2.0,0.597,74.28,33.1,82.4,15.1,69
Chennai,2024-04-16,47.81,85.39,44.38,12.6,1.202,52.3,25.3,46.1,11.7,131
Nagpur,2022-11-04,103.27,168.97,63.93,24.45,2.544,45.45,15.5,67.9,6.8,177
Indore,2022-09-01,28.31,38.78,19.85,12.49,1.039,49.61,30.6,77.6,15.5,85
Jaipur,2020-05-14,61.02,109.84,35.03,13.71,1.832,45.46,29.7,36.2,12.4,149
Jaipur,2023-02-18,112.82,258.79,61.01,28.32,3.006,42.34,7.8,85.9,8.5,190
Bhopal,2021-07-03,26.09,21.44,15.36,2.0,0.2,64.14,29.7,85.1,17.0,85
Lucknow,2021-10-19,80.95,155.81,62.79,27.65,2.284,34.24,23.0,45.8,5.7,163
Ludhiana,2022-11-28,91.23,159.18,53.03,27.53,2.497,31.1,18.8,70.9,13.1,177
Mumbai,2020-11-26,71.76,144.44,68.3,27.39,2.615,47.25,33.9,54.8,6.5,165
Hyderabad,2023-10-28,42.27,80.25,34.01,10.15,0.619,44.9,18.5,51.4,13.4,119
Hyderabad,2024-11-25,95.39,168.57,62.45,23.63,2.299,52.85,25.2,64.2,6.3,172
Kanpur,2023-01-15,164.95,240.4,94.19,47.28,3.894,41.23,10.0,56.1,5.6,219
Nagpur,2022-09-08,21.44,26.81,6.83,3.91,0.286,73.23,35.8,83.6,22.8,71
Chennai,2023-05-28,40.78,70.63,43.74,19.27,1.65,70.48,32.9,31.5,9.6,110
Agra,2023-11-12,104.32,157.15,53.05,22.85,1.979,31.74,33.9,56.3,11.6,178
Patna,2024-04-04,89.47,141.18,59.81,28.67,2.605,46.93,23.8,35.6,7.5,172
Nagpur,2020-08-13,21.02,91.44,15.14,5.88,0.569,71.06,23.2,74.2,14.1,74
Ahmedabad,2022-07-18,18.21,52.61,8.15,12.62,0.461,57.46,26.8,74.1,21.3,63
Ludhiana,2021-12-13,144.1,227.86,71.94,38.68,3.338,36.99,23.9,66.8,5.2,203
Chennai,2021-07-16,35.2,69.87,34.14,9.23,1.379,63.83,32.0,67.6,12.5,106
Ludhiana,2024-03-21,82.92,119.74,42.62,27.9,1.934,50.09,33.8,40.2,8.7,154
Hyderabad,2022-03-25,38.48,77.27,30.97,13.45,1.517,67.16,42.6,48.4,13.9,107
Nashik,2024-12-09,52.74,104.15,26.85,14.0,0.808,58.37,18.8,60.9,10.6,143
Chennai,2022-02-07,74.67,123.78,46.76,29.01,2.046,72.22,15.5,57.9,7.1,161
Bangalore,2020-01-06,59.44,122.55,46.1,17.1,1.544,78.35,9.4,57.7,6.5,153
Bhopal,2022-08-19,57.51,86.07,23.0,12.04,0.209,79.73,28.3,82.3,12.2,154
Delhi,2020-05-26,97.04,138.24,49.95,24.78,2.025,54.17,35.6,40.9,11.9,177
Ahmedabad,2022-12-13,102.75,217.2,61.01,30.84,2.636,43.14,10.5,92.8,5.9,170
Ahmedabad,2023-07-10,54.69,114.58,32.72,13.43,0.91,59.59,32.1,78.7,10.6,152
Mumbai,2024-12-03,94.44,183.82,57.13,29.9,2.187,46.78,8.4,69.2,7.1,168
Hyderabad,2022-02-19,74.24,120.55,50.68,14.45,2.83,48.01,29.5,69.6,9.1,157
Patna,2024-05-21,64.75,114.89,51.46,14.95,1.792,37.11,27.9,34.7,11.9,153
Meerut,2021-07-07,38.08,67.5,21.03,13.96,0.877,62.93,33.2,67.7,16.1,107
Patna,2022-02-18,143.65,230.35,89.54,41.96,3.889,36.61,9.4,59.8,2.8,196
Bhopal,2024-09-05,9.04,31.9,15.81,2.0,0.573,58.25,30.7,80.6,21.5,46
Kolkata,2023-11-28,99.65,147.25,49.4,28.94,2.149,39.12,32.6,56.2,11.3,172
Patna,2024-06-06,36.44,52.97,20.08,12.77,0.948,55.85,31.8,79.7,17.9,105
Ahmedabad,2022-03-06,63.57,114.68,46.94,29.79,2.206,52.84,34.1,17.7,9.4,153
Agra,2021-12-04,122.25,208.7,80.32,36.11,3.29,50.31,3.0,71.8,6.7,187
Bhopal,2023-02-07,99.22,167.52,53.07,24.87,2.354,62.57,20.2,64.4,4.3,175
Bangalore,2020-03-23,43.12,69.09,42.94,17.26,1.758,73.03,31.5,47.8,8.2,119
Lucknow,2023-01-17,128.17,217.14,65.15,26.63,3.331,25.51,26.2,60.3,7.6,184
Bangalore,2021-08-31,6.13,23.08,13.72,2.81,0.392,93.81,27.0,82.6,16.2,21
Hyderabad,2021-09-05,50.03,65.52,18.32,9.35,0.498,72.41,34.3,82.0,14.8,139
Ahmedabad,2023-09-03,66.78,103.23,43.15,11.47,1.933,54.1,28.5,87.3,9.4,156
Pune,2024-12-23,64.79,100.47,50.85,17.32,1.795,56.44,19.5,46.4,10.4,164
Hyderabad,2021-05-14,32.25,76.47,32.85,14.28,1.478,62.6,31.8,32.8,12.8,95
Bhopal,2020-03-10,43.26,93.03,36.85,20.93,0.826,65.42,40.2,60.1,12.9,119
Pune,2024-09-27,32.07,81.26,22.08,6.19,0.393,65.65,32.9,92.1,7.8,85
Patna,2022-10-20,70.13,101.81,36.06,12.96,1.544,66.62,27.3,44.0,9.5,165
Mumbai,2021-08-30,28.51,32.84,23.4,8.2,1.192,54.96,30.7,67.0,15.2,83
Nashik,2024-07-12,31.75,69.54,17.66,5.05,0.439,60.13,31.0,78.5,9.5,94
Chennai,2024-09-17,18.85,55.68,14.23,3.3,1.304,73.45,29.1,79.6,13.9,52
Faridabad,2020-09-04,55.21,91.48,22.37,9.12,1.309,45.55,32.3,82.9,16.2,147
Ludhiana,2021-05-10,78.87,166.99,53.38,28.41,2.353,49.69,30.5,32.4,6.9,168
Faridabad,2020-05-12,91.01,164.53,60.5,26.83,2.171,45.33,28.8,25.9,10.3,169
Agra,2020-01-20,116.01,213.41,77.51,24.09,3.135,55.41,17.6,64.3,5.4,182
Indore,2021-11-08,65.38,127.81,58.57,20.97,2.033,40.5,17.1,46.8,8.3,151
Ludhiana,2024-02-25,159.97,277.46,86.25,44.2,3.711,42.98,16.6,82.1,1.7,214
Bangalore,2022-10-04,37.23,85.04,37.2,12.58,1.239,61.46,20.5,41.5,8.5,109
Lucknow,2022-02-06,132.13,206.62,68.89,32.97,3.178,47.7,14.3,51.9,3.9,200
Bangalore,2023-11-11,75.77,124.2,51.47,27.2,2.406,72.35,20.5,58.2,4.6,154
Delhi,2021-09-03,74.84,120.03,39.93,22.58,1.165,41.14,30.7,75.5,8.9,158
Ahmedabad,2020-05-04,89.45,128.78,49.36,28.64,1.879,55.02,29.3,34.1,11.1,169
Kolkata,2020-06-22,45.58,81.56,27.95,16.62,1.332,54.15,34.5,88.9,15.4,119
Hyderabad,2022-08-26,21.17,57.34,7.04,8.45,0.2,68.29,27.0,78.3,16.7,73
Kanpur,2024-04-21,79.46,121.12,52.16,24.27,2.472,51.27,35.9,27.8,9.6,163
Indore,2021-09-23,34.51,62.67,24.85,3.75,0.792,94.82,31.6,74.3,13.7,91
Bangalore,2020-05-02,45.42,88.94,36.71,21.58,1.362,63.81,19.4,39.5,9.5,128
Delhi,2022-09-22,49.16,101.54,41.08,10.32,1.248,63.05,26.2,76.0,15.1,143
Hyderabad,2022-06-01,37.45,58.14,20.22,4.75,0.798,82.59,31.9,84.7,13.6,100
Patna,2022-04-11,110.31,155.96,64.6,31.15,2.838,54.69,40.5,41.9,5.2,179
Meerut,2024-06-09,53.79,108.58,31.92,21.02,1.354,53.48,27.3,78.6,13.2,156
Chennai,2022-11-02,63.96,95.54,57.42,26.71,1.502,69.33,24.0,41.2,7.6,155
Nagpur,2021-02-11,90.19,154.87,61.91,25.71,1.742,40.01,12.4,81.4,7.7,500
Agra,2024-10-29,64.25,97.95,47.37,18.91,1.898,43.45,21.7,56.4,9.8,156
Hyderabad,2022-04-23,34.68,78.67,30.68,19.84,1.092,55.2,37.0,36.0,13.6,100
Mumbai,2021-01-10,103.06,176.25,107.9,35.3,3.259,51.94,8.1,49.8,1.5,176
Ahmedabad,2023-06-03,39.8,110.01,29.0,15.53,1.008,52.01,31.4,89.3,12.4,116
Lucknow,2023-08-01,61.39,97.09,33.75,14.96,1.088,61.35,28.4,76.1,7.7,158
Ludhiana,2023-09-23,47.13,78.7,16.18,9.76,0.72,67.75,32.5,80.8,18.9,135
Hyderabad,2021-07-01,41.69,83.24,14.27,19.25,0.899,69.54,35.3,77.9,2.7,115
Nashik,2020-11-08,72.7,112.56,38.73,18.19,1.723,55.64,11.8,47.5,7.3,158
Lucknow,2024-06-20,50.93,32.44,9.14,7.08,0.2,50.19,29.7,76.0,21.9,149
Kanpur,2020-11-10,142.39,242.56,85.26,45.99,4.131,28.72,21.1,53.6,8.1,197
Bangalore,2024-10-30,36.12,88.59,35.77,16.5,0.961,83.96,24.1,43.2,9.2,107
Bangalore,2023-12-21,89.96,167.61,63.38,27.95,2.517,64.63,31.8,75.9,2.9,161
Delhi,2024-04-17,90.47,146.27,53.72,18.59,2.36,59.15,39.6,35.1,9.1,166
Nashik,2020-09-03,6.62,39.75,11.19,2.0,0.689,66.87,28.0,82.8,17.3,49
Indore,2021-03-24,49.58,115.36,44.16,16.84,1.879,52.24,39.0,36.0,12.1,136
Bangalore,2024-08-19,16.96,41.1,15.75,8.03,0.2,68.94,30.8,90.5,16.3,66
Lucknow,2020-10-03,89.2,106.49,50.6,24.79,1.951,56.35,23.9,42.2,4.5,173
Kanpur,2024-10-12,77.51,123.4,51.72,22.04,2.094,42.54,21.9,46.8,12.5,150
Mumbai,2020-05-28,54.02,99.39,44.52,16.75,1.923,44.53,24.4,11.7,8.6,146
Mumbai,2024-10-31,54.09,87.59,41.82,16.75,1.786,53.05,25.3,66.9,6.7,149
Bangalore,2020-09-01,34.93,65.33,28.22,16.62,0.801,80.2,35.6,76.0,11.1,95
Bangalore,2024-06-07,18.08,48.4,27.32,6.65,0.2,77.82,29.5,70.0,10.7,64
Faridabad,2021-06-14,68.15,81.89,32.58,21.07,1.277,44.53,33.4,75.3,11.6,158
Bangalore,2020-03-22,32.39,72.06,26.54,12.41,1.416,74.42,35.5,38.0,11.7,97
Faridabad,2023-11-21,149.65,220.11,62.76,28.68,3.412,29.62,21.7,74.2,10.2,201
Agra,2020-09-16,40.02,67.28,22.63,9.3,0.877,53.07,30.9,86.1,13.7,112
Indore,2023-08-30,41.64,78.51,29.31,9.69,1.359,62.62,28.3,78.1,11.4,112
Kanpur,2020-09-21,63.56,100.28,39.7,27.73,1.913,37.91,30.7,71.6,4.9,167
Agra,2023-08-14,30.85,65.2,13.35,2.0,0.263,72.15,33.1,73.8,18.8,88
Bangalore,2021-03-08,30.53,40.04,19.81,10.61,1.263,53.55,38.5,34.4,13.0,91
Jaipur,2023-06-02,21.13,59.56,15.45,9.47,1.136,63.82,27.8,73.1,21.8,74
Faridabad,2021-04-29,101.75,129.03,64.92,23.25,2.14,53.69,28.4,48.4,9.1,185
Mumbai,2020-07-10,41.37,62.96,38.18,4.2,1.072,48.39,24.1,71.1,13.3,118
Patna,2021-04-12,98.77,153.44,63.35,31.28,2.436,27.85,34.5,37.0,9.5,183
Hyderabad,2021-06-30,18.1,50.37,19.72,8.93,0.699,54.88,25.1,81.0,13.3,70
Meerut,2024-07-17,37.48,47.21,16.03,6.0,0.513,50.3,29.8,73.9,20.1,110
Chennai,2024-05-18,34.68,54.82,42.31,16.07,1.124,65.58,33.8,43.9,13.5,500
Indore,2022-07-24,29.11,44.19,10.96,10.01,0.2,68.26,26.6,78.9,16.8,81
Ludhiana,2023-06-24,22.66,61.42,14.06,3.58,0.608,38.99,32.9,81.5,21.4,77
Indore,2023-03-19,35.51,119.77,38.74,10.62,0.941,57.03,32.4,39.4,7.9,101
Patna,2020-05-19,80.0,128.15,38.63,21.82,1.904,34.0,34.4,42.0,9.4,176
Kolkata,2022-07-02,23.52,47.7,11.91,7.04,0.996,41.67,31.0,83.9,22.3,77
Bhopal,2021-12-09,109.57,202.86,57.15,30.19,3.171,61.88,8.8,75.4,1.6,193
Ahmedabad,2024-11-06,110.24,167.39,73.08,34.06,2.812,46.25,12.7,60.8,5.3,170
Hyderabad,2022-10-17,53.13,81.07,30.18,15.62,1.274,66.3,24.2,63.1,7.2,138
Agra,2021-02-27,134.24,252.18,70.86,31.44,3.424,49.23,9.7,74.2,7.6,194
Pune,2021-12-26,78.55,149.93,35.1,22.06,1.609,51.37,18.4,80.5,8.0,165
Ahmedabad,2021-07-19,55.09,73.31,10.2,18.04,0.964,45.08,26.5,71.2,10.8,148
Ahmedabad,2023-04-20,72.4,111.83,43.45,16.84,2.062,43.05,28.4,41.9,12.8,163
Lucknow,2022-01-14,122.41,194.46,65.42,37.59,3.527,48.03,20.2,58.6,7.7,187
Jaipur,2024-03-25,70.96,151.47,46.64,26.76,2.248,52.67,35.4,30.7,8.8,160
Jaipur,2020-07-03,51.05,91.54,25.95,9.24,0.876,54.85,26.8,82.9,15.5,132
Meerut,2024-06-20,43.19,75.01,19.84,8.82,1.036,50.62,30.4,90.7,14.5,123
Pune,2023-12-12,81.52,148.9,48.2,25.33,2.551,52.65,11.6,65.3,4.4,161
Hyderabad,2021-05-04,60.93,106.05,34.96,19.52,1.215,59.38,27.8,45.9,9.6,153
Jaipur,2020-03-25,47.82,92.16,16.28,16.3,1.272,66.89,35.9,29.7,15.5,130
Nashik,2024-02-04,94.6,164.41,60.33,24.8,2.8,51.48,5.8,89.0,3.0,172
Kolkata,2021-09-14,23.85,38.33,24.23,8.93,0.716,50.53,26.9,85.6,19.8,79
Agra,2022-01-08,121.62,193.93,66.75,24.86,3.309,41.85,16.3,78.9,6.3,193
Nashik,2021-04-13,52.65,99.31,38.8,16.28,2.059,62.13,23.2,25.7,8.5,143
Nashik,2023-10-24,41.98,66.14,29.32,11.79,0.583,64.9,23.1,43.6,11.1,122
Ahmedabad,2024-03-08,56.39,102.06,39.03,26.47,1.226,45.2,33.7,40.5,12.1,151
Patna,2024-09-27,61.46,120.35,23.57,9.0,1.677,58.11,30.4,81.0,12.1,162
Bhopal,2024-07-02,52.23,99.2,29.39,13.87,0.716,57.72,26.3,88.9,10.7,139
Hyderabad,2020-09-25,25.4,84.99,28.9,15.37,1.094,63.39,34.2,73.1,9.6,80
Chennai,2022-04-14,50.45,95.67,50.61,18.06,1.305,68.89,35.1,58.1,6.4,136
Agra,2023-02-10,117.8,213.7,72.74,26.27,3.005,32.41,10.9,75.4,5.4,188
Pune,2020-11-18,65.69,100.2,53.64,16.57,2.231,52.02,11.5,48.3,6.7,156
Ahmedabad,2022-08-23,43.58,51.05,22.76,12.91,0.866,69.36,30.6,75.4,17.7,128
Pune,2024-11-10,62.02,112.14,58.22,22.41,1.422,42.76,18.7,60.4,10.0,153
Kanpur,2022-10-08,131.06,185.16,68.21,39.89,2.702,50.21,21.4,38.1,4.8,190
Mumbai,2020-05-04,50.94,103.72,36.96,13.66,1.271,52.3,27.3,57.5,12.8,134
Kolkata,2022-08-31,30.37,50.68,13.46,11.21,1.011,46.67,30.0,88.2,18.4,87
Indore,2021-09-03,40.13,128.73,28.75,11.62,1.166,59.31,33.3,71.9,11.9,113
Lucknow,2021-09-19,68.31,107.54,25.96,5.69,1.401,59.77,29.7,77.7,10.6,159
Nagpur,2024-03-10,65.85,118.2,40.04,19.55,1.684,46.96,27.7,53.4,8.0,156
Mumbai,2020-11-13,81.1,140.7,74.46,32.59,2.454,44.65,17.1,49.0,8.2,169
Mumbai,2024-01-31,71.65,150.0,68.81,22.69,2.154,65.27,4.2,66.0,7.8,162
Hyderabad,2023-12-01,98.78,215.53,79.34,43.05,3.404,53.17,10.3,63.9,0.5,174
Hyderabad,2024-07-05,40.57,74.1,19.01,15.67,0.923,71.17,30.2,90.9,13.0,107
Jaipur,2020-12-19,139.99,257.3,60.11,30.93,3.115,52.77,14.3,91.2,3.7,193
Agra,2024-08-26,50.62,106.78,36.18,13.09,1.992,45.74,37.9,84.2,6.6,142
Ludhiana,2020-06-22,67.73,110.2,31.75,22.75,1.956,47.1,29.9,78.2,8.2,154
Jaipur,2022-06-11,35.66,93.42,24.16,8.81,1.088,56.34,28.8,80.9,11.8,101
Delhi,2020-07-25,44.89,95.44,31.04,14.2,1.259,46.24,28.2,86.8,15.4,122
Ludhiana,2021-12-21,146.87,251.43,93.71,35.19,3.464,40.25,9.9,61.3,5.0,198
Faridabad,2020-05-07,95.59,159.54,64.04,30.97,2.878,46.55,28.9,17.6,4.3,172
Chennai,2021-11-08,65.43,129.72,49.63,20.56,1.419,53.61,20.9,63.0,9.0,154
Ludhiana,2021-10-05,61.58,122.16,43.09,25.16,1.654,57.27,24.4,46.1,8.0,154
Jaipur,2020-05-06,47.83,115.96,38.11,19.24,1.484,39.29,27.7,33.2,11.9,125
Meerut,2023-03-25,116.2,183.8,64.22,20.78,2.466,54.26,28.9,53.4,4.6,174
Kolkata,2020-02-18,151.66,222.59,101.33,41.47,2.984,42.95,10.7,65.4,5.0,199
Indore,2024-02-06,96.67,224.59,79.14,33.02,2.936,65.12,22.1,59.8,1.0,182
Nashik,2020-11-14,57.84,139.69,44.86,26.08,1.631,58.45,21.7,44.5,5.5,148
Mumbai,2022-07-27,66.5,88.03,45.25,17.75,1.823,48.92,27.7,79.7,5.2,157
Pune,2022-02-02,85.26,196.02,68.26,24.59,2.181,57.79,4.5,78.5,1.2,168
Ahmedabad,2020-07-17,44.86,67.63,27.67,7.03,0.2,52.36,34.4,97.3,14.2,117
Lucknow,2022-03-30,86.1,140.73,52.96,23.0,2.88,40.76,21.2,44.3,10.5,167
Agra,2023-03-03,66.72,111.37,46.71,16.78,1.932,35.77,30.2,39.2,14.0,159
Indore,2021-01-03,90.96,148.41,56.33,20.9,2.11,47.75,21.2,70.2,7.0,173
Nagpur,2022-10-18,68.16,106.52,36.43,15.05,0.905,61.79,24.3,65.9,10.4,158
Lucknow,2021-11-10,119.09,184.15,69.15,28.89,2.895,38.47,20.8,60.8,11.4,177
Mumbai,2022-06-16,28.96,55.33,25.91,10.24,0.593,63.8,28.9,80.4,13.8,89
Bhopal,2020-03-31,76.64,97.06,41.56,16.87,1.303,66.94,27.5,34.0,9.0,155
Lucknow,2022-07-04,40.05,67.52,22.49,4.74,1.628,54.18,29.6,70.6,12.1,109
Nashik,2020-12-19,83.28,142.92,66.37,20.44,2.252,52.44,20.6,64.2,4.0,166
Chennai,2023-11-25,51.39,99.42,47.01,25.31,1.475,41.27,16.5,63.4,14.1,143
Agra,2024-03-16,87.73,122.11,44.88,23.03,2.165,58.39,30.0,56.3,12.5,169
Agra,2023-07-19,56.99,74.7,33.71,9.85,1.328,58.45,31.3,73.5,11.6,139
Nagpur,2021-04-05,45.64,85.89,46.98,21.01,1.682,59.35,29.4,50.9,10.9,133
Jaipur,2023-02-09,133.89,279.36,71.88,42.32,3.225,32.85,25.1,68.4,0.5,191
Ludhiana,2021-08-28,56.04,104.57,38.48,12.01,1.436,58.66,28.8,78.7,9.4,155
Faridabad,2020-08-11,37.16,82.48,29.89,13.47,0.708,53.17,28.7,70.2,16.6,116
Agra,2024-06-15,48.73,96.49,30.31,11.15,0.808,45.04,30.8,62.1,13.4,133
Jaipur,2021-08-02,68.92,115.1,22.26,13.8,0.828,57.39,30.0,86.6,10.9,157
Kolkata,2020-10-29,67.29,130.41,48.71,22.86,2.136,42.14,27.5,46.6,9.9,154
Faridabad,2021-10-21,93.37,142.63,66.18,19.43,1.887,42.93,25.5,45.9,9.4,181
Kolkata,2022-11-21,90.25,157.78,62.56,32.68,2.026,35.74,27.4,71.5,12.0,161
Hyderabad,2020-07-04,44.58,31.56,21.47,14.72,0.828,57.78,29.0,79.6,11.3,125
Delhi,2023-10-28,107.18,180.41,54.54,21.65,2.266,41.55,29.3,82.6,10.2,178
Nashik,2021-12-04,80.89,160.81,57.57,26.66,1.795,45.61,25.8,93.5,7.0,162
Indore,2023-08-20,25.34,49.64,34.91,7.96,0.526,83.16,29.9,69.5,11.9,83
Bhopal,2024-02-25,97.98,191.3,52.88,25.6,2.162,71.18,7.0,80.8,3.4,177
Pune,2020-10-30,34.62,61.71,31.18,13.31,1.095,63.15,27.4,58.9,10.7,106
Nagpur,2024-06-16,37.79,65.3,27.69,11.53,0.57,62.55,31.1,73.7,12.5,107
Hyderabad,2023-10-31,55.95,101.81,23.26,21.44,1.791,53.37,25.1,56.2,11.2,152
Bhopal,2023-09-02,20.28,34.92,19.01,7.51,0.521,78.13,27.3,87.1,17.3,66
Meerut,2022-06-13,63.79,73.79,25.78,13.59,1.171,51.74,26.7,70.0,11.6,151
Ahmedabad,2020-08-26,41.05,73.02,20.55,12.89,1.269,59.99,31.1,84.2,12.2,115
Bhopal,2024-01-14,92.12,209.65,55.31,23.71,2.326,49.63,17.5,80.8,6.1,170
Hyderabad,2020-07-24,38.16,38.03,30.29,13.12,0.74,63.48,31.5,82.2,14.1,110
Lucknow,2024-05-08,86.28,166.02,60.05,22.4,2.021,52.69,40.8,24.4,9.1,165
Kolkata,2022-04-24,71.9,125.12,55.45,20.52,2.65,41.85,28.2,36.1,11.1,156
Patna,2020-03-28,77.71,169.19,48.57,20.35,2.909,47.84,31.0,32.9,8.9,156
Ahmedabad,2024-04-20,55.09,89.23,25.74,19.3,1.264,52.52,33.3,39.7,13.5,143
Jaipur,2023-12-10,115.08,233.62,63.99,37.68,2.652,45.94,8.1,63.9,8.1,183
Chennai,2024-03-14,54.88,111.43,47.77,26.06,1.883,67.23,32.0,41.8,6.8,149
Kanpur,2021-08-07,54.55,89.37,31.78,14.73,1.198,63.02,21.8,97.2,12.9,150
Ludhiana,2023-02-16,129.05,216.25,78.64,33.08,3.005,61.56,18.4,88.9,5.8,183
Nashik,2023-08-06,8.92,64.11,14.67,5.48,1.128,65.97,28.4,75.9,14.2,63
Bhopal,2022-09-08,22.8,28.66,20.12,8.46,0.936,65.51,32.3,64.6,17.0,74
Patna,2023-06-23,41.41,70.5,24.52,7.4,0.561,64.15,27.8,89.0,14.6,120
Mumbai,2023-01-22,80.59,152.54,61.7,34.65,2.175,60.29,16.2,77.3,6.7,168
Jaipur,2021-08-10,52.02,117.09,21.37,14.47,0.657,74.94,29.3,83.5,10.9,143
Meerut,2020-02-10,140.31,177.68,65.1,34.91,3.377,43.71,10.7,57.8,6.6,192
Pune,2024-06-29,27.62,51.74,9.38,3.88,0.781,65.05,26.1,89.6,16.1,83
Delhi,2023-05-05,96.17,164.51,57.01,23.17,2.093,38.56,34.1,49.0,12.7,172
Ahmedabad,2024-12-18,127.02,195.3,68.62,31.4,3.416,42.01,5.6,80.4,9.3,187
Nagpur,2023-02-22,106.65,155.33,59.17,29.38,2.924,49.57,12.0,66.3,3.0,179
Patna,2020-07-09,65.72,94.42,45.63,16.18,1.168,43.38,28.5,74.6,11.2,164
Chennai,2023-02-11,66.29,153.52,62.19,22.72,1.853,69.92,15.5,68.2,4.8,158
Mumbai,2021-11-14,84.99,112.28,72.49,26.09,2.014,47.53,31.1,53.5,8.0,160
Bangalore,2024-06-08,19.47,28.75,19.61,8.67,0.635,76.96,31.1,79.1,14.9,70
Faridabad,2023-04-07,88.6,146.12,53.96,22.99,2.229,35.64,30.3,16.8,10.4,160
Jaipur,2022-12-06,112.16,216.12,61.84,22.38,2.574,45.04,10.5,70.3,7.5,180
Mumbai,2023-10-02,40.9,118.95,40.6,16.78,1.585,56.26,25.5,58.9,9.1,114
Meerut,2023-12-31,138.02,235.08,82.56,35.14,3.453,41.13,17.6,63.4,8.2,193
Chennai,2020-02-10,113.46,232.61,82.55,40.41,3.429,45.4,6.7,59.3,0.5,188
Ahmedabad,2024-09-28,16.69,61.8,12.11,12.63,0.76,58.36,30.1,82.2,17.8,59
Nagpur,2024-04-28,47.17,85.4,38.31,17.43,1.067,49.92,31.2,39.5,12.9,126
Meerut,2024-07-18,40.05,70.83,10.69,19.46,1.06,58.7,34.5,74.8,17.4,106
Nagpur,2023-04-16,71.98,152.25,52.76,22.21,2.551,43.29,35.7,43.1,5.0,160
Mumbai,2021-01-27,100.15,172.14,63.63,33.38,2.665,47.18,17.9,76.8,6.5,184
Kolkata,2021-03-06,80.76,129.22,67.89,26.3,2.696,53.04,37.1,52.1,10.3,167
Agra,2021-03-09,76.15,137.54,48.95,16.25,2.395,38.34,41.7,29.5,10.4,161
Meerut,2020-03-11,95.03,150.12,54.7,24.06,2.283,40.7,35.1,47.3,11.9,170
Pune,2024-10-12,45.66,89.78,25.53,15.13,0.616,57.84,24.6,70.1,10.1,126
Mumbai,2020-12-06,90.08,159.32,83.22,30.85,2.558,37.94,1.5,55.9,6.5,169
Lucknow,2021-09-27,77.34,159.27,48.56,18.57,2.262,53.23,27.3,92.0,6.9,163
Kolkata,2024-02-14,133.95,204.64,87.27,38.18,3.081,50.17,7.7,61.1,5.4,194
Lucknow,2022-02-03,128.15,213.92,69.95,26.69,2.665,55.83,16.6,80.4,6.4,205
Pune,2023-06-10,31.71,43.04,21.86,2.0,1.036,67.39,27.8,71.3,17.4,92
Kolkata,2023-11-09,104.38,159.46,58.98,31.62,2.805,55.68,19.0,58.6,10.0,171
Kolkata,2024-12-31,132.57,202.81,69.32,18.73,2.774,44.02,12.2,83.5,10.0,191
Agra,2020-04-09,54.36,91.8,27.19,17.32,1.62,36.89,28.1,35.3,14.6,151
Hyderabad,2020-06-02,35.95,69.61,22.75,2.0,0.74,53.0,28.3,73.0,13.8,112
Bhopal,2020-11-01,55.21,93.71,44.51,14.7,1.083,51.78,24.4,63.7,13.0,148
Patna,2020-06-22,43.34,83.83,21.84,10.23,0.788,47.44,30.5,78.6,16.0,117
Nashik,2023-07-30,28.85,40.63,23.6,8.51,0.518,57.5,27.3,70.1,4.3,85
Ludhiana,2024-07-24,21.82,54.44,8.37,7.74,0.494,64.09,29.0,76.0,18.6,500
Indore,2021-09-20,52.58,90.53,30.93,7.93,0.541,57.84,25.4,92.6,9.5,145
Indore,2021-03-23,52.81,108.68,45.22,19.47,1.656,61.39,26.2,49.1,8.2,146
Indore,2020-07-02,31.48,49.97,9.21,9.94,0.908,57.48,27.2,83.4,13.8,90
Chennai,2024-06-18,27.02,33.16,29.34,2.01,0.706,83.45,30.6,69.7,11.5,76
Delhi,2020-04-28,68.82,131.24,60.5,13.32,1.986,49.42,28.1,36.8,12.4,161
Chennai,2022-07-20,28.78,12.77,10.48,9.31,0.382,67.18,30.5,78.8,17.2,91
Chennai,2021-05-09,54.32,126.87,48.01,13.44,1.875,69.74,42.7,51.6,10.1,155
Indore,2023-12-11,73.37,136.58,43.39,27.28,1.959,48.26,6.3,67.0,10.5,167
Kolkata,2020-05-23,68.03,126.35,50.68,22.64,1.572,49.96,32.4,26.2,10.6,161
Nashik,2024-05-03,20.76,67.39,32.26,11.25,1.032,63.98,33.4,27.4,10.3,68
Mumbai,2023-02-09,118.04,162.81,93.94,29.29,3.006,40.99,20.1,76.2,4.8,185
Bhopal,2023-02-26,92.99,173.61,52.81,23.98,2.312,49.02,14.8,70.7,7.7,166
Nashik,2021-09-26,10.64,32.52,13.06,8.55,0.439,86.18,32.5,81.2,18.1,38
Delhi,2024-03-09,86.03,107.89,52.5,25.99,1.78,42.83,35.4,28.5,12.0,169
Patna,2023-08-13,55.84,120.01,35.05,12.84,1.427,54.72,31.4,88.2,12.5,144
Mumbai,2024-01-21,87.86,180.39,96.6,26.88,2.88,43.98,11.0,67.3,3.8,170
Bhopal,2024-07-05,21.87,10.0,11.73,5.85,0.2,60.4,30.8,87.7,18.5,74
Lucknow,2023-07-29,41.93,88.13,30.1,8.14,0.827,58.76,31.3,93.7,15.2,115
Patna,2022-12-20,125.93,194.24,75.35,32.04,3.166,33.3,18.4,66.8,9.9,189
Delhi,2022-03-28,95.54,198.75,61.81,28.06,2.318,41.22,41.1,31.7,10.7,174
Faridabad,2021-07-09,50.41,108.29,35.46,12.01,0.742,65.6,29.4,64.8,9.9,140
Agra,2020-12-10,127.76,213.69,73.11,30.43,3.146,34.7,16.1,76.6,4.3,196
Pune,2022-07-17,25.79,43.65,12.21,8.91,1.056,67.92,31.6,82.6,15.8,75
Ahmedabad,2024-05-04,65.22,141.7,57.98,24.61,2.069,58.91,38.4,40.5,8.2,157
Ludhiana,2024-02-04,99.13,190.07,72.96,40.16,2.379,36.09,23.2,67.6,8.6,172
Bhopal,2023-01-24,99.83,176.51,56.55,29.22,2.546,55.64,14.2,66.0,6.6,175
Kolkata,2021-04-01,60.53,109.7,48.18,23.54,2.531,48.77,31.8,35.9,7.9,149
Hyderabad,2023-10-19,53.19,84.35,42.44,19.4,1.416,50.75,19.7,43.3,9.6,143
Lucknow,2020-05-09,92.8,150.64,47.58,31.04,2.339,38.71,27.4,50.0,7.7,173
Indore,2022-11-17,66.29,130.81,54.08,16.83,1.444,44.2,18.3,70.1,10.1,154
Nagpur,2021-09-03,36.4,86.46,26.89,14.34,1.613,65.55,32.7,90.7,12.6,98
Meerut,2020-09-17,61.5,104.12,28.51,11.4,0.791,44.57,25.4,86.1,15.0,154
Pune,2023-05-30,46.44,82.71,39.08,15.5,1.297,58.73,34.2,33.5,10.7,128
Kolkata,2022-11-12,121.95,156.69,66.81,26.31,2.6,60.68,27.6,58.0,7.5,185
Meerut,2021-02-12,122.67,210.95,72.8,31.31,2.941,49.81,14.6,65.0,6.4,186
Mumbai,2021-03-13,59.88,84.85,51.37,20.46,1.49,65.04,20.1,36.6,9.4,153
Agra,2024-06-17,54.56,95.96,35.52,8.73,1.114,57.08,28.6,79.8,10.4,141
Faridabad,2024-01-29,162.83,223.82,95.93,36.6,3.773,35.06,15.7,86.7,9.2,216
Hyderabad,2021-09-10,33.66,59.03,22.25,15.58,0.853,59.08,27.3,83.5,12.6,96
Mumbai,2023-06-06,28.95,39.94,33.62,5.76,0.798,68.55,28.3,76.2,16.9,78
Nashik,2022-06-14,25.9,75.84,34.31,5.1,0.849,72.33,29.7,88.2,10.0,82
Delhi,2022-02-16,170.03,243.02,111.0,30.91,3.072,47.1,10.9,97.0,8.5,232
Indore,2020-10-14,31.26,118.24,30.9,16.43,1.752,44.62,28.6,49.9,10.3,96
Delhi,2023-01-03,153.22,246.09,88.56,38.11,3.104,32.09,16.5,71.0,7.8,206
Jaipur,2023-06-19,44.55,100.73,27.2,11.17,1.454,65.62,30.3,80.9,13.4,121
Bhopal,2024-03-25,55.12,106.51,44.54,10.51,1.606,54.96,41.0,34.0,8.7,145
Delhi,2021-10-08,118.77,194.9,79.43,24.96,2.805,47.39,21.7,30.8,4.2,179
Nagpur,2023-04-09,49.6,86.8,27.42,11.41,1.003,62.15,31.5,33.3,14.4,138
Indore,2024-10-19,40.76,70.4,33.89,20.97,1.684,66.88,25.9,39.8,9.7,114
Jaipur,2024-09-25,5.0,45.96,6.32,4.01,0.643,62.0,25.6,71.4,22.7,40
Indore,2023-06-05,16.84,57.24,15.06,2.0,0.609,68.7,32.4,73.9,19.4,63
Bhopal,2023-04-01,66.64,116.2,50.53,16.24,1.265,60.72,35.2,39.9,8.4,159
Jaipur,2023-05-18,84.8,155.72,46.62,23.98,2.052,49.86,34.2,64.8,9.7,163
Kanpur,2022-09-16,44.06,91.83,6.68,9.08,1.308,31.27,32.5,74.8,12.7,133
Pune,2023-10-21,52.55,98.61,25.38,15.91,1.644,67.89,21.1,43.2,10.8,145
Pune,2020-05-22,49.04,98.66,46.86,11.48,1.589,59.59,29.6,38.7,11.1,139
Nashik,2020-08-29,21.9,26.65,14.96,16.02,0.719,82.13,26.7,70.5,16.1,66
Lucknow,2020-06-02,56.73,81.09,30.01,9.81,1.325,40.48,28.6,85.5,15.4,151
Delhi,2020-01-07,167.3,312.2,105.81,40.46,3.502,36.98,8.9,73.8,3.7,218
Bhopal,2020-10-20,46.77,94.54,33.43,8.99,1.58,63.66,23.7,41.9,9.1,126
Meerut,2024-02-20,140.8,232.49,69.89,35.13,3.083,35.07,20.5,86.4,9.8,200
Pune,2023-11-07,69.64,152.13,58.99,24.15,1.491,40.34,22.2,50.0,8.5,159
Chennai,2023-10-22,47.8,85.65,40.64,19.93,1.372,69.83,29.4,54.8,8.0,132
Nashik,2020-09-28,5.07,51.26,9.69,11.04,0.484,65.05,32.1,76.9,15.6,42
Kanpur,2024-05-13,89.28,124.04,57.59,27.58,2.381,48.56,31.0,37.7,12.3,172
Nashik,2023-12-12,73.82,144.51,50.77,20.17,1.969,52.11,7.0,59.6,3.6,151
Bangalore,2022-01-09,55.04,117.66,56.91,21.29,1.868,66.42,19.0,71.9,6.9,142
Ludhiana,2024-02-19,103.27,167.98,55.27,35.73,2.366,46.66,22.4,65.0,7.7,167
Kolkata,2021-12-20,141.45,239.14,82.44,38.81,3.18,46.92,7.8,79.7,3.9,184
Ahmedabad,2024-01-16,136.65,274.51,81.23,44.82,3.575,42.01,32.1,64.4,4.2,190
Bhopal,2024-02-07,86.6,153.42,55.02,22.48,2.247,74.43,16.0,70.3,6.7,170
Nagpur,2023-08-10,46.56,82.5,23.33,11.08,1.129,55.54,26.7,89.4,13.6,123
Agra,2024-04-10,45.43,108.25,39.12,18.22,1.599,37.37,43.8,41.6,11.7,124
Bhopal,2023-03-28,70.51,128.8,39.05,14.77,1.823,56.01,30.6,44.2,5.5,154
Ahmedabad,2021-06-27,29.41,75.88,9.87,6.53,0.464,51.85,36.3,90.7,21.3,87
Ludhiana,2023-12-26,100.27,192.85,71.13,32.95,2.954,46.54,8.0,62.7,5.4,175
Delhi,2024-04-09,112.53,204.48,74.2,32.95,2.992,49.63,21.2,51.0,8.6,174
Chennai,2020-08-09,34.64,34.4,5.0,3.8,1.298,65.41,32.1,74.9,18.8,106
Hyderabad,2023-04-23,57.62,120.03,49.06,22.25,1.227,62.5,32.9,41.3,4.9,155
Ludhiana,2020-04-01,85.95,137.84,52.58,31.4,2.413,66.26,31.2,24.8,7.9,168
Jaipur,2020-11-28,93.09,177.31,44.74,19.1,2.269,34.82,25.1,53.8,12.4,179
Nagpur,2022-02-17,75.85,183.6,46.92,16.56,1.924,55.57,11.0,64.2,8.4,162
Faridabad,2020-07-27,47.38,63.5,37.63,15.76,1.411,59.95,34.0,88.2,11.2,130
Patna,2020-01-26,160.55,268.44,100.97,42.2,3.937,35.21,10.5,81.8,5.0,211
Ludhiana,2021-06-21,59.38,55.91,13.08,15.97,0.684,70.71,31.3,78.2,9.3,154
Ahmedabad,2021-04-23,76.54,134.26,47.98,23.71,1.75,54.17,26.0,46.2,9.2,159
Delhi,2023-06-20,48.66,63.38,19.04,2.0,0.678,48.13,28.6,81.2,20.4,129
Faridabad,2024-05-16,58.48,88.45,44.01,22.59,1.668,33.72,33.1,28.8,15.7,149
Nashik,2020-05-29,53.12,67.97,30.44,13.79,0.855,64.53,35.6,42.5,7.9,141
Meerut,2023-08-02,74.15,90.78,35.1,13.21,1.339,66.96,31.1,88.5,9.0,159
Hyderabad,2022-01-10,76.31,126.87,62.38,22.36,2.449,60.76,28.2,71.5,8.5,165
Jaipur,2020-06-05,40.49,69.0,5.0,3.9,0.646,60.93,28.8,83.0,16.7,117
Mumbai,2020-05-20,45.53,48.11,37.14,14.8,1.976,63.83,33.3,27.6,11.0,120
Delhi,2021-05-22,86.01,140.15,69.69,23.6,2.528,45.88,34.1,42.1,10.8,167
Ludhiana,2022-11-22,81.37,155.78,53.92,23.94,2.733,49.5,28.4,43.0,13.0,164
Bangalore,2021-08-14,35.61,80.64,22.97,5.57,0.815,74.33,32.2,89.9,9.5,98
Mumbai,2022-12-06,91.59,169.8,65.88,26.47,2.354,38.1,24.2,70.4,6.3,166
Kolkata,2021-10-30,83.1,123.59,46.09,24.07,1.754,71.69,29.6,67.7,8.5,158
Hyderabad,2022-06-20,31.89,56.68,23.57,8.89,0.978,67.52,33.1,92.3,17.4,92
Meerut,2024-09-27,62.35,133.42,33.54,19.8,1.332,56.62,32.1,83.0,8.5,156
Agra,2022-01-05,146.5,243.29,71.19,29.01,2.724,39.03,26.0,97.9,8.7,195
Kanpur,2020-12-03,122.05,169.86,69.57,30.79,2.671,37.84,13.4,46.9,8.2,187
Bangalore,2020-04-21,45.64,82.99,35.3,13.27,1.006,64.13,27.6,30.2,9.7,131
Meerut,2023-01-18,147.92,219.33,67.6,38.66,2.88,37.05,9.5,79.1,6.8,199
Indore,2020-01-19,97.98,206.87,77.55,34.29,2.972,49.11,17.0,54.0,3.8,176
Meerut,2020-10-29,83.18,164.57,47.53,31.85,1.941,53.01,24.4,57.7,8.1,169
Nashik,2023-04-17,46.57,63.5,32.69,12.58,1.19,61.58,39.4,53.4,9.8,127
Patna,2020-07-02,41.55,64.15,11.87,5.35,1.205,47.49,27.1,91.4,19.2,113
Pune,2020-04-22,46.43,93.31,45.98,19.72,1.424,44.95,23.3,34.8,5.4,135
Pune,2022-05-30,63.14,80.14,46.4,17.12,1.814,74.2,28.7,38.4,9.0,155
Hyderabad,2020-04-04,38.65,46.76,31.89,11.0,1.362,63.16,30.2,40.9,14.2,116
Faridabad,2020-06-25,72.78,112.3,50.04,14.27,1.658,55.47,33.0,80.8,8.6,162
Lucknow,2020-02-08,150.36,245.33,85.12,39.0,3.662,20.11,9.1,59.5,4.6,200
Nagpur,2020-10-22,71.19,157.92,46.85,21.61,1.519,44.04,19.3,59.3,7.9,159
Patna,2021-09-06,47.24,88.63,24.84,12.1,1.451,60.5,30.1,84.2,15.8,135
Kolkata,2020-09-18,44.07,26.61,20.18,19.98,0.73,60.5,30.6,77.3,19.2,122
Nashik,2020-04-22,44.23,84.49,43.2,20.07,1.473,62.48,32.0,30.4,7.6,120
Nagpur,2023-10-25,59.56,133.09,37.34,18.38,1.441,64.4,14.1,44.7,9.2,149
Mumbai,2022-07-07,21.63,53.47,22.44,8.72,0.915,72.01,34.9,77.0,13.0,72
Ahmedabad,2021-03-10,68.39,122.78,46.19,29.69,1.905,52.86,37.4,43.1,6.7,166
Ludhiana,2021-09-07,26.93,40.58,25.02,10.19,0.693,61.32,29.4,92.2,15.7,92
Pune,2024-02-26,72.35,143.91,54.91,20.73,1.713,52.88,9.4,61.7,11.0,160
Faridabad,2024-08-25,31.06,58.22,16.84,7.8,0.555,58.06,34.9,83.3,19.1,90
Mumbai,2021-10-04,46.8,88.43,47.66,16.15,0.97,56.09,21.4,46.0,13.3,126
Lucknow,2023-08-09,59.12,126.28,25.86,10.31,1.369,64.53,24.7,81.8,14.7,156
Jaipur,2024-11-23,88.0,183.55,41.56,24.32,2.021,43.91,31.9,48.7,9.7,156
Agra,2023-07-21,35.53,72.35,18.0,9.01,1.041,43.41,32.8,83.2,16.1,95
Ahmedabad,2024-03-24,85.22,165.53,50.86,26.51,1.753,61.48,29.3,56.9,7.5,166
Bangalore,2021-01-06,58.22,133.08,49.2,19.6,1.291,52.18,14.9,54.5,7.5,144
Kolkata,2021-12-17,140.23,256.06,88.06,45.03,3.101,47.57,5.2,57.5,4.7,195
Kolkata,2020-08-06,38.0,89.15,34.7,6.68,1.552,78.61,30.0,68.2,12.0,107
Meerut,2020-01-04,157.21,213.9,71.17,39.39,3.14,37.69,2.5,65.0,6.5,205
Nashik,2020-12-07,80.58,103.92,51.58,18.34,1.432,56.74,10.2,73.0,7.3,173
Lucknow,2024-07-19,51.48,66.81,23.04,11.33,1.089,50.86,30.5,73.2,14.1,141
Bangalore,2021-07-23,27.55,42.29,27.01,7.23,1.201,91.95,29.8,75.1,6.7,86
Patna,2021-08-20,34.71,88.87,12.57,11.1,1.283,52.99,30.3,77.2,14.9,97
Meerut,2020-08-01,38.59,85.87,25.06,6.2,0.79,68.2,37.3,80.0,14.6,108
Faridabad,2020-03-01,64.36,125.45,52.5,21.45,1.92,26.51,31.2,30.9,13.5,152
Hyderabad,2020-12-24,113.81,207.22,73.28,37.78,2.354,45.59,6.4,67.5,3.4,176
Pune,2021-03-16,37.19,88.29,36.11,16.2,1.257,64.08,28.4,25.6,12.4,105
Chennai,2020-12-26,59.87,137.59,51.01,29.92,1.801,62.72,8.3,56.0,9.2,153
Chennai,2021-01-07,73.64,139.37,51.26,29.96,2.229,53.08,4.3,100.0,8.0,154
Agra,2022-07-10,40.43,100.39,35.4,9.41,1.077,49.77,28.8,83.5,11.8,122
Pune,2022-02-19,61.72,140.94,47.27,29.88,1.899,67.22,8.1,56.1,6.1,159
Meerut,2020-02-23,136.82,223.18,63.52,32.9,3.345,43.75,29.5,93.5,5.9,202
Pune,2024-07-20,26.79,68.06,19.26,13.5,0.625,66.32,27.9,88.4,13.3,82
Indore,2024-09-11,8.9,40.7,18.09,2.0,0.433,63.64,26.3,82.9,15.7,38
Ludhiana,2023-04-23,70.75,106.07,39.28,13.51,1.65,44.97,28.3,37.2,11.9,164
Meerut,2024-09-09,56.73,77.63,28.44,19.26,1.056,55.63,25.1,71.6,11.5,155
Bhopal,2021-08-27,12.46,26.05,21.64,2.52,0.394,68.26,36.7,78.5,18.8,57
Ahmedabad,2020-08-11,52.32,73.24,29.5,13.52,1.007,69.17,31.5,83.6,12.2,146
Hyderabad,2023-03-17,62.02,101.49,40.34,23.77,1.627,46.26,32.2,50.2,6.5,154
Nashik,2020-09-16,27.65,51.09,30.58,6.27,1.262,76.11,23.4,83.0,8.1,80
Faridabad,2022-08-24,89.95,148.55,48.88,20.89,1.555,43.66,32.0,70.1,10.6,166
Delhi,2021-08-23,42.28,84.05,25.45,15.9,0.63,45.45,28.7,81.6,18.3,119
Chennai,2022-06-06,43.98,81.77,37.87,15.36,0.778,77.82,33.1,81.0,7.7,120
Lucknow,2022-01-01,143.25,212.63,79.25,43.17,3.55,26.71,13.5,91.7,9.5,196
Delhi,2020-06-12,55.95,101.45,35.1,7.21,1.512,46.81,26.5,68.0,14.7,151
Bhopal,2023-08-10,27.93,75.31,12.0,3.59,0.57,69.76,25.5,75.9,18.4,84
Nagpur,2021-02-21,84.1,177.6,64.43,26.99,2.604,51.22,24.4,63.4,4.8,160
Faridabad,2021-04-02,94.93,139.88,65.71,25.88,2.175,47.45,41.4,38.2,13.4,165
Ahmedabad,2021-03-24,70.47,116.86,60.92,32.17,1.465,41.49,31.3,25.2,9.4,161
Indore,2021-11-21,61.79,101.3,46.17,19.82,1.709,46.47,20.2,51.2,11.7,142
Indore,2023-01-13,113.02,174.27,59.63,25.67,2.533,47.45,15.6,84.8,6.3,180
Chennai,2024-06-26,42.33,83.6,21.0,11.48,1.02,71.45,33.4,74.6,13.2,117
Ahmedabad,2024-03-27,74.19,162.91,55.62,26.03,2.254,54.7,28.6,53.0,9.4,171
Indore,2024-01-09,110.27,200.02,68.18,30.88,2.675,46.28,23.9,66.7,2.7,179
Nashik,2022-05-17,57.66,115.57,53.04,25.23,1.307,61.68,29.6,37.7,6.2,152
Meerut,2021-05-22,63.42,74.12,29.16,22.44,1.562,61.09,30.6,50.1,13.3,159
Bangalore,2021-10-06,55.81,72.03,48.79,14.64,0.949,47.22,24.1,40.2,5.6,158
Agra,2023-06-22,39.17,27.0,28.52,15.26,1.409,40.53,29.9,69.4,16.7,101
Nagpur,2022-01-24,125.94,234.4,86.16,45.08,2.882,49.96,9.3,61.6,0.9,186
Chennai,2022-09-25,36.54,72.28,16.61,15.42,1.057,72.4,33.9,67.3,10.0,92
Meerut,2023-09-07,74.8,134.87,46.04,17.59,1.116,35.91,32.2,100.0,10.7,165
Patna,2023-05-07,81.28,122.19,49.37,14.58,2.053,56.93,22.5,35.3,10.5,166
Faridabad,2021-05-11,80.55,101.54,52.52,12.03,1.731,35.1,31.7,65.3,16.3,161
Patna,2021-04-15,100.25,137.95,41.57,23.24,1.717,41.16,32.8,37.3,7.7,174
Nashik,2023-02-07,88.97,185.93,64.87,24.76,2.235,61.5,21.9,64.9,2.8,169
Kolkata,2020-05-29,71.61,111.08,38.46,18.22,2.005,65.12,31.2,36.7,11.2,159
Faridabad,2022-03-15,126.75,224.36,92.66,25.98,3.335,34.44,30.5,40.0,4.9,188
Kolkata,2024-10-30,69.0,90.29,34.67,12.24,1.5,46.42,16.8,64.5,11.9,153
Hyderabad,2024-01-19,57.4,90.83,53.06,21.68,1.767,49.55,7.8,56.2,9.0,153
Ludhiana,2024-06-04,51.04,65.67,19.91,4.12,1.182,74.08,29.5,77.1,12.6,130
Faridabad,2024-02-09,145.16,231.07,89.38,30.46,3.337,44.25,6.1,71.4,9.7,199
Kanpur,2020-04-03,83.64,101.31,46.87,20.39,1.706,34.23,31.0,35.7,11.3,158
Nagpur,2024-10-03,43.09,109.29,41.48,18.89,1.858,55.73,15.0,61.0,9.1,128
Jaipur,2022-08-05,40.77,58.65,20.65,9.99,0.666,63.8,27.5,83.2,12.8,104
Nagpur,2023-06-03,36.26,39.06,18.28,6.22,0.507,64.47,35.7,78.8,12.9,103
Faridabad,2024-10-22,79.94,132.54,39.91,17.72,1.886,43.56,24.6,59.5,11.4,166
Chennai,2023-03-13,41.33,93.63,34.94,21.54,1.9,63.97,35.1,39.0,7.9,120
Patna,2022-10-12,85.47,95.9,54.4,16.95,2.0,53.86,25.5,35.3,9.6,166
Bangalore,2020-07-29,9.04,18.4,9.87,13.55,0.927,91.29,28.6,74.8,21.6,52
Kanpur,2020-04-13,94.99,130.43,48.45,20.2,1.641,30.11,31.4,38.7,13.3,168
Lucknow,2023-07-18,56.09,87.08,43.65,9.57,1.537,66.06,27.5,81.3,6.8,156
Chennai,2024-01-11,85.94,162.2,71.76,24.92,2.268,66.98,16.1,54.2,6.3,167
Ludhiana,2021-05-03,56.0,102.7,29.03,17.47,1.602,45.17,27.5,35.8,13.9,151
Meerut,2020-02-09,144.08,229.72,91.02,38.84,3.085,42.22,16.4,63.9,6.7,196
Kolkata,2024-06-13,47.72,78.58,8.88,11.44,0.72,61.96,29.5,75.6,15.7,130
Agra,2021-03-27,99.02,158.34,68.05,30.44,2.453,54.81,32.4,29.2,8.2,180
Kolkata,2023-11-27,77.87,151.01,61.95,30.68,2.11,44.42,28.1,39.9,9.1,147
Kolkata,2024-03-18,57.82,127.3,53.95,28.62,2.002,47.64,27.8,32.6,9.4,159
Bhopal,2021-11-06,83.56,185.49,54.37,24.35,2.254,62.89,23.1,54.9,7.9,170
Lucknow,2022-01-22,152.46,217.33,81.75,37.74,3.629,30.25,20.2,71.2,6.8,197
Lucknow,2020-03-04,91.2,139.96,62.97,27.25,2.305,40.09,33.0,41.6,10.2,169
Patna,2020-11-11,170.15,249.98,90.5,45.72,4.107,38.8,25.4,53.9,2.2,211
Mumbai,2024-06-27,59.62,56.74,21.3,12.01,0.314,62.43,27.4,79.9,14.5,153
Delhi,2020-06-24,39.49,67.45,31.79,7.47,1.081,54.59,28.6,88.7,14.3,108
Nagpur,2020-02-08,113.15,187.48,68.81,26.71,3.06,49.95,9.2,82.0,5.8,179
Chennai,2022-09-21,19.34,33.64,15.79,4.66,0.592,66.13,31.8,65.3,19.2,72
Lucknow,2023-11-26,96.37,161.49,62.59,21.73,3.173,43.74,36.6,35.9,9.2,170
Chennai,2023-06-03,23.84,28.2,20.35,4.68,1.192,82.22,26.1,76.3,17.3,79
Ludhiana,2020-03-16,72.06,126.06,46.3,26.96,2.444,55.54,24.5,40.1,8.5,159
Ludhiana,2020-01-14,141.33,237.72,89.88,39.72,3.35,49.03,14.2,64.9,2.7,200
Jaipur,2024-09-06,60.73,122.99,32.07,15.14,1.23,77.69,31.6,75.9,7.8,149
Ludhiana,2022-02-05,108.77,202.71,61.06,33.34,2.943,47.0,20.3,67.6,5.1,185
Bhopal,2023-01-06,83.61,162.87,54.46,29.06,1.993,62.6,12.8,72.5,5.2,175
Hyderabad,2020-05-31,43.68,93.37,39.19,10.35,1.799,74.82,31.6,30.1,7.8,124
Mumbai,2024-10-04,65.83,117.85,66.25,14.93,1.901,57.94,29.5,49.5,5.0,159
Nashik,2021-08-28,28.3,28.19,14.2,11.62,0.581,85.96,34.7,69.9,10.8,77
Nagpur,2024-02-15,101.32,214.61,79.93,44.12,2.639,54.24,12.0,57.7,5.0,172
Bangalore,2024-03-28,45.51,101.68,47.22,14.6,1.6,64.74,35.1,39.2,9.0,126
Mumbai,2020-06-03,24.63,29.55,19.52,9.93,0.2,76.86,27.1,78.3,16.4,76
Chennai,2024-10-07,39.37,84.52,31.12,12.58,1.647,60.59,34.9,51.3,15.0,120
Jaipur,2021-11-16,121.46,222.43,64.22,35.5,2.811,44.35,26.6,57.4,7.0,192
Bangalore,2024-10-28,40.69,90.04,36.23,12.9,1.252,65.56,32.9,60.7,10.9,117
Lucknow,2022-07-07,50.65,66.71,37.54,18.32,0.623,52.61,30.5,99.8,11.0,138
Kolkata,2021-08-10,38.66,27.91,25.74,6.53,0.639,81.87,28.2,84.0,16.1,110
Hyderabad,2023-09-13,20.69,82.56,27.78,5.92,0.673,66.85,33.2,67.9,14.9,73
Chennai,2024-11-10,67.02,113.78,48.4,28.02,2.016,52.74,18.4,52.2,7.9,156
Ludhiana,2023-08-20,39.07,57.0,32.94,6.24,0.918,71.61,31.9,82.0,8.5,105
Bhopal,2024-01-23,93.22,166.77,58.21,16.6,1.816,65.55,12.9,73.7,6.9,172
Kolkata,2021-11-07,76.68,145.19,53.59,24.7,2.367,51.03,24.6,42.1,11.6,168
Patna,2022-12-25,210.19,320.68,104.76,41.96,4.567,46.91,11.1,79.4,1.4,261
Kanpur,2020-05-31,66.05,139.07,50.95,26.84,2.214,45.94,30.2,33.3,12.6,156
Hyderabad,2022-02-22,68.95,135.77,66.1,23.8,1.794,60.73,17.5,61.9,7.2,153
Bangalore,2020-03-16,34.78,44.34,29.82,13.91,0.783,74.67,33.9,38.2,15.5,100
Kolkata,2023-09-27,20.19,35.14,22.98,9.53,0.985,47.15,32.6,63.5,19.8,67
Lucknow,2023-01-28,125.78,186.37,69.59,35.73,2.994,51.02,10.2,72.3,6.4,187
Nagpur,2023-01-17,88.71,206.09,53.95,24.24,2.338,46.03,4.8,70.2,7.4,161
Mumbai,2023-10-11,57.37,63.3,40.33,17.11,1.107,54.57,20.6,64.7,12.0,160
Ludhiana,2021-11-16,82.44,153.49,64.98,28.03,2.123,33.14,30.8,59.3,11.6,159
Ludhiana,2020-03-31,98.28,162.26,60.99,28.06,2.628,47.47,39.2,54.1,9.1,171
Patna,2023-11-04,78.74,143.83,48.77,19.79,1.623,32.84,32.2,52.1,17.1,168
Mumbai,2022-02-15,97.42,178.65,87.08,28.07,2.862,53.71,12.9,50.7,5.3,180
Jaipur,2021-05-31,83.87,143.18,37.06,25.97,1.95,56.84,31.3,30.9,4.7,168
Nashik,2023-12-29,74.35,106.82,51.24,20.32,1.803,63.12,12.9,83.0,8.0,163
Ludhiana,2021-05-23,52.4,105.35,28.31,21.53,1.853,61.06,35.1,46.7,13.2,143
Ahmedabad,2023-11-05,103.63,179.03,78.6,30.73,3.621,38.72,21.9,44.8,6.8,175
Nashik,2021-05-23,33.16,67.01,26.44,12.0,1.307,71.62,26.7,28.3,12.6,103
Ahmedabad,2020-10-29,60.11,104.44,47.25,26.32,2.246,49.88,25.3,36.4,9.3,153
Bangalore,2024-11-13,49.6,84.24,45.77,9.82,1.269,47.81,34.5,62.6,11.4,133
Pune,2024-09-02,23.96,37.43,17.57,11.09,0.737,81.56,31.5,74.6,14.7,79
Mumbai,2020-09-25,15.15,49.48,27.85,8.32,0.815,65.2,33.2,82.6,12.9,56
Ahmedabad,2020-10-23,86.79,130.82,42.78,17.75,1.898,67.08,21.0,70.3,3.2,168
Jaipur,2020-06-03,76.09,133.69,29.38,15.86,1.313,47.59,30.2,71.8,8.6,160
Kolkata,2021-11-17,138.78,218.0,92.3,39.18,4.08,49.84,22.9,44.8,2.0,192
Bhopal,2021-09-03,39.86,58.12,12.85,11.49,1.13,80.13,33.4,75.3,10.6,115
Lucknow,2022-11-29,99.98,177.3,49.86,23.01,2.353,47.57,14.3,55.9,10.6,175
Jaipur,2022-09-01,28.04,59.76,24.32,15.27,0.786,35.49,32.3,78.1,16.9,85
Nashik,2022-11-09,76.32,135.01,55.73,23.88,2.152,42.88,23.5,52.5,7.7,155
Lucknow,2023-01-22,106.83,173.28,62.29,19.01,2.689,37.65,28.6,77.1,9.3,176
Kanpur,2024-05-06,75.41,111.76,47.82,25.86,1.616,36.1,23.9,26.5,12.7,161
Mumbai,2023-05-03,70.18,106.46,60.87,14.33,1.695,44.15,36.1,41.3,9.3,158
Kanpur,2021-09-01,43.03,66.76,18.41,5.52,1.23,58.37,31.6,76.1,20.2,119
Bangalore,2021-01-29,80.91,139.01,62.9,18.33,1.948,58.28,14.7,61.4,5.5,167
Ludhiana,2024-04-23,75.87,98.51,46.71,22.88,2.104,58.16,38.6,34.8,8.6,156
Faridabad,2021-01-02,195.99,297.64,106.9,51.92,3.823,27.6,14.5,75.2,5.0,249
Kolkata,2021-04-29,65.01,89.1,52.38,14.48,1.981,59.52,30.3,45.3,12.0,162
Nashik,2022-02-22,70.43,146.55,59.54,28.33,1.83,47.39,22.4,66.8,8.4,163
Ludhiana,2023-10-11,79.34,117.06,53.66,21.27,2.342,64.57,32.0,51.1,8.8,162
Faridabad,2024-05-03,85.42,154.82,54.16,27.41,2.519,41.65,35.4,47.6,12.1,500
Lucknow,2024-05-18,67.19,137.25,51.79,19.24,2.038,48.24,32.9,52.6,13.2,153
Faridabad,2024-04-26,72.6,132.36,56.41,21.66,2.332,42.13,29.5,41.6,10.1,160
Mumbai,2021-12-03,104.94,142.21,77.62,32.01,2.926,29.38,5.8,67.6,6.8,177
Bangalore,2023-10-04,47.07,77.4,47.46,19.69,0.875,62.92,26.6,46.2,5.2,122
Ahmedabad,2024-05-23,65.77,122.9,39.22,23.26,1.71,53.95,39.7,39.5,11.5,156
Bhopal,2023-05-01,61.47,105.19,43.37,21.34,1.562,61.37,21.8,36.3,8.7,154
Kanpur,2022-01-20,155.53,258.47,90.27,43.25,3.98,45.46,5.5,61.3,4.7,202
Agra,2022-10-10,46.54,126.68,29.97,14.43,1.721,52.54,19.2,49.7,12.4,129
Nagpur,2021-10-14,73.72,119.46,45.69,10.23,1.728,77.1,27.5,56.6,10.4,152
Ahmedabad,2024-03-06,56.97,93.31,31.36,19.49,1.547,50.35,41.5,22.9,13.5,162
Nagpur,2022-06-24,63.18,84.55,39.76,11.74,1.675,62.75,28.2,79.2,8.0,153
Kanpur,2022-05-01,100.02,160.54,51.49,27.46,2.793,37.79,33.6,40.8,8.7,174
Lucknow,2022-11-17,129.97,193.06,76.3,22.3,2.987,38.96,24.5,54.9,10.3,181
Jaipur,2022-11-11,111.87,246.76,63.02,32.9,2.566,37.46,27.7,55.7,6.7,180
Indore,2024-11-15,90.11,159.92,56.23,31.62,2.896,52.32,30.6,67.9,6.5,168
Lucknow,2022-07-09,28.44,49.52,16.39,2.0,0.22,49.72,32.3,71.1,20.0,88
Indore,2024-04-17,65.1,117.04,47.76,26.17,1.961,59.46,31.4,35.2,7.3,158
Ludhiana,2023-10-05,81.25,142.64,40.14,14.38,2.381,50.15,21.0,58.7,9.7,166
Hyderabad,2020-10-25,52.01,98.99,36.51,21.42,1.616,49.5,20.7,58.6,10.3,137
Ludhiana,2021-02-08,131.07,177.24,70.94,32.66,3.471,34.8,8.4,61.9,3.0,196
Meerut,2022-12-20,147.73,232.21,87.94,39.56,3.232,37.9,17.4,74.1,6.4,192
Nashik,2024-04-20,57.51,86.81,40.78,22.63,1.525,62.01,36.5,36.2,6.6,150
Jaipur,2021-11-26,87.88,171.82,54.34,27.81,1.872,50.58,18.9,48.3,8.1,167
Pune,2022-09-07,22.54,24.98,14.39,11.18,0.474,63.52,32.5,77.8,17.8,66
Faridabad,2022-03-19,111.5,161.9,69.2,30.16,3.084,42.75,36.3,54.1,9.2,182
Ahmedabad,2021-11-03,126.41,244.03,70.66,46.96,3.658,38.94,18.4,70.5,3.6,194
Hyderabad,2022-02-17,54.43,98.0,46.61,20.26,1.902,60.63,13.6,52.1,9.1,151
Nashik,2023-09-04,17.56,26.76,16.02,9.06,0.566,85.65,28.9,92.2,15.1,64
Jaipur,2023-05-09,79.5,145.33,36.19,20.64,1.672,56.97,31.7,52.5,10.1,163
Lucknow,2022-10-20,99.11,126.45,59.97,21.46,2.04,39.37,31.6,46.2,9.3,181
Meerut,2020-05-04,66.21,97.14,34.38,17.79,1.389,48.6,32.3,44.2,15.3,154
Lucknow,2020-05-18,101.43,128.32,56.91,29.23,2.437,55.07,31.7,37.2,8.4,177
Nashik,2024-10-02,43.36,93.91,34.37,17.86,0.989,70.44,26.8,48.8,10.0,124
Indore,2022-04-17,43.34,79.27,40.73,20.3,1.291,77.4,38.9,53.6,11.7,122
Bangalore,2022-09-02,24.44,42.9,12.1,5.71,0.666,87.86,28.0,77.1,12.4,88
Ludhiana,2023-01-31,137.95,192.51,80.09,43.49,3.266,49.59,18.4,67.3,8.6,191
Chennai,2024-06-22,44.78,60.65,25.53,11.1,1.12,49.75,28.3,89.0,11.0,126
Chennai,2021-02-12,89.1,141.06,76.13,33.98,2.741,44.28,17.5,50.7,3.2,174
Indore,2020-05-29,72.01,113.32,31.08,21.33,1.63,49.04,28.5,42.0,10.4,165
Ahmedabad,2024-04-16,63.03,109.6,43.28,18.9,1.562,52.0,43.0,20.9,9.6,150
Bhopal,2022-11-16,68.02,140.46,62.01,22.44,2.172,58.75,19.6,60.8,7.2,150
Delhi,2020-09-14,55.29,108.65,33.09,10.45,0.665,41.46,29.7,79.6,15.0,152
Mumbai,2023-12-16,91.72,177.66,77.4,30.91,2.403,60.19,15.0,84.8,8.5,175
Chennai,2023-05-14,50.84,97.92,42.15,22.57,1.269,79.2,32.3,32.7,7.3,135
Agra,2021-10-24,117.95,193.19,62.68,29.03,2.765,57.73,32.3,66.5,3.4,181
Bangalore,2023-11-12,70.4,113.86,64.11,16.06,1.724,54.0,23.8,50.6,9.8,154
Hyderabad,2020-08-06,32.12,71.1,24.41,14.11,0.752,46.88,31.0,91.7,13.9,98
Lucknow,2022-06-09,41.49,100.35,24.86,13.59,1.09,50.98,26.3,82.2,14.2,116
Delhi,2020-09-19,53.05,119.2,34.56,17.42,1.262,67.66,25.4,90.2,15.3,152
Chennai,2024-07-07,17.64,55.81,17.89,5.93,0.25,68.36,33.6,82.2,16.2,58
Indore,2023-11-19,93.91,177.84,61.54,31.84,1.628,56.34,18.7,78.2,6.8,169
Chennai,2024-09-05,21.36,34.33,5.0,6.28,0.556,74.3,30.1,86.0,20.0,67
Ludhiana,2023-04-03,85.15,142.28,45.35,19.63,2.737,54.96,28.7,49.3,8.0,166
Agra,2021-07-23,33.67,57.7,17.21,2.03,0.707,41.17,33.6,81.5,13.4,96
Hyderabad,2023-06-02,27.69,82.5,18.7,9.18,0.655,52.88,31.7,91.6,17.0,78
Bhopal,2021-09-10,39.04,48.7,15.77,13.28,0.2,79.49,34.6,92.0,18.6,110
Ahmedabad,2021-03-18,84.49,145.96,58.29,28.63,1.419,46.17,34.4,47.9,10.5,158
Delhi,2020-10-12,62.72,94.31,46.28,19.02,1.699,31.39,31.5,55.7,13.9,155
Hyderabad,2024-10-19,53.65,131.44,51.4,28.19,1.956,56.13,30.3,54.4,5.6,148
Ludhiana,2022-10-19,52.21,98.1,31.71,14.37,2.044,53.9,32.9,68.7,10.6,139
Delhi,2023-07-24,74.67,122.7,29.49,20.21,0.967,58.83,30.9,82.1,13.5,166
Hyderabad,2022-04-07,37.83,64.73,31.05,18.91,1.717,60.92,32.2,23.5,11.3,110
Nagpur,2020-11-06,115.29,197.04,74.53,36.47,3.108,45.22,23.9,57.9,4.6,181
Patna,2022-06-09,29.0,50.02,23.69,6.36,1.25,45.01,31.7,80.2,19.4,89
Faridabad,2024-11-08,138.29,231.55,74.11,40.23,3.459,40.58,20.2,54.7,9.9,193
Agra,2020-03-04,92.31,146.59,55.32,28.23,2.936,37.16,36.0,40.3,9.0,172
Kanpur,2023-08-01,67.77,90.24,21.22,10.97,1.241,62.42,29.4,80.1,13.5,160
Faridabad,2024-02-25,185.42,312.5,124.25,53.73,4.279,34.37,13.2,60.8,3.0,236
Agra,2020-09-11,48.98,44.67,15.02,4.34,0.784,53.12,30.5,73.6,16.6,134
Ahmedabad,2023-01-05,119.63,250.2,70.02,39.13,3.178,44.21,14.4,81.0,4.9,187
Hyderabad,2020-11-19,80.56,177.25,55.5,30.33,1.716,40.92,21.9,64.9,7.2,163
Hyderabad,2022-08-25,12.71,17.93,13.5,6.82,0.235,59.3,30.3,78.6,20.8,59
Pune,2023-08-09,27.8,38.0,5.0,15.48,0.469,67.65,27.7,76.5,19.8,82
Kolkata,2021-09-27,30.17,66.36,9.02,5.91,0.564,58.09,28.4,85.0,19.6,89
Agra,2024-07-20,28.54,42.3,15.21,11.27,1.18,47.41,36.3,88.2,17.6,75
Indore,2023-02-18,85.14,181.76,63.1,29.68,2.245,45.35,17.1,79.5,9.3,170
Jaipur,2020-09-25,37.7,105.88,19.92,12.45,1.147,56.77,32.0,66.4,11.9,104
Chennai,2022-11-24,67.08,123.43,39.09,24.26,1.731,53.83,26.8,44.1,7.7,159
Ludhiana,2023-12-14,142.82,227.08,69.86,35.15,3.35,42.86,23.7,94.9,5.0,194
Chennai,2020-09-04,13.5,30.95,12.21,2.0,0.2,83.14,33.4,75.0,18.1,51
Delhi,2023-05-06,97.4,154.6,67.45,12.23,2.456,38.78,27.4,42.4,12.9,491
Delhi,2020-01-14,170.93,270.7,102.45,36.65,3.79,37.48,11.4,81.4,6.7,222
Lucknow,2020-03-30,78.8,122.96,58.17,21.56,2.234,46.39,25.3,42.0,11.4,158
Indore,2024-03-31,57.31,119.08,46.72,20.78,1.858,54.21,38.7,39.5,8.7,154
Jaipur,2022-04-17,69.17,126.33,37.99,28.44,1.845,65.82,37.1,52.4,12.2,158
Chennai,2022-01-28,52.21,127.38,53.07,15.45,1.996,52.35,13.5,46.9,10.5,133
Kanpur,2024-09-28,72.71,84.18,36.54,13.76,1.224,64.55,32.4,67.4,11.4,163
Lucknow,2024-04-29,82.13,106.64,39.88,21.42,1.364,32.76,29.9,40.3,11.6,166
Patna,2022-10-25,118.6,172.42,52.87,27.91,2.663,44.78,17.8,48.6,4.2,184
Ahmedabad,2022-01-04,122.89,198.67,85.72,32.9,2.876,53.45,10.9,59.0,5.7,190
Pune,2020-06-29,25.58,75.18,20.12,7.82,1.008,72.11,32.3,78.5,11.0,80
Pune,2023-03-21,30.92,56.93,23.07,13.32,0.273,55.3,38.9,60.1,14.8,98
Bangalore,2020-11-16,65.21,104.68,52.19,24.72,1.53,51.88,27.7,69.2,9.2,156
Faridabad,2024-05-08,121.23,211.31,83.7,36.42,2.909,39.39,33.4,34.7,6.5,181
Ahmedabad,2020-10-07,66.41,111.98,35.71,25.39,1.882,54.77,26.5,48.5,6.3,161
Kanpur,2024-09-27,54.4,67.07,21.86,12.7,1.422,55.13,28.4,81.1,11.1,145
Patna,2023-11-28,134.93,234.19,83.85,31.77,3.542,38.58,29.7,54.6,8.8,196
Faridabad,2022-02-02,181.77,279.92,105.24,37.86,4.274,25.65,11.0,83.3,4.8,226
Delhi,2021-02-11,168.67,247.3,94.07,32.88,3.14,47.7,17.0,65.0,7.6,215
Pune,2020-10-20,35.51,65.22,36.31,13.14,1.267,54.06,19.4,39.9,10.7,97
Pune,2023-03-08,24.86,61.3,24.15,2.0,1.221,62.16,30.8,50.8,13.2,78
Lucknow,2021-02-12,153.0,228.46,80.45,30.69,3.472,46.22,15.3,77.4,6.0,200
Kanpur,2021-01-07,160.91,256.91,82.72,41.31,3.519,55.33,7.2,74.6,5.7,214
Nagpur,2021-04-07,64.22,121.95,36.26,26.01,1.38,65.58,28.1,31.0,10.0,155
Agra,2021-12-19,128.76,205.73,70.18,31.09,3.112,43.03,13.5,66.9,6.1,187
Agra,2022-09-29,49.59,87.13,31.01,9.22,1.193,65.94,31.8,73.1,9.4,131
Chennai,2021-07-23,47.59,54.49,29.64,16.4,1.03,78.96,32.5,73.8,9.5,499
Faridabad,2024-08-27,50.25,106.91,21.93,7.04,1.053,49.8,34.0,79.1,14.1,137
Indore,2023-08-15,44.58,53.19,25.16,6.44,0.568,68.11,29.6,78.6,13.7,129
Bhopal,2023-02-04,100.82,174.19,59.82,29.42,2.298,65.07,10.5,60.3,3.7,169
Hyderabad,2022-10-16,31.24,90.36,44.63,14.68,1.166,63.06,31.4,40.8,11.8,90
Patna,2021-04-07,94.79,167.15,55.45,27.25,2.793,60.41,38.6,43.0,8.9,176
Meerut,2022-07-02,30.4,80.64,22.47,7.5,1.068,68.4,30.2,81.8,16.7,91
Chennai,2022-09-19,30.11,60.48,23.72,12.74,1.074,81.08,29.1,85.7,13.4,89
Ludhiana,2021-04-19,81.62,143.78,34.19,21.38,1.767,57.57,34.6,47.1,8.5,170
Ahmedabad,2022-02-19,106.01,217.1,61.35,35.97,2.672,54.59,3.1,67.6,7.0,174
Ahmedabad,2021-12-22,103.36,180.6,68.24,28.91,2.104,57.65,23.6,71.7,10.2,179
Chennai,2020-06-14,21.96,53.38,24.92,5.86,0.455,79.05,29.8,80.7,11.8,72
Kanpur,2022-02-25,196.18,316.7,101.1,53.73,4.18,41.57,9.8,81.7,3.4,240
Faridabad,2023-01-24,140.13,230.23,82.3,31.08,3.199,28.28,17.2,81.0,7.7,198
Lucknow,2020-06-10,60.52,89.9,27.48,7.01,1.058,45.37,25.5,79.8,10.9,148
Pune,2022-05-09,25.69,59.15,31.54,15.86,1.163,65.66,33.8,29.5,13.5,78
Bangalore,2021-08-05,21.05,31.96,14.8,7.01,0.423,67.83,35.2,68.1,14.0,71
Delhi,2020-04-03,102.31,173.37,67.15,23.47,2.393,49.35,32.5,35.7,8.0,175
Patna,2022-02-11,153.89,255.29,85.75,38.27,3.172,30.8,7.8,80.1,6.2,207
Hyderabad,2021-09-03,44.89,81.62,17.44,12.19,0.661,64.91,28.7,73.2,7.0,123
Bhopal,2022-12-10,94.22,149.81,54.65,25.79,2.424,39.61,12.1,99.6,7.7,168
Hyderabad,2024-05-01,41.99,102.78,40.78,22.88,1.684,47.82,43.2,31.9,7.5,113
Chennai,2021-05-03,40.99,87.08,33.83,16.97,0.983,50.97,24.0,53.2,13.6,119
Nashik,2020-03-01,44.1,87.85,36.59,19.2,1.292,65.04,43.7,37.6,9.8,115
Ludhiana,2024-07-28,49.82,91.73,33.66,12.08,0.664,49.9,33.1,75.3,7.7,137
Ludhiana,2020-08-04,46.0,104.11,28.56,17.07,0.841,50.93,28.0,76.7,13.1,131
Jaipur,2022-03-31,69.41,109.15,37.34,14.77,1.346,54.49,35.3,53.0,15.0,151
Agra,2024-10-11,85.29,159.59,46.62,18.59,2.126,68.37,17.8,73.5,4.5,165
Meerut,2024-02-18,155.52,242.99,83.07,38.05,3.14,48.8,8.6,67.6,5.7,206
Jaipur,2024-07-27,47.01,102.74,27.08,2.77,1.336,69.43,28.7,80.5,8.5,127
Indore,2024-03-13,49.28,109.46,35.45,9.19,1.614,51.45,41.1,52.8,11.9,138
Chennai,2024-04-19,40.84,112.72,38.68,15.64,1.689,59.12,32.1,47.6,8.8,107
Bhopal,2023-04-26,69.08,115.27,36.39,24.92,1.502,56.09,28.0,50.2,6.6,158
Ludhiana,2020-02-16,136.18,211.69,81.52,37.42,3.098,42.03,14.6,48.0,6.1,198
Mumbai,2023-01-06,95.24,168.05,75.24,35.66,2.714,66.9,18.9,77.0,5.0,160
Kanpur,2022-08-12,81.6,128.94,55.27,24.95,2.046,65.93,29.8,81.0,4.9,154
Meerut,2021-12-21,150.04,255.75,78.07,43.79,4.044,22.66,5.7,87.0,4.1,202
Nagpur,2024-11-21,110.39,200.05,73.37,34.02,2.862,48.79,25.8,38.7,4.2,184
Kolkata,2024-03-19,86.83,141.83,69.94,29.67,2.517,63.01,28.8,44.2,8.3,171
Mumbai,2023-07-22,47.48,76.26,35.25,13.2,1.092,82.48,32.9,79.7,11.6,135
Mumbai,2020-09-02,25.95,60.88,22.04,7.68,1.082,70.27,34.4,82.4,16.7,88
Meerut,2022-03-12,90.07,141.68,51.6,23.48,2.349,40.21,29.2,37.0,7.6,168
Delhi,2023-01-09,172.39,286.85,109.27,35.3,3.464,36.7,18.7,94.7,6.1,219
Nashik,2022-11-29,67.38,118.19,55.04,24.67,1.551,65.38,21.6,65.0,4.5,149
Jaipur,2020-10-26,55.93,127.31,31.38,18.01,1.806,46.5,30.7,53.2,11.1,155
Nashik,2020-07-13,14.93,60.3,9.05,11.03,0.838,80.15,29.5,82.4,15.7,53
Bangalore,2023-03-27,35.83,76.45,30.02,13.0,1.022,76.95,24.1,43.6,11.9,95
Patna,2020-01-11,121.4,204.06,68.06,31.47,3.022,44.31,8.2,63.6,8.4,185
Jaipur,2021-01-05,132.67,237.27,70.56,42.85,2.578,45.51,14.7,69.8,2.3,188
Kanpur,2022-06-28,42.58,40.63,27.85,8.32,1.237,57.36,29.9,84.3,17.4,118
Nashik,2022-07-17,36.74,66.27,23.58,2.6,1.129,81.68,31.9,76.0,11.9,103
Mumbai,2021-07-20,18.92,74.23,27.74,24.13,1.649,60.69,25.7,69.5,15.1,65
Ludhiana,2022-09-15,49.48,97.47,41.15,12.52,1.724,54.41,31.9,89.2,10.9,143
Faridabad,2022-05-09,94.16,167.54,73.08,31.87,2.817,23.95,37.4,48.5,10.5,162
Nagpur,2024-05-02,62.84,140.41,45.98,16.9,1.332,74.21,25.4,38.4,6.8,160
Mumbai,2020-04-26,62.11,75.0,44.23,16.03,1.729,53.5,28.3,47.6,12.1,157
Lucknow,2023-06-14,46.27,85.37,26.8,14.12,1.045,39.71,31.2,85.9,15.4,128
Hyderabad,2020-04-24,42.03,77.71,32.36,12.16,1.61,52.63,32.1,39.8,11.6,122
Pune,2020-06-08,16.02,37.75,13.06,2.0,0.504,73.73,28.0,87.0,25.4,58
Patna,2020-03-05,99.32,163.41,53.71,32.05,2.543,38.47,32.7,17.7,5.0,172
Mumbai,2020-05-18,58.05,96.57,58.05,22.54,1.767,41.35,38.3,31.5,11.6,148
Kolkata,2024-02-17,109.62,179.68,69.59,29.54,2.815,35.85,11.0,87.2,8.4,183
Kolkata,2024-12-19,120.8,199.83,73.61,37.45,2.796,41.8,12.0,51.8,8.3,189
Delhi,2024-11-29,105.4,187.35,72.5,26.09,2.438,51.32,20.5,56.3,12.5,175
Mumbai,2021-03-14,60.07,90.0,52.23,20.46,1.761,57.07,32.9,26.6,8.8,148
Mumbai,2024-07-12,47.26,45.29,20.12,13.12,1.161,59.3,27.6,60.4,13.1,129
Jaipur,2020-10-16,80.09,165.62,40.34,18.09,1.689,68.99,16.0,45.8,9.4,171
Chennai,2024-03-20,44.4,58.23,33.74,21.82,1.133,61.08,33.6,39.5,10.8,121
Ludhiana,2021-08-19,30.36,60.31,12.25,3.82,0.921,74.44,30.3,83.0,18.0,92
Chennai,2021-05-31,35.28,93.45,34.03,7.63,1.297,72.0,34.3,36.7,9.2,99
Faridabad,2020-07-05,34.37,68.85,23.96,5.58,1.038,41.08,30.0,70.4,18.2,90
Pune,2023-03-25,41.14,85.2,26.56,14.23,1.269,76.03,33.5,42.8,7.8,113
Faridabad,2021-10-13,102.42,147.36,60.05,32.27,1.878,38.96,23.5,77.4,10.0,170
Bhopal,2024-10-22,47.59,58.73,26.78,12.71,0.898,69.37,16.7,60.8,14.0,134
Hyderabad,2021-01-21,105.41,190.76,65.39,33.61,1.657,44.87,21.0,64.9,4.2,175
Agra,2020-10-04,101.81,150.28,61.67,23.07,2.61,46.8,30.7,55.1,4.8,175
Pune,2021-01-04,85.21,157.6,44.3,21.86,1.976,59.43,30.8,78.0,3.9,166
Chennai,2020-02-28,60.57,108.45,60.17,28.0,1.882,45.07,16.9,57.9,6.3,143
Mumbai,2020-01-05,120.25,170.57,85.49,37.32,2.958,54.44,15.9,79.2,1.7,187
Lucknow,2024-03-15,119.7,162.61,79.72,33.0,3.158,53.4,36.5,27.2,3.0,184
Kolkata,2021-02-07,160.73,276.77,101.65,42.54,4.089,47.8,11.4,84.0,1.8,215
Indore,2024-11-23,75.0,121.34,38.77,18.61,1.525,54.4,24.6,58.9,13.1,166
Kolkata,2024-11-04,97.69,142.96,61.13,31.73,2.44,51.84,27.1,48.7,9.7,179
Mumbai,2021-01-24,86.53,145.71,78.39,34.89,2.674,50.46,10.4,64.7,5.4,163
Ludhiana,2020-10-12,70.89,127.44,44.17,24.04,1.936,66.03,23.3,59.5,12.0,160
Nagpur,2023-10-03,50.46,112.43,30.92,9.56,1.329,47.83,24.1,69.0,11.7,141
Bangalore,2022-07-20,15.31,40.38,8.1,6.17,0.571,63.22,28.8,86.0,21.3,56
Hyderabad,2023-12-15,91.08,163.47,56.91,28.49,2.601,43.95,21.5,71.7,7.3,173
Meerut,2023-06-10,32.86,46.25,7.44,15.02,0.38,55.45,30.2,70.4,19.0,99
Delhi,2020-05-15,71.94,142.02,53.27,22.34,2.431,44.96,27.1,47.9,13.5,156
Indore,2024-09-08,29.16,32.16,8.56,8.61,1.176,76.1,23.2,79.6,16.1,86
Nagpur,2020-08-08,49.32,82.82,30.6,16.05,1.177,61.13,26.7,77.7,7.4,136
Bhopal,2024-05-28,63.06,114.48,31.49,23.12,1.491,66.86,28.2,47.5,10.4,154
Chennai,2023-06-28,31.6,54.95,27.77,4.67,0.547,78.86,30.3,74.6,15.1,493
Indore,2020-08-07,25.55,36.88,16.36,9.66,0.526,66.14,30.7,98.0,15.9,88
Hyderabad,2022-07-21,29.79,75.29,19.11,9.84,1.22,64.04,32.5,79.9,12.7,80
Patna,2021-08-10,42.95,91.4,24.85,13.63,1.612,55.73,30.6,79.7,15.6,120
Kanpur,2020-11-18,135.86,238.32,82.66,52.7,3.511,45.04,26.7,49.7,8.5,199
Patna,2021-10-30,74.43,90.57,37.32,21.93,1.28,60.71,23.9,54.9,13.5,161
Delhi,2020-10-10,93.76,134.44,53.32,13.84,2.464,52.48,18.9,52.3,13.5,171
Mumbai,2022-04-04,33.52,110.02,49.58,14.68,1.064,62.46,29.0,43.6,10.9,96
Agra,2022-04-05,74.52,126.98,51.49,23.81,2.242,53.21,29.7,34.9,8.0,162
Delhi,2023-10-07,91.07,144.49,53.0,17.48,1.87,56.21,31.3,55.0,8.5,166
Indore,2020-08-28,24.31,39.57,12.88,9.54,0.384,65.58,28.5,72.9,15.1,81
Nagpur,2024-07-05,41.42,26.84,14.66,11.86,0.655,65.87,24.5,82.9,16.3,119
Bangalore,2023-10-08,59.07,72.07,42.28,20.03,1.69,71.13,20.0,36.9,2.5,153
Nagpur,2022-03-17,49.51,98.76,36.42,21.76,2.156,69.74,28.0,42.1,11.9,142
Faridabad,2020-09-01,34.72,98.2,31.56,6.51,1.146,30.31,36.5,88.4,18.0,102
Bangalore,2022-06-03,30.25,72.61,25.25,11.29,0.877,91.39,31.0,93.4,8.8,84
Jaipur,2024-08-04,37.97,48.26,7.55,8.88,0.36,53.89,29.7,84.1,14.7,111
Kanpur,2023-04-04,72.62,138.38,57.35,19.41,2.088,33.72,34.8,38.8,9.8,158
Patna,2023-10-18,88.84,136.72,48.86,27.1,1.642,53.8,33.1,76.1,7.7,168
Indore,2024-06-01,55.61,115.34,33.81,19.58,1.78,68.16,33.9,58.0,4.3,151
Bangalore,2023-07-05,41.33,63.83,38.32,16.63,1.202,79.02,27.8,75.1,2.8,115
Agra,2023-11-23,96.41,178.24,78.18,31.07,2.357,37.99,23.8,31.9,11.0,171
Nashik,2020-09-09,41.43,73.4,29.15,5.35,1.823,72.04,29.0,83.1,3.3,110
Kolkata,2022-06-08,39.59,60.52,19.81,10.62,1.266,52.16,32.1,88.6,16.9,109
Meerut,2023-03-29,53.63,107.2,43.27,24.5,1.361,56.03,34.1,31.4,12.8,151
Hyderabad,2024-06-01,35.2,32.24,11.43,11.11,0.426,75.61,32.8,74.3,17.8,97
Mumbai,2023-01-15,81.58,138.15,69.15,33.46,2.781,52.22,16.9,63.6,8.1,169
Indore,2020-11-02,96.55,159.16,63.15,27.36,3.152,49.05,13.5,51.7,6.5,173
Chennai,2023-10-19,38.44,83.61,38.67,8.55,1.202,67.02,22.8,48.7,9.7,109
Lucknow,2023-05-18,58.98,128.06,40.17,22.73,1.452,37.81,39.1,28.7,11.8,152
Meerut,2022-02-07,164.39,245.93,74.08,41.36,3.439,40.49,18.2,75.1,4.4,215
Meerut,2023-04-15,72.97,167.99,51.34,21.68,2.141,32.78,23.3,43.3,9.8,165
Kanpur,2022-10-19,108.58,188.8,63.17,34.47,2.784,42.56,36.6,56.3,7.9,178
Agra,2020-07-09,58.15,86.9,29.75,9.94,2.123,46.18,34.2,81.9,14.5,155
Kolkata,2024-08-03,35.54,32.24,23.3,12.47,0.721,61.74,28.8,76.0,20.1,89
Chennai,2021-07-26,21.52,27.11,13.59,2.0,0.53,71.17,35.6,82.2,19.1,71
Ahmedabad,2020-05-20,73.2,154.5,62.93,29.39,1.874,43.61,29.3,49.4,3.3,500
Meerut,2022-01-04,145.84,250.3,73.87,44.97,3.716,37.32,26.4,77.8,6.8,205
Nagpur,2023-06-14,23.47,55.09,16.13,2.67,0.859,66.6,29.8,74.3,15.5,80
Delhi,2022-11-25,164.3,266.67,91.19,39.45,3.691,16.68,20.9,63.3,9.0,219
Patna,2021-09-04,81.7,111.87,33.51,17.31,2.322,43.67,30.0,77.1,8.8,168
Kolkata,2022-08-30,44.77,77.93,16.15,14.38,0.842,57.89,27.7,80.0,17.4,130
Mumbai,2021-06-20,46.86,94.05,28.62,6.92,0.961,75.04,31.0,81.1,9.5,126
Mumbai,2022-11-01,92.7,166.65,75.54,30.0,2.741,37.93,28.7,46.0,4.3,160
Nashik,2022-11-03,56.05,125.33,37.64,20.11,1.634,60.84,17.9,77.5,12.2,149
Meerut,2023-03-04,95.63,134.47,48.01,20.2,2.047,50.03,26.2,47.5,7.6,169
Ludhiana,2021-11-10,77.24,146.29,66.55,31.57,2.824,52.05,20.6,46.9,7.7,164
Pune,2021-06-07,32.43,40.37,20.45,8.09,0.527,63.85,24.7,78.2,13.3,98
Mumbai,2023-01-12,93.46,132.69,62.82,28.17,2.172,62.12,20.3,74.3,7.1,172
Kolkata,2024-05-16,95.96,155.66,69.95,18.28,2.09,60.41,27.0,40.9,8.4,165
Bangalore,2020-09-16,15.88,57.15,21.54,7.07,0.407,81.36,27.5,69.5,13.4,62
Ludhiana,2024-08-29,46.16,59.83,17.41,15.63,1.572,59.47,29.7,89.2,13.6,127
Bhopal,2022-04-03,70.42,88.39,42.08,22.34,1.858,60.03,34.6,21.6,8.8,161
Delhi,2020-11-26,129.21,202.91,82.24,22.06,3.341,45.67,21.7,48.7,7.9,189
Ahmedabad,2021-03-20,73.95,110.29,47.08,19.41,1.805,55.07,30.2,32.3,9.0,157
Meerut,2020-12-26,167.4,265.29,91.76,48.09,4.372,43.51,15.2,72.5,2.4,217
Patna,2022-09-16,32.16,68.89,21.87,7.12,0.8,39.15,33.4,69.2,16.4,97
Patna,2024-05-14,93.06,144.08,65.56,23.51,3.004,56.1,32.7,26.6,5.8,178
Meerut,2024-08-09,71.41,118.7,28.99,17.88,1.828,50.39,32.9,83.5,8.6,159
Bangalore,2022-03-31,46.33,88.5,33.63,13.25,1.203,59.35,34.6,54.2,9.5,127
Kanpur,2020-05-29,66.28,129.63,42.89,22.53,1.356,55.91,24.6,39.9,12.6,156
Patna,2022-01-09,136.39,214.14,77.83,32.28,3.201,43.39,9.9,40.9,5.4,197
Bangalore,2024-04-09,43.81,43.07,30.71,11.11,0.657,83.83,32.8,40.7,8.4,115
Agra,2021-05-27,99.05,121.6,39.07,28.41,1.698,53.77,36.7,47.6,9.5,166
Indore,2020-06-16,25.89,79.72,22.48,18.3,0.747,73.01,26.3,90.8,14.7,73
Lucknow,2023-05-23,68.05,132.2,51.7,19.52,2.436,43.55,29.2,37.1,8.2,154
Ahmedabad,2020-02-22,91.13,203.56,50.19,32.31,3.121,49.52,18.2,85.6,8.8,161
Pune,2020-01-13,85.0,190.83,56.58,26.6,1.981,48.93,14.4,80.3,4.6,164
Meerut,2021-10-15,75.21,145.24,51.33,27.09,1.675,48.72,30.8,57.9,7.4,163
Agra,2022-02-25,155.04,238.78,94.58,31.67,3.711,39.17,16.3,68.1,4.5,205
Pune,2020-11-12,75.0,105.26,56.09,22.91,1.822,63.95,20.0,48.1,8.3,161
Mumbai,2021-07-11,49.94,86.48,29.23,8.98,1.029,65.74,30.2,81.5,8.5,136
Delhi,2024-04-12,128.59,190.56,79.77,31.79,3.196,53.18,29.3,22.9,6.7,196
Patna,2023-02-05,122.8,210.49,68.25,34.06,3.04,51.53,14.1,82.2,6.7,183
Hyderabad,2021-12-08,100.74,217.13,74.97,27.12,2.232,48.81,9.3,72.0,2.7,178
Delhi,2020-04-06,76.8,157.66,46.04,22.77,2.654,38.91,37.7,47.5,12.4,160
Ahmedabad,2020-05-10,74.77,165.37,50.86,32.96,2.0,48.64,30.2,43.1,10.6,159
Patna,2022-08-31,77.39,133.12,31.49,12.69,1.581,45.85,27.3,81.7,8.4,167
Ludhiana,2023-10-10,70.24,119.99,36.79,24.07,1.924,63.27,30.2,50.7,10.1,154
Nashik,2023-08-13,17.45,32.07,14.5,7.58,0.626,77.07,32.1,63.2,14.7,62
Indore,2020-01-24,96.69,163.93,65.02,31.12,2.307,55.97,22.7,70.6,6.4,177
Nagpur,2022-07-11,25.66,47.9,23.3,12.43,1.519,67.01,31.6,83.0,11.2,83
Indore,2022-05-05,62.8,104.38,29.04,19.57,1.828,60.18,28.0,57.0,10.7,157
Meerut,2021-10-22,83.83,122.02,42.21,27.26,2.095,47.86,25.5,40.7,6.6,177
Lucknow,2021-07-12,29.38,30.08,8.61,6.3,0.665,55.96,25.2,95.6,21.8,81
Kanpur,2021-05-28,84.22,104.79,37.11,24.18,1.852,70.43,26.3,44.2,11.7,168
Nagpur,2023-03-13,61.68,108.67,39.07,20.41,1.314,45.8,37.0,34.7,7.2,164
Delhi,2022-01-28,159.3,290.17,92.92,35.78,3.735,50.91,20.2,75.9,6.4,215
Patna,2020-10-31,73.33,115.81,39.76,28.05,1.666,46.3,19.6,40.1,11.8,161
Hyderabad,2024-03-29,38.62,111.98,34.4,19.44,1.557,73.58,24.7,41.2,10.0,103
Delhi,2023-08-01,68.67,118.9,43.49,12.44,1.66,49.12,32.9,92.9,9.1,158
Delhi,2022-02-20,141.03,234.74,94.59,29.42,3.194,45.63,16.1,86.7,8.3,191
Agra,2024-02-29,144.43,249.03,82.15,27.41,3.503,44.43,9.4,90.2,4.7,199
Patna,2021-05-07,88.28,156.42,57.85,25.25,2.844,46.62,15.9,35.7,6.0,177
Meerut,2024-11-04,78.82,137.48,50.31,21.6,2.257,40.45,24.5,47.1,15.6,165
Nashik,2020-09-27,31.47,40.73,26.23,7.79,1.191,74.26,33.8,84.5,11.5,101
Agra,2021-07-02,52.67,91.7,27.05,11.41,0.704,50.71,30.0,94.5,14.9,142
Ludhiana,2022-05-16,70.35,89.72,48.07,13.58,1.337,58.92,32.0,37.5,14.0,155
Agra,2022-09-19,31.45,53.72,6.19,10.62,0.89,43.0,32.1,67.1,19.4,95
Faridabad,2022-04-25,110.02,196.63,80.17,41.23,2.354,38.57,32.1,26.9,5.7,181
Delhi,2021-03-23,48.19,113.52,21.67,5.8,1.007,37.57,31.4,41.6,17.7,133
Bangalore,2024-09-01,9.47,27.97,17.61,2.0,0.509,78.68,28.3,76.7,19.5,43
Faridabad,2022-07-14,40.12,69.28,13.58,4.1,1.134,53.54,25.4,76.3,17.8,111
Bangalore,2020-10-18,42.89,58.85,41.57,6.84,1.404,71.06,28.0,55.4,10.0,118
Agra,2023-12-12,145.84,223.49,90.97,35.93,3.836,40.2,7.3,72.2,3.0,189
Nagpur,2020-04-09,75.42,114.84,46.18,16.61,1.384,56.81,34.9,23.5,9.8,158
Jaipur,2022-06-28,38.49,83.53,21.78,16.74,0.747,57.07,28.5,69.8,17.5,111
Ahmedabad,2020-07-06,40.69,65.34,32.2,12.84,0.89,59.47,32.4,72.0,15.0,107
Patna,2020-06-01,79.28,118.43,33.73,15.29,1.583,49.81,27.2,87.2,6.5,161
Delhi,2023-03-28,126.11,183.03,89.05,28.86,3.064,46.23,34.0,39.8,7.3,186
Jaipur,2024-12-11,88.45,196.17,63.02,27.15,1.756,49.33,16.3,57.4,9.2,167
Mumbai,2024-09-08,33.16,34.36,20.63,7.41,0.351,56.09,28.2,67.5,17.3,90
Agra,2024-09-30,57.27,115.62,29.48,14.99,1.224,49.58,35.6,81.4,13.8,150
Nashik,2020-11-18,86.77,166.78,60.5,25.28,1.985,53.15,25.1,48.3,2.8,167
Patna,2021-07-02,53.7,96.07,42.92,17.5,1.626,50.68,27.9,70.1,12.5,159
Agra,2022-09-26,46.4,74.35,26.17,15.06,0.513,58.07,30.3,79.7,14.7,123
Patna,2021-03-08,63.87,95.13,43.54,26.17,2.136,51.66,26.9,34.0,12.7,159
Bhopal,2021-05-12,51.95,101.09,32.54,9.24,1.847,71.99,26.0,39.8,8.0,142
Pune,2020-04-17,48.59,89.96,36.83,22.47,1.447,75.53,36.6,43.2,10.0,129
Patna,2020-07-19,51.56,110.52,21.73,9.8,1.337,50.39,31.6,98.6,13.4,141
Meerut,2021-01-18,102.39,169.27,54.48,27.72,2.732,46.48,10.0,65.6,9.7,182
Chennai,2020-01-13,72.77,112.1,56.51,20.76,1.83,74.61,23.2,70.7,7.7,162
Patna,2022-03-08,57.58,102.2,33.89,14.85,1.258,50.95,26.7,33.4,14.7,146
Pune,2020-08-15,43.41,102.23,28.35,14.98,1.465,64.76,31.9,80.2,8.8,111
Nashik,2020-05-20,42.68,100.87,28.71,16.74,1.521,56.93,31.0,46.3,10.9,121
Bhopal,2022-10-12,53.37,126.32,32.76,15.86,0.847,83.37,20.7,51.3,8.1,139
Nashik,2021-11-17,54.25,100.21,48.17,23.27,1.963,60.66,15.6,55.6,8.5,147
Mumbai,2023-02-03,89.59,145.45,74.36,22.32,2.446,53.05,11.7,78.4,8.9,172
Chennai,2020-02-25,94.17,192.96,66.75,28.35,2.955,43.75,13.9,69.0,0.5,176
Kanpur,2024-02-12,167.29,271.93,94.64,52.33,4.303,32.64,25.1,49.8,5.1,219
Kanpur,2023-05-24,93.88,167.12,55.69,27.35,2.555,52.65,30.8,54.4,9.1,172
Ludhiana,2024-07-21,53.19,85.84,25.77,17.89,0.948,54.78,32.2,74.6,6.5,145
Delhi,2022-01-10,169.53,270.43,91.63,41.23,3.494,28.67,12.2,74.2,5.9,218
Hyderabad,2021-10-24,42.32,91.04,34.87,16.34,1.038,60.57,26.9,61.8,12.5,116
Nashik,2024-01-16,74.38,138.18,53.1,21.96,2.037,51.39,18.9,83.5,7.9,161
Nagpur,2021-01-28,128.7,246.64,93.4,40.01,3.718,47.46,13.9,54.6,0.5,188
Nagpur,2022-03-31,54.04,77.99,40.64,22.14,1.394,62.95,37.9,36.7,11.3,143
Delhi,2023-10-31,84.52,137.89,65.49,20.93,1.92,51.84,20.9,55.2,11.9,164
Agra,2020-02-03,169.99,273.55,98.68,47.26,3.865,44.94,22.0,77.2,3.7,225
Kanpur,2024-06-06,56.88,106.05,41.03,19.61,1.34,50.37,24.1,78.1,10.3,156
Patna,2021-07-13,56.83,55.39,27.03,6.36,0.615,55.54,28.2,96.2,17.2,155
Jaipur,2021-04-24,46.74,127.57,24.27,7.75,1.258,65.71,39.9,57.0,14.1,132
Hyderabad,2021-07-19,24.94,90.0,23.18,17.49,1.281,67.07,26.4,78.0,11.3,81
Delhi,2023-02-04,207.56,350.49,130.07,50.63,4.496,35.97,19.6,67.7,3.0,260
Delhi,2020-07-28,82.53,142.3,41.75,15.01,1.706,50.89,24.6,70.2,11.3,169
Agra,2023-01-15,176.0,313.29,105.1,47.43,4.613,47.91,20.9,80.2,1.8,218
Agra,2020-04-16,69.73,118.78,41.3,22.16,2.083,51.35,30.6,52.6,11.6,148
Bhopal,2022-04-26,34.52,84.2,22.41,9.6,0.849,57.62,32.9,50.0,15.4,94
Kolkata,2024-01-14,137.46,244.13,77.59,34.32,2.884,35.89,12.8,84.3,5.6,193
Nagpur,2022-07-25,30.54,55.67,19.2,7.82,0.695,51.72,34.4,94.3,18.1,90
Ludhiana,2020-08-27,46.97,52.86,16.57,7.24,1.143,49.23,22.0,75.3,14.9,136
Hyderabad,2022-09-26,37.76,76.14,26.66,13.07,0.6,60.35,32.5,70.1,10.5,97
Pune,2021-12-21,67.28,142.83,37.86,18.49,1.714,36.18,19.4,68.3,8.2,152
Faridabad,2024-08-18,50.33,79.41,35.37,18.44,1.556,40.91,30.6,90.5,12.1,131
Delhi,2022-09-27,65.24,101.25,29.66,23.77,1.189,49.04,31.6,88.6,12.5,155
Ahmedabad,2022-01-12,127.47,245.36,80.83,34.55,3.412,46.05,5.3,63.7,6.7,185
Patna,2022-06-01,55.57,76.47,37.32,13.3,1.455,51.67,31.5,68.2,11.9,151
Faridabad,2020-01-17,181.31,288.49,114.9,51.77,3.959,33.99,32.4,74.8,4.4,226
Kolkata,2024-03-14,78.07,134.31,48.15,28.52,1.26,58.47,37.5,36.2,9.8,159
Ludhiana,2024-07-17,39.46,77.98,27.2,14.33,0.48,51.36,30.7,75.9,13.7,118
Indore,2020-07-24,37.35,41.14,9.86,5.27,0.455,66.25,31.8,72.9,14.9,98
Nagpur,2024-04-13,33.12,78.44,37.61,15.11,1.41,55.53,40.5,32.2,14.0,90
Nashik,2022-01-23,68.59,173.79,60.93,27.08,2.123,51.72,22.7,66.3,2.3,154
Ahmedabad,2024-03-13,63.42,126.18,30.15,18.49,1.524,57.2,32.0,32.5,9.9,155
Nagpur,2023-12-05,119.78,222.07,69.43,32.99,3.54,56.24,-0.3,63.7,2.1,182
Mumbai,2023-12-20,81.84,163.18,71.18,23.16,2.501,60.42,21.1,65.2,7.2,165
Nagpur,2022-08-14,78.03,110.59,41.95,9.87,1.979,60.94,30.9,82.0,6.1,152
Jaipur,2020-11-13,117.09,208.54,71.2,28.38,2.996,40.69,20.2,55.4,7.2,184
Pune,2020-06-14,36.0,43.79,28.11,10.93,0.706,65.6,31.6,69.7,9.2,102
Lucknow,2021-05-08,54.52,93.75,30.77,16.93,0.79,54.2,23.3,28.0,17.2,144
Kolkata,2022-05-11,78.21,133.11,44.55,25.08,1.019,47.48,25.7,55.4,9.7,159
Delhi,2023-07-09,48.57,79.71,18.27,8.89,1.112,55.1,26.6,80.9,13.9,128
Kolkata,2024-09-16,68.32,101.19,38.52,22.17,1.147,50.9,34.0,65.9,10.2,154
Agra,2024-12-07,171.59,294.76,89.22,43.08,3.518,55.64,21.6,87.6,3.7,219
Bhopal,2022-03-23,53.87,97.36,44.42,8.79,1.567,75.56,35.1,23.3,6.0,147
Jaipur,2021-09-24,19.54,92.28,15.96,6.68,1.16,41.86,30.2,73.2,18.6,68
Agra,2020-11-21,156.44,245.68,80.26,38.55,4.091,33.92,23.2,49.0,5.4,203
Patna,2023-10-24,104.39,160.56,36.23,25.97,2.42,52.15,17.6,69.8,9.8,177
Ahmedabad,2022-07-07,41.46,101.53,32.59,9.24,1.435,61.7,27.5,87.8,6.6,118
Kolkata,2021-11-11,119.0,219.31,81.51,33.89,3.21,39.39,26.5,52.7,5.6,191
Hyderabad,2023-01-13,98.98,187.14,68.69,31.93,2.498,53.07,18.3,69.7,5.1,173
Indore,2020-11-23,94.43,191.38,55.91,24.91,2.769,42.33,24.4,54.2,8.6,172
Indore,2024-06-07,35.37,90.1,19.46,11.51,0.622,74.85,29.4,79.3,10.1,97
Ahmedabad,2024-02-28,112.54,252.23,69.46,44.54,3.365,46.62,13.9,74.5,4.9,180
Indore,2021-11-02,89.26,153.84,52.16,23.0,1.695,32.08,23.4,71.0,8.8,167
Nashik,2022-11-13,44.68,142.01,46.36,23.92,1.678,50.32,23.4,31.5,8.1,128
Nagpur,2024-07-03,41.85,54.83,14.6,6.02,1.091,67.48,28.3,84.0,16.7,496
Delhi,2020-10-19,124.1,206.53,74.55,36.83,2.702,42.99,23.4,54.2,5.7,184
Hyderabad,2022-08-19,31.83,61.13,27.83,7.3,0.569,73.98,27.3,78.8,13.4,90
Jaipur,2021-12-04,141.05,269.19,72.18,36.75,3.124,32.12,4.8,35.4,3.8,191
Jaipur,2023-07-20,10.28,39.18,9.11,7.09,0.586,62.28,27.8,83.2,22.2,43
Indore,2024-04-09,57.07,70.64,28.88,12.26,0.791,63.97,34.8,45.5,13.7,155
Nagpur,2022-10-21,65.98,137.29,52.49,27.04,1.545,63.13,28.6,56.9,4.7,156
Delhi,2021-06-23,55.64,85.79,29.68,5.76,0.957,43.81,27.4,86.3,12.8,154
Ludhiana,2023-04-27,67.4,122.65,48.58,14.14,1.235,64.89,34.5,30.4,16.6,157
Meerut,2024-05-13,79.07,122.0,44.29,15.99,1.503,39.08,40.3,52.4,11.9,153
Kanpur,2023-02-08,182.09,303.56,107.8,50.42,5.193,37.03,12.1,71.1,2.9,224
Indore,2023-08-25,43.0,92.53,22.66,6.58,0.869,60.0,33.2,77.3,10.6,122
Jaipur,2021-09-26,18.99,24.31,14.13,7.72,1.059,72.36,32.7,63.7,24.1,59
Mumbai,2023-09-17,29.6,49.85,24.02,6.39,0.833,62.25,34.0,73.0,16.5,89
Agra,2021-03-05,66.65,163.51,52.18,21.48,1.987,50.12,27.2,34.0,12.1,155
Jaipur,2021-01-20,99.37,165.32,45.3,25.82,1.7,30.4,18.4,53.0,10.4,172
Kanpur,2020-11-09,140.03,208.49,80.98,45.23,3.219,30.87,17.1,42.0,6.3,194
Bhopal,2021-04-06,64.02,121.8,34.86,16.69,1.767,58.54,27.8,44.6,9.7,158
Hyderabad,2021-04-05,42.47,91.67,59.2,23.71,1.722,56.26,35.8,39.6,6.0,117
Pune,2020-07-16,32.11,56.5,16.98,11.04,0.258,71.92,29.0,69.5,13.7,94
Meerut,2021-04-21,71.74,87.58,32.78,15.4,1.708,38.61,26.5,23.8,13.8,161
Bhopal,2023-10-06,70.84,138.18,32.41,19.56,1.494,70.16,17.7,53.7,4.6,166
Hyderabad,2021-04-23,46.82,86.37,55.41,24.21,1.418,50.26,22.5,53.5,7.6,129
Delhi,2024-10-28,101.86,181.84,69.75,34.59,2.609,57.83,18.6,48.1,5.2,179
Kanpur,2021-12-09,135.58,235.8,68.22,48.56,3.435,48.79,23.9,52.1,5.6,192
Kolkata,2020-08-09,34.83,45.1,25.59,10.52,1.095,58.63,33.9,51.7,15.8,94
Kanpur,2021-06-20,38.44,93.34,28.47,14.67,0.891,54.88,24.9,80.2,15.1,112
Bhopal,2020-10-08,63.13,84.91,35.85,16.53,1.454,62.54,24.4,56.2,9.8,158
Indore,2023-09-29,27.44,38.36,17.83,2.0,0.553,69.43,30.2,71.6,13.0,85
Nagpur,2020-07-17,35.88,60.16,22.43,5.74,1.358,45.76,33.5,74.9,16.8,98
Kolkata,2024-10-24,106.37,153.84,70.92,25.07,2.699,50.37,14.9,45.5,0.5,184
Faridabad,2024-02-23,144.93,228.81,83.84,37.73,3.843,35.05,15.5,78.5,7.3,198
Meerut,2023-08-22,25.63,40.1,12.32,9.17,0.272,51.88,26.6,70.8,21.3,72
Jaipur,2022-03-13,77.05,108.43,31.07,17.28,1.661,47.43,29.1,65.5,15.0,171
Kanpur,2023-07-08,47.3,69.25,20.48,15.66,1.031,33.55,28.9,72.7,16.9,124
Indore,2024-08-17,27.63,42.65,9.84,8.97,0.397,74.48,32.9,69.9,17.1,90
Nagpur,2020-04-13,75.54,143.08,52.99,17.44,1.677,56.26,21.8,59.8,9.2,160
Kolkata,2021-12-25,126.44,191.99,82.65,26.7,3.187,46.45,8.2,57.6,7.5,184
Hyderabad,2021-04-20,67.94,130.91,51.93,20.86,2.439,44.52,32.6,56.4,6.9,164
Hyderabad,2022-09-29,27.63,13.5,18.37,2.0,0.899,61.84,29.3,79.4,14.1,74
Faridabad,2024-01-02,165.59,263.96,103.56,43.7,3.335,13.55,10.0,71.5,6.3,216
Faridabad,2020-06-02,63.99,106.97,34.4,19.06,1.411,54.13,36.1,72.8,11.2,152
Ludhiana,2023-11-24,86.27,125.72,45.01,29.44,2.325,30.13,25.6,57.5,15.0,159
Pune,2022-09-14,43.27,67.08,34.63,2.67,0.887,69.3,28.8,75.3,10.1,120
Nagpur,2024-08-17,27.26,54.47,8.9,5.29,0.914,68.42,27.0,91.2,19.9,500
Meerut,2023-07-26,46.84,76.56,18.27,15.89,1.626,61.16,27.3,88.5,8.1,122
Bhopal,2021-02-20,74.22,161.75,55.12,24.01,2.114,46.61,8.7,68.2,6.4,167
Chennai,2023-03-01,48.36,78.67,42.65,19.65,1.852,58.94,26.1,15.1,9.9,133
Faridabad,2021-11-17,140.98,255.33,69.86,35.24,2.695,47.65,27.4,64.7,9.4,196
Hyderabad,2020-09-15,29.0,57.06,16.91,4.13,0.2,63.0,30.1,71.5,13.8,85
Chennai,2023-10-03,41.55,40.16,26.88,13.89,1.134,62.67,23.6,60.5,13.5,130
Meerut,2023-01-23,160.15,271.27,96.21,40.89,3.921,27.48,5.9,69.8,3.3,203
Lucknow,2021-03-17,71.2,92.08,42.55,15.9,1.629,40.52,30.2,43.6,10.2,163
Ahmedabad,2021-01-24,148.67,254.27,81.44,44.52,4.331,32.98,15.0,69.7,4.7,496
Faridabad,2020-07-07,58.83,120.9,34.1,23.48,1.579,43.41,24.5,85.1,10.6,149
Indore,2023-10-25,42.22,104.13,41.17,16.3,1.589,56.87,22.7,45.8,7.7,109
Nashik,2023-11-22,54.15,143.87,48.45,21.58,1.656,62.26,20.0,53.7,7.5,149
Kolkata,2024-04-22,84.46,155.99,60.24,28.9,1.884,55.74,28.4,47.0,7.3,163
Faridabad,2023-11-28,153.94,244.42,87.75,37.33,3.337,20.24,23.9,66.7,7.1,204
Indore,2021-06-10,19.38,35.71,5.0,9.44,0.2,66.63,28.8,76.0,21.6,63
Kolkata,2024-12-15,138.27,173.69,73.33,29.5,2.988,33.97,13.4,77.0,6.7,195
Patna,2021-09-23,75.76,105.67,34.65,14.66,1.206,42.86,34.6,58.5,8.9,162
Pune,2023-09-09,24.21,57.82,29.31,16.08,0.659,74.58,35.5,72.7,11.9,76
Nashik,2023-01-23,63.64,135.26,38.16,25.28,1.973,46.39,10.8,59.1,6.6,152
Nagpur,2022-06-22,29.11,69.48,18.41,16.85,0.8,68.08,26.5,77.0,14.4,86
Ludhiana,2024-11-01,89.1,156.74,51.79,24.91,1.883,19.82,18.9,62.4,11.1,168
Kolkata,2020-05-22,82.05,121.87,52.17,22.76,2.292,54.15,34.0,37.2,10.3,166
Delhi,2021-07-23,40.78,82.41,25.45,10.54,1.403,51.7,29.5,81.2,18.8,114
Meerut,2024-07-09,36.83,56.35,33.58,5.43,0.628,58.42,28.3,94.0,19.8,100
Hyderabad,2021-05-05,55.2,94.28,41.63,13.54,0.579,60.84,38.7,46.3,12.8,151
Faridabad,2022-01-24,113.77,205.08,69.17,27.1,2.938,23.95,8.3,76.2,10.6,174
Chennai,2023-05-20,36.49,80.78,41.82,13.72,1.132,46.55,26.1,36.9,11.9,102
Bhopal,2024-02-14,73.71,137.81,51.72,21.27,2.163,45.57,7.3,69.2,8.5,162
Patna,2023-09-12,75.7,79.55,40.1,18.03,1.099,43.53,26.6,68.7,11.0,158
Meerut,2021-01-20,119.03,213.53,82.66,33.86,3.116,53.84,19.8,60.5,8.0,188
Indore,2023-01-17,84.48,234.47,48.04,25.17,1.508,63.98,7.6,80.5,4.9,165
Jaipur,2023-12-01,134.44,255.58,64.24,32.26,2.922,54.39,9.5,69.0,4.7,189
Agra,2024-09-23,70.57,96.78,26.23,17.8,1.101,57.09,26.3,84.5,13.3,158
Chennai,2020-06-24,18.21,63.1,27.45,3.54,0.467,58.23,32.3,71.0,14.2,64
Mumbai,2021-05-19,76.97,118.11,56.53,19.22,1.714,73.01,38.3,51.5,7.1,162
Jaipur,2021-02-08,119.26,277.98,67.74,35.2,3.402,48.45,18.8,61.2,5.1,179
Jaipur,2020-03-18,74.52,126.84,42.02,21.87,1.88,62.98,30.7,25.1,7.0,156
Chennai,2023-12-17,89.0,158.79,62.54,24.74,2.073,44.73,15.7,73.8,5.8,168
Chennai,2021-07-19,15.53,51.0,13.99,12.87,0.448,60.88,28.3,92.8,16.9,58
Faridabad,2020-06-08,77.72,76.11,35.9,9.19,1.34,38.25,28.0,79.2,13.0,167
Chennai,2023-04-11,47.42,103.22,45.0,15.06,1.296,68.98,32.2,34.8,7.5,127
Kanpur,2020-06-10,47.5,72.86,24.32,9.85,1.116,38.91,26.6,83.8,15.8,136
Delhi,2023-10-04,97.21,157.52,66.23,21.99,2.368,31.51,23.9,46.2,8.5,174
Delhi,2023-06-01,62.58,138.32,45.25,20.47,2.159,59.4,28.8,74.8,8.5,153
Ahmedabad,2020-07-03,25.07,75.19,17.54,7.58,0.684,45.22,34.4,66.1,17.4,78
Mumbai,2023-11-27,94.92,143.88,65.87,24.99,2.368,36.52,32.3,58.1,10.8,171
Kanpur,2020-10-15,82.7,142.7,46.61,19.02,2.001,42.17,28.1,57.8,9.6,155
Agra,2023-01-05,167.15,265.53,91.18,38.8,4.232,37.97,15.8,64.1,3.4,210
Meerut,2020-07-24,35.88,56.84,26.14,6.8,0.949,70.99,34.0,100.0,18.2,102
Hyderabad,2021-05-15,68.04,142.84,45.22,25.26,2.12,63.87,43.7,41.4,6.9,157
Indore,2022-12-17,117.25,189.97,66.19,34.73,1.73,51.06,20.5,81.7,6.7,186
Bangalore,2022-02-18,41.7,119.28,39.68,18.26,1.516,66.31,19.7,76.2,9.1,117
Faridabad,2020-09-20,61.66,97.89,35.19,8.45,1.614,55.7,32.7,93.0,10.6,145
Agra,2021-12-14,117.35,182.75,66.77,33.77,2.586,44.68,13.8,62.3,8.5,182
Bhopal,2024-11-04,49.1,111.11,37.33,16.49,1.669,50.23,18.4,49.9,11.7,131
Hyderabad,2020-11-07,66.79,136.7,59.98,21.01,1.582,37.47,26.0,54.3,10.3,152
Agra,2023-10-16,98.06,158.97,50.3,29.17,2.24,42.99,23.1,57.9,5.8,174
Faridabad,2022-08-08,59.64,81.88,35.17,8.79,1.749,55.6,30.4,96.0,8.8,153
Patna,2023-05-24,78.98,125.0,60.12,20.65,1.919,52.26,33.3,46.7,12.2,163
Faridabad,2020-03-13,105.18,157.03,64.78,24.56,2.96,40.31,31.1,32.1,7.0,168
Agra,2023-07-25,45.11,65.49,27.96,10.93,1.141,42.61,30.5,65.8,14.1,125
Bhopal,2021-03-03,69.38,134.98,36.17,22.3,1.64,78.04,26.4,51.6,3.6,151
Bhopal,2021-04-30,46.53,66.28,35.74,15.67,1.002,55.32,32.4,34.8,14.1,125
Faridabad,2020-11-14,136.61,210.62,90.62,37.26,3.172,27.79,26.4,49.7,7.0,193
Indore,2022-07-20,21.12,68.22,10.34,2.0,0.375,72.02,27.6,92.3,16.6,75
Mumbai,2021-05-12,69.44,97.68,54.23,19.32,1.615,74.42,33.6,41.9,6.2,164
Pune,2020-09-07,22.92,19.84,20.0,2.14,0.276,69.09,28.3,58.4,18.2,65
Lucknow,2024-10-09,61.25,89.15,20.54,14.43,1.624,56.9,20.8,55.9,13.5,160
Jaipur,2020-04-25,71.4,159.07,44.63,24.69,2.586,49.07,28.7,36.5,8.0,156
Jaipur,2020-04-26,78.19,155.02,36.54,17.6,1.73,55.65,26.1,35.0,10.4,157
Pune,2022-03-27,30.58,92.78,30.64,8.58,1.295,63.4,39.6,55.5,12.7,81
Faridabad,2023-10-10,76.5,108.81,44.41,11.5,1.452,32.86,27.3,48.0,12.9,158
Mumbai,2021-02-20,102.21,162.76,94.89,33.86,2.68,45.65,11.5,80.1,5.6,179
Chennai,2021-10-16,52.14,113.52,50.14,21.8,1.087,60.94,20.7,55.7,4.4,138
Indore,2021-08-15,34.84,85.43,16.93,6.08,0.348,59.16,27.0,79.9,18.8,94
Faridabad,2024-06-13,48.16,78.45,35.68,13.72,0.817,55.59,32.9,89.9,15.8,129
Bhopal,2024-04-14,69.23,126.09,48.5,21.57,1.946,45.78,37.5,59.7,5.0,158
Bangalore,2023-11-15,58.31,114.83,51.28,18.69,1.451,62.17,19.0,49.5,9.8,161
Nashik,2022-11-25,58.6,142.31,48.16,21.69,2.192,62.37,23.4,38.5,6.9,156
Patna,2020-10-22,73.99,117.14,45.75,18.38,1.591,46.85,21.6,44.7,12.5,160
Meerut,2023-06-22,39.86,80.66,25.16,14.14,0.774,41.28,24.0,75.6,11.5,115
Jaipur,2022-10-30,83.86,187.25,50.34,33.01,2.18,42.3,21.8,58.0,5.1,159
Bhopal,2024-02-09,107.83,217.29,55.79,23.83,2.646,48.89,17.2,66.7,5.2,178
Jaipur,2024-03-07,78.08,141.65,42.72,23.26,1.629,37.88,34.2,37.5,8.6,168
Pune,2022-12-22,86.14,161.19,56.57,23.68,2.115,57.49,5.9,75.1,5.8,167
Hyderabad,2024-09-27,48.34,77.88,33.03,18.43,0.953,72.61,30.1,99.8,9.0,144
Chennai,2020-08-04,17.95,57.24,14.48,13.13,0.408,69.89,36.0,86.1,15.7,61
Chennai,2021-03-14,39.94,82.7,39.57,17.57,1.523,59.6,35.2,41.5,11.6,111
Patna,2024-01-19,136.89,201.21,80.62,33.36,3.097,51.16,9.5,83.3,9.8,197
Ludhiana,2023-10-28,107.45,177.48,51.22,24.25,2.266,40.97,21.6,78.4,3.8,171
Delhi,2021-02-15,163.86,274.8,91.4,33.57,3.283,50.7,24.1,74.8,5.1,218
Nagpur,2024-04-30,68.39,104.3,46.68,24.17,1.438,57.63,27.5,39.7,9.5,156
Bhopal,2021-10-02,61.04,125.09,45.15,20.1,1.421,57.05,30.2,68.0,9.0,149
Pune,2023-05-08,36.56,65.63,32.21,9.35,1.011,60.96,31.5,46.4,10.9,116
Patna,2024-01-23,147.79,227.3,76.4,41.59,3.686,37.5,12.4,81.9,8.5,199
Faridabad,2022-08-10,33.74,68.81,8.0,9.53,1.054,42.58,34.0,75.2,16.3,89
Chennai,2024-01-04,86.12,183.29,74.63,31.48,2.476,44.97,9.6,62.6,5.8,175
Ahmedabad,2024-02-29,125.69,224.86,68.95,26.24,3.021,46.03,16.7,91.7,5.8,185
Bhopal,2021-01-21,55.45,99.89,38.0,8.94,1.69,59.2,17.6,87.2,12.3,500
Jaipur,2023-05-08,57.57,127.51,44.39,20.74,1.932,65.63,37.9,49.4,11.6,147
Bangalore,2022-08-27,40.27,43.34,17.43,12.46,0.702,81.83,29.1,76.6,15.3,120
Chennai,2024-10-05,30.72,85.52,32.9,11.71,1.606,80.38,23.3,53.8,10.2,94
Kanpur,2020-12-11,143.14,227.68,79.33,38.19,3.415,31.33,16.1,70.8,8.4,185
Delhi,2023-12-13,202.59,325.46,119.63,45.0,4.234,45.61,15.1,76.6,3.0,255
Indore,2021-02-12,97.6,139.3,50.13,22.2,1.624,65.48,29.4,64.2,7.1,171
Indore,2024-12-11,84.36,125.5,64.54,25.15,1.847,37.08,19.0,56.2,8.6,166
Hyderabad,2022-11-08,82.56,136.04,42.95,29.79,1.524,43.0,23.8,57.6,11.3,163
Kanpur,2022-09-18,34.66,33.52,23.33,9.83,0.626,60.02,31.0,85.6,14.9,91
Chennai,2020-05-21,60.07,151.11,55.64,17.47,2.016,50.62,37.0,44.5,5.6,147
Faridabad,2024-02-20,165.22,260.62,95.51,43.13,3.78,35.49,22.1,73.4,7.2,216
Indore,2021-11-07,63.94,139.37,42.4,20.57,1.761,46.47,23.8,55.1,13.3,153
Bhopal,2024-12-06,100.44,191.27,68.17,24.59,2.73,54.03,12.8,74.1,6.9,169
Indore,2024-03-30,44.67,118.43,32.2,20.97,2.339,51.58,33.6,40.6,10.6,125
Mumbai,2020-07-20,32.17,27.3,34.33,10.03,0.978,73.26,30.2,76.7,13.6,88
Meerut,2023-11-20,86.63,131.73,45.83,25.16,2.151,37.78,22.8,43.6,13.7,175
Mumbai,2023-06-22,27.88,51.62,26.16,2.0,0.323,74.52,26.2,85.9,17.7,89
Nashik,2023-12-20,76.04,143.56,55.95,23.21,2.092,58.61,10.6,77.3,2.9,165
Lucknow,2021-08-28,35.03,82.95,15.12,16.61,0.85,66.84,32.0,88.6,17.6,94
Kanpur,2024-04-24,76.46,150.48,54.84,28.55,2.514,51.49,41.1,54.9,7.4,157
Jaipur,2021-10-20,88.18,173.88,47.0,26.02,2.225,44.73,28.8,50.0,5.1,169
Bhopal,2022-12-09,74.1,127.07,47.56,18.4,2.176,64.77,17.2,56.6,9.7,162
Kolkata,2024-07-09,27.18,39.34,30.78,3.83,1.137,45.69,29.7,74.5,13.7,86
Chennai,2024-02-11,81.43,161.79,56.43,26.21,2.395,65.48,6.8,91.2,4.1,167
Nashik,2022-10-10,36.89,98.02,37.58,16.48,1.435,48.99,14.0,58.7,7.1,108
Nashik,2022-04-03,37.08,87.79,37.48,13.81,1.319,65.21,35.2,47.2,8.4,102
Lucknow,2020-03-27,74.36,111.47,50.36,12.57,2.237,37.16,31.6,45.2,11.9,160
Chennai,2024-10-08,37.86,84.82,45.27,23.64,1.776,75.06,25.9,55.7,5.3,107
Indore,2024-03-23,66.58,102.77,49.6,29.65,1.998,56.7,26.6,37.0,4.9,156
Pune,2020-04-03,45.41,90.73,37.81,11.17,1.367,75.53,32.2,41.7,8.8,123
Faridabad,2021-05-02,66.37,104.21,47.46,25.98,1.951,40.16,26.9,38.1,12.8,156
Mumbai,2021-05-03,29.56,80.88,40.83,19.51,1.406,69.48,36.3,61.2,11.7,89
Kanpur,2022-01-29,141.47,228.13,86.54,32.44,2.667,23.79,12.0,82.3,9.6,191
Hyderabad,2022-09-16,27.85,67.82,24.49,9.38,0.972,75.5,28.8,69.5,7.2,85
Ahmedabad,2024-06-24,58.99,103.05,40.03,14.34,1.041,55.34,25.4,72.8,7.2,147
Bangalore,2021-08-13,11.74,53.58,12.09,8.04,0.799,64.74,27.4,87.0,19.3,52
Kanpur,2020-08-20,52.68,65.93,28.82,17.68,0.584,39.63,29.1,63.8,16.4,142
Mumbai,2021-07-31,28.67,41.77,21.92,7.41,0.358,57.77,23.9,81.2,17.2,88
Patna,2023-11-01,139.49,249.84,75.5,38.66,3.503,51.1,24.1,54.5,7.0,202
Delhi,2023-01-30,183.08,284.27,99.59,44.26,3.768,55.0,16.8,61.0,4.9,238
Kolkata,2023-12-07,134.93,193.82,66.87,34.53,3.38,31.7,10.2,70.7,8.3,188
Bhopal,2023-10-08,55.16,130.15,32.17,20.4,1.663,74.15,28.1,68.4,3.8,152
Bangalore,2021-12-13,76.81,159.33,60.52,25.32,2.096,66.69,17.0,68.8,5.8,160
Chennai,2022-01-25,75.12,94.8,42.17,16.78,1.761,60.81,14.9,83.5,10.4,159
Chennai,2024-05-05,59.82,106.88,23.77,14.95,0.998,68.01,31.6,38.0,12.0,153
Faridabad,2024-08-06,43.34,56.1,21.63,2.34,0.891,41.83,32.1,77.3,15.1,115
Hyderabad,2024-11-16,62.13,134.26,49.55,21.46,2.345,57.69,29.7,45.0,10.8,156
Ludhiana,2023-12-21,119.93,203.78,68.26,34.07,3.365,41.54,14.0,46.9,5.2,182
Jaipur,2024-01-13,126.07,243.94,69.57,37.5,3.534,44.11,13.1,77.0,7.0,192
Kanpur,2024-04-06,71.79,137.07,45.86,23.26,2.55,41.95,36.0,43.6,13.3,165
Kolkata,2023-06-30,59.49,58.13,17.18,16.78,0.364,58.5,30.0,84.5,11.6,168
Bangalore,2020-01-29,61.81,114.28,59.98,17.77,1.887,46.55,17.5,60.4,7.0,154
Delhi,2021-03-27,83.07,150.74,61.99,29.26,1.915,39.61,30.2,37.7,12.4,161
Mumbai,2020-07-19,38.4,52.87,24.68,8.41,0.892,68.16,27.5,78.2,9.5,106
Jaipur,2024-05-24,93.79,180.77,52.94,34.74,2.027,57.63,34.5,33.9,5.2,172
Faridabad,2024-03-11,103.61,129.82,65.08,28.19,2.458,44.5,30.3,46.8,9.1,181
Pune,2022-06-24,16.04,41.55,8.28,2.0,0.2,65.47,29.3,72.0,20.7,60
Patna,2021-05-13,105.86,164.87,61.04,34.44,3.203,42.03,26.7,43.0,6.9,181
Meerut,2022-01-05,132.88,195.79,73.06,38.62,3.238,34.42,18.4,67.5,8.0,191
Bangalore,2023-11-21,44.54,98.67,31.57,14.1,1.218,66.4,26.3,43.6,12.7,116
Pune,2024-10-30,47.19,83.46,39.6,14.14,1.43,71.26,30.4,61.4,8.2,128
Delhi,2020-07-08,50.32,74.47,32.1,4.29,0.81,65.04,29.3,95.0,13.9,143
Meerut,2021-12-25,170.66,286.42,104.84,44.23,4.0,42.41,14.3,79.5,3.1,213
Agra,2022-04-17,113.1,199.1,66.84,29.67,3.017,47.48,23.3,41.8,5.5,180
Agra,2023-07-24,54.91,71.85,30.32,10.41,1.324,45.69,28.1,75.4,11.4,149
Chennai,2020-03-25,45.36,125.06,33.45,25.22,1.811,51.96,29.9,47.4,9.3,125
Chennai,2022-08-03,21.22,36.95,29.09,2.0,0.853,67.21,31.1,80.6,16.2,69
Faridabad,2024-10-11,86.28,165.81,50.01,21.88,1.958,44.17,19.2,44.6,9.3,168
Chennai,2023-11-22,80.34,142.25,48.4,27.08,2.153,53.59,19.0,45.1,6.5,160
Kanpur,2023-08-08,72.12,144.75,29.6,14.96,1.93,46.71,32.5,72.3,7.7,163
Patna,2021-11-10,157.79,246.03,91.57,30.78,3.893,38.94,25.4,56.7,6.2,212
Lucknow,2022-10-13,57.24,111.33,44.49,18.12,1.352,35.78,25.6,47.8,10.9,147
Faridabad,2021-02-19,149.8,253.36,100.27,39.01,3.269,46.72,20.6,77.2,8.2,203
Meerut,2024-07-26,46.01,76.18,32.8,14.82,1.361,44.31,31.5,86.9,8.9,127
Agra,2022-09-23,57.88,103.74,20.81,7.3,0.447,46.28,33.6,86.9,13.7,151
Faridabad,2021-02-08,170.97,308.28,112.2,55.94,4.148,32.39,15.3,59.8,4.6,224
Mumbai,2022-09-12,9.67,40.95,22.58,14.9,0.496,68.7,29.2,75.7,17.2,31
Ludhiana,2022-09-02,56.9,130.23,43.0,17.39,1.646,50.24,31.2,75.2,5.4,158
Nashik,2022-05-14,47.23,85.54,28.83,18.39,1.052,63.78,28.9,35.7,10.5,124
Faridabad,2021-03-01,96.25,130.2,63.46,20.79,2.672,34.5,27.5,27.6,10.7,172
Kolkata,2020-12-22,154.91,212.92,70.38,34.94,3.149,55.06,9.7,77.5,3.7,199
Lucknow,2020-10-10,85.97,90.58,41.34,25.45,2.08,59.11,24.3,64.3,9.7,167
Faridabad,2023-02-28,208.75,326.52,130.29,58.23,4.629,51.86,1.5,47.1,0.5,260
Ludhiana,2022-08-03,23.94,43.2,10.79,9.11,1.066,67.81,30.0,88.4,17.6,73
Chennai,2023-11-02,74.11,153.87,58.17,23.44,1.735,53.66,11.8,55.0,7.3,164
Patna,2024-08-07,40.6,83.9,28.15,12.67,0.542,59.19,29.1,87.8,16.5,113
Faridabad,2024-08-09,75.55,127.85,43.16,21.63,1.871,46.3,31.2,83.3,9.1,165
Lucknow,2022-03-02,71.3,121.69,32.33,25.08,2.106,42.09,33.2,42.8,13.0,156
Patna,2020-02-04,135.06,190.65,66.69,28.32,2.705,32.71,20.1,62.8,7.4,196
Delhi,2024-02-03,143.35,231.77,88.93,31.01,3.183,58.53,7.5,77.3,8.2,195
Indore,2024-02-21,91.32,223.31,65.52,26.46,2.137,51.66,10.1,66.9,3.8,170
Hyderabad,2021-10-21,69.85,101.06,43.26,21.43,1.495,76.16,29.4,61.9,2.2,162
Indore,2020-05-06,77.11,121.46,56.42,18.36,1.783,73.58,24.8,61.4,9.1,155
Patna,2020-01-19,146.67,225.75,90.28,44.8,3.299,34.89,9.7,66.4,4.7,190
Kanpur,2024-01-12,135.71,224.99,78.99,40.82,3.287,38.58,13.9,66.6,9.3,200
Agra,2020-07-28,61.7,111.02,30.31,17.19,1.712,49.94,27.9,83.6,11.3,161
Pune,2022-02-17,70.76,106.21,52.42,20.3,2.279,67.33,10.9,60.1,6.3,155
Nashik,2024-04-26,46.25,83.64,43.61,19.24,1.102,63.2,24.9,46.8,6.1,133
Nagpur,2022-08-29,44.36,66.33,17.29,9.49,0.931,66.64,25.1,89.8,13.9,127
Indore,2020-08-17,37.48,61.81,11.59,8.04,0.344,57.61,36.5,75.0,14.6,111
Bangalore,2023-12-04,67.83,172.22,53.56,28.97,1.917,42.44,22.6,73.9,8.2,159
Ahmedabad,2023-02-15,110.22,201.58,64.54,33.89,2.893,28.32,15.8,71.0,6.9,186
Bhopal,2023-05-09,65.11,96.98,32.11,16.88,1.451,79.72,32.4,20.3,9.9,155
Bhopal,2024-08-03,34.02,65.64,22.39,14.86,0.338,79.1,28.0,87.2,11.0,100
Nagpur,2022-06-01,42.5,49.9,23.51,12.35,1.45,58.81,31.4,74.3,11.9,122
Pune,2020-09-21,34.03,70.1,13.69,10.45,1.045,67.51,31.1,76.3,17.1,104
Ludhiana,2021-02-13,146.44,247.45,76.9,37.61,3.405,50.73,11.6,73.2,5.2,196
Bhopal,2022-05-08,55.52,99.95,40.75,13.55,1.559,58.39,28.8,36.1,8.8,151
Bhopal,2022-05-05,50.86,93.89,33.16,24.6,1.932,77.11,25.9,39.0,7.8,147
Patna,2020-07-06,50.08,109.03,29.58,14.12,1.667,48.92,27.6,77.7,13.9,141
Bhopal,2024-01-30,65.24,129.42,41.65,24.05,2.093,72.59,14.7,78.9,6.4,151
Kolkata,2022-04-11,108.54,131.18,64.74,32.46,2.567,51.43,29.5,33.9,4.7,170
Indore,2021-01-30,92.92,177.73,52.01,23.6,2.276,48.46,12.0,81.5,7.3,167
Faridabad,2020-07-04,29.11,75.2,14.02,11.45,0.951,49.4,28.1,77.3,17.4,91
Delhi,2022-08-16,81.01,132.15,57.64,16.82,1.762,53.24,28.1,81.3,9.2,162
Ludhiana,2022-08-06,25.22,50.74,13.21,3.29,1.207,64.75,25.5,61.9,13.7,79
Nagpur,2023-07-30,17.6,53.26,7.69,3.22,0.361,67.8,28.9,92.2,22.7,58
Patna,2020-06-27,47.71,57.48,26.42,9.79,1.051,47.47,27.1,69.6,14.3,133
Kanpur,2024-07-24,57.41,79.99,34.98,16.43,1.177,51.62,32.9,85.0,15.2,156
Chennai,2021-08-08,22.21,45.22,17.8,8.48,0.2,69.32,30.1,90.8,17.1,65
Ahmedabad,2023-01-03,100.31,202.37,71.11,44.96,3.452,38.55,18.0,49.5,5.3,177
Chennai,2024-09-07,18.63,35.52,21.11,11.64,0.2,71.82,27.7,73.9,17.1,58
Bhopal,2020-10-13,40.63,86.88,30.01,14.12,1.184,55.15,23.7,54.5,10.8,103
Meerut,2024-06-15,45.44,83.64,22.31,14.18,0.564,62.77,29.0,84.8,10.6,112
Jaipur,2023-09-18,46.72,64.01,22.12,9.14,0.854,65.85,26.9,83.4,15.8,131
Faridabad,2022-01-03,184.73,278.07,100.28,39.62,3.789,47.28,27.4,63.3,5.4,235
Lucknow,2023-10-23,72.88,112.98,48.71,10.84,1.789,29.53,29.3,77.0,11.4,160
Mumbai,2022-04-01,51.49,81.75,40.54,17.29,1.419,46.24,35.2,21.2,11.2,140
Lucknow,2021-12-23,135.25,208.46,75.78,27.16,2.441,35.07,12.1,99.3,10.9,187
Mumbai,2021-09-05,34.24,41.16,33.24,12.53,1.027,58.26,24.7,83.8,6.7,93
Chennai,2021-06-08,35.4,68.93,20.54,5.67,0.537,78.17,31.7,82.4,12.8,493
Indore,2024-02-02,89.18,154.89,58.69,16.22,2.12,53.3,11.7,70.8,9.1,500
Agra,2023-06-15,52.37,90.37,42.85,11.68,1.501,53.69,37.2,69.4,11.2,146
Meerut,2020-12-19,145.5,237.28,90.73,45.62,3.538,34.19,9.5,67.2,4.5,200
Bhopal,2021-07-18,33.53,49.12,32.94,3.74,1.064,70.68,28.6,76.9,11.5,98
Agra,2022-05-06,64.14,140.6,30.64,23.23,2.164,43.47,28.4,30.5,9.1,145
Jaipur,2022-06-18,38.56,71.76,15.72,15.43,0.873,55.68,27.3,76.7,16.2,112
Pune,2021-10-21,30.38,44.81,6.86,10.84,0.408,59.83,19.6,63.7,17.9,93
Chennai,2021-01-26,101.63,167.71,70.95,39.31,2.187,57.44,19.7,55.9,5.1,183
Meerut,2023-12-19,177.28,289.6,92.24,46.29,4.448,44.09,12.1,70.9,2.5,228
Kanpur,2023-06-12,64.44,79.27,35.34,20.8,1.097,43.27,30.7,71.5,10.2,160
Delhi,2021-12-05,223.64,351.71,147.98,50.57,5.52,24.58,20.6,80.5,1.3,271
Ludhiana,2020-02-29,120.92,201.5,59.86,34.21,2.959,49.65,14.9,69.8,4.2,183
Nagpur,2022-11-09,57.66,112.39,39.85,21.33,1.706,52.93,26.0,44.7,13.3,159
Lucknow,2022-05-19,35.52,62.47,36.14,14.23,1.053,38.12,31.9,25.5,16.9,97
Agra,2023-03-05,81.24,108.57,37.19,15.97,1.93,35.25,35.8,30.1,11.9,164
Nashik,2023-09-09,17.41,43.12,8.61,3.0,1.199,70.77,28.8,89.9,17.1,62
Indore,2024-07-30,32.37,94.03,28.48,12.97,0.671,59.6,24.1,79.4,12.4,91
Nagpur,2022-03-19,45.18,83.17,24.92,12.91,0.966,68.52,36.1,39.9,16.8,117
Nagpur,2023-02-26,117.05,241.03,76.45,35.14,2.93,37.69,18.5,64.7,3.4,189
Pune,2022-04-28,19.22,54.99,29.87,4.63,0.759,60.12,32.8,54.0,12.4,499
Pune,2022-03-24,57.75,80.22,39.67,15.15,1.171,62.36,32.3,40.9,10.8,152
Kanpur,2022-11-25,112.9,203.42,73.73,34.26,2.979,20.58,27.0,59.3,10.0,176
Jaipur,2024-10-17,80.12,157.48,53.12,23.95,1.95,48.16,23.4,41.8,8.4,161
Lucknow,2021-10-08,115.5,182.24,57.16,29.3,2.332,48.24,28.7,69.0,5.0,192
Chennai,2024-02-06,62.17,120.04,54.91,30.25,2.18,61.35,18.4,70.6,7.5,149
Indore,2021-05-23,34.91,88.68,36.24,12.51,1.104,56.53,32.8,50.0,13.1,101
Bangalore,2022-05-28,35.1,83.37,35.02,13.96,1.434,69.47,36.3,34.6,12.3,96
Kanpur,2021-12-06,145.53,233.59,80.59,42.99,3.571,29.05,19.6,72.2,5.6,197
Jaipur,2024-01-16,85.23,149.17,49.22,22.31,2.003,51.31,6.0,41.5,11.0,165
Mumbai,2023-04-07,47.62,90.97,51.77,17.55,1.927,65.68,29.2,48.3,10.6,135
Chennai,2023-07-08,41.26,65.19,27.0,10.95,0.952,70.16,29.0,78.3,11.2,113
Hyderabad,2020-02-01,79.82,144.86,53.88,19.81,2.356,45.73,23.5,62.5,8.1,151
Mumbai,2024-07-31,21.0,40.99,7.91,2.0,0.384,67.35,30.4,86.2,23.5,65
Jaipur,2020-11-03,86.21,157.24,52.31,30.75,1.978,45.33,31.2,43.6,10.4,170
Bangalore,2023-11-17,64.88,99.98,44.05,22.64,2.128,73.97,21.7,66.5,8.3,152
Kanpur,2022-07-02,61.87,87.63,29.35,18.58,1.455,53.97,32.7,82.4,12.9,154
Meerut,2021-05-18,99.91,147.58,50.97,26.37,2.053,47.25,26.2,47.1,6.7,170
Pune,2024-03-26,45.63,69.06,28.74,14.74,1.352,56.75,37.6,46.4,13.6,136
Indore,2022-04-13,32.52,67.54,20.19,3.73,0.862,45.11,31.2,39.1,19.5,94
Agra,2020-07-10,45.97,83.12,26.18,10.37,1.747,52.71,31.2,99.7,13.1,121
Jaipur,2023-03-02,72.14,106.73,42.89,13.1,1.193,66.48,38.5,38.2,12.3,165
Patna,2023-07-15,60.97,75.55,30.21,18.87,1.312,62.05,27.8,85.6,11.3,154
Pune,2024-12-02,75.23,154.22,48.94,30.67,2.455,36.26,13.9,59.8,8.3,496
Agra,2020-10-12,88.06,149.24,45.31,22.98,1.91,47.72,19.2,64.0,10.9,163
Indore,2021-01-16,100.39,161.16,60.12,32.12,2.518,40.42,11.8,77.3,7.2,179
Bangalore,2024-11-22,67.6,133.54,52.08,21.02,1.882,50.27,21.1,76.4,5.9,163
Jaipur,2023-10-17,104.91,183.08,51.96,24.69,1.508,55.41,25.1,59.2,5.1,173
Kanpur,2024-02-15,190.16,275.84,103.85,46.16,4.268,24.22,13.9,73.3,5.0,241
Chennai,2024-10-20,49.26,119.01,50.63,5.63,1.661,64.35,26.1,44.2,6.1,131
Jaipur,2023-10-04,73.0,130.93,24.76,15.51,1.085,63.63,22.2,45.2,8.6,158
Ludhiana,2020-05-21,70.73,101.33,42.17,21.14,1.723,55.45,37.5,38.1,11.0,164
Patna,2021-10-26,90.29,158.1,55.52,19.28,1.965,44.41,27.8,75.2,7.8,165
Hyderabad,2021-07-13,27.81,75.4,15.36,13.79,0.312,75.9,33.3,72.6,12.8,88
Pune,2022-04-21,46.99,88.42,30.82,12.52,1.801,59.48,23.8,36.4,8.5,127
Lucknow,2021-11-24,160.41,247.98,83.79,42.49,3.081,32.09,18.8,59.5,5.9,210
Lucknow,2023-12-15,131.74,204.61,69.1,36.2,2.932,42.21,22.6,55.5,8.3,199
Jaipur,2022-11-05,125.25,249.18,75.61,32.92,2.603,37.2,30.8,65.6,6.7,191
Bangalore,2021-04-17,49.23,56.19,52.3,11.93,1.221,52.52,43.7,53.0,10.0,137
Meerut,2024-04-13,81.17,182.78,57.17,19.49,2.221,41.68,31.8,31.5,9.5,158
Kanpur,2022-06-05,66.13,77.91,34.35,15.57,1.405,50.06,27.7,82.8,9.8,154
Delhi,2021-06-30,36.47,102.18,39.04,8.15,0.92,55.95,28.3,85.1,14.8,104
Nagpur,2022-12-23,129.88,220.87,80.43,41.36,2.524,43.93,10.8,74.6,3.5,180
Hyderabad,2021-06-06,34.12,68.56,21.0,9.32,1.137,71.31,35.9,77.2,5.3,87
Nashik,2022-05-29,43.47,54.24,24.68,18.8,1.061,48.02,28.1,48.5,8.4,497
Chennai,2022-07-12,20.25,10.0,10.51,2.0,0.2,77.26,32.6,68.5,22.0,73
Ludhiana,2022-03-12,104.11,154.94,60.21,21.71,2.472,52.35,34.2,40.3,7.0,500
Meerut,2020-10-18,57.92,111.48,27.29,24.27,1.447,39.01,31.1,57.7,12.0,143
Nagpur,2024-02-26,120.14,236.46,80.45,25.7,2.256,46.16,17.2,86.8,6.1,184
Bhopal,2022-12-21,97.46,186.26,56.55,25.07,2.26,52.5,15.3,70.5,4.6,165
Kanpur,2021-03-07,76.84,148.57,49.86,26.72,2.19,52.72,32.1,39.8,9.1,164
Meerut,2023-01-15,144.21,220.1,89.82,38.92,3.909,18.23,17.8,81.6,3.8,197
Kanpur,2022-09-07,72.06,123.52,33.54,19.5,1.807,59.69,30.2,75.4,9.6,159
Patna,2020-06-24,70.44,120.02,39.41,18.98,1.622,44.12,29.4,72.8,11.4,151
Mumbai,2022-06-23,41.97,84.46,23.98,14.11,0.829,61.97,26.7,91.4,13.5,117
Pune,2023-02-22,85.47,127.79,60.26,26.84,2.328,63.51,5.1,62.9,5.2,161
Nashik,2021-07-11,40.2,82.14,39.24,19.14,1.136,64.7,28.9,77.8,10.9,116
Nashik,2022-07-21,25.72,35.93,10.04,6.92,0.613,81.8,27.1,76.3,10.9,80
Agra,2020-09-24,37.72,62.28,27.05,3.78,1.424,35.25,30.4,76.0,16.1,113
Ahmedabad,2022-01-28,123.25,207.16,80.2,30.26,3.011,51.96,3.6,74.3,2.1,187
Bangalore,2022-05-20,32.22,65.3,50.19,12.35,0.612,62.92,29.9,57.1,10.2,84
Patna,2023-05-04,92.69,157.0,60.88,16.95,2.035,41.96,30.5,57.3,11.8,166
Bhopal,2024-11-15,83.13,129.99,56.01,30.04,2.35,50.18,13.8,49.8,6.5,167
Meerut,2022-02-23,180.11,298.69,96.71,48.86,4.417,48.48,17.8,66.1,1.0,226
Nagpur,2024-01-02,97.05,187.16,66.24,34.29,2.458,43.48,12.8,53.2,5.7,168
Pune,2024-11-12,69.89,154.58,56.41,31.54,2.351,53.87,23.5,55.8,8.7,500
Meerut,2024-02-12,138.85,279.02,86.04,32.93,3.903,30.53,8.9,84.3,5.6,189
Nashik,2022-01-22,95.2,140.77,48.9,23.43,1.925,50.75,17.4,91.6,6.7,173
Lucknow,2022-06-13,77.05,114.34,29.34,14.38,0.99,25.25,30.7,96.2,9.6,157
Hyderabad,2022-01-04,109.9,188.99,83.41,28.82,2.685,57.7,19.0,52.4,1.3,176
Mumbai,2021-04-05,62.85,127.88,56.89,20.95,2.145,43.72,25.0,66.5,7.3,147
Ahmedabad,2022-06-21,34.73,86.72,35.86,12.84,0.765,62.46,25.3,81.8,9.8,103
Patna,2024-01-16,151.0,250.11,91.0,39.64,3.88,28.68,15.7,65.4,3.5,205
Jaipur,2021-05-01,95.99,159.16,50.98,17.52,1.814,55.65,30.5,39.4,6.1,172
Jaipur,2024-05-01,66.79,160.71,48.92,20.79,1.813,55.84,26.1,42.7,10.0,156
Ahmedabad,2023-08-13,44.27,85.5,23.69,17.86,1.246,53.79,28.0,90.0,12.0,126
Mumbai,2020-03-31,54.21,90.59,39.21,14.8,1.299,54.91,32.6,31.6,11.2,149
Nashik,2023-06-07,24.17,68.8,17.18,11.66,1.233,81.06,27.1,92.4,8.0,70
Jaipur,2020-11-11,84.59,200.74,54.28,28.09,2.014,47.71,16.4,57.5,9.1,169
Chennai,2023-01-23,99.6,159.39,63.19,28.57,2.554,55.56,9.0,55.3,3.2,175
Patna,2024-10-05,65.43,122.9,47.94,19.38,1.573,40.55,23.7,66.4,11.4,147
Jaipur,2020-08-04,41.66,88.37,10.27,15.53,0.345,67.83,28.1,83.5,13.8,118
Pune,2023-04-16,48.31,67.52,29.82,8.97,1.017,60.63,39.0,48.3,15.1,133
Pune,2021-09-23,13.63,48.21,16.29,12.63,0.314,61.06,37.6,73.0,14.6,61
Ahmedabad,2021-06-10,39.41,92.25,11.67,11.09,0.518,56.44,33.6,69.7,12.6,109
Nashik,2022-12-07,58.1,98.14,44.57,18.27,2.096,49.48,14.2,44.9,7.9,146
Agra,2024-05-04,64.0,101.35,32.28,18.31,1.64,53.9,28.3,53.0,13.8,156
Delhi,2024-07-08,26.26,64.88,12.66,2.0,0.2,54.41,33.3,85.1,22.6,81
Kolkata,2024-07-18,26.88,24.2,13.84,2.0,0.297,62.73,24.2,75.6,19.3,77
Nashik,2024-08-11,32.38,37.7,9.04,7.01,1.089,57.23,28.5,82.1,15.4,83
Bangalore,2022-10-02,41.45,77.68,39.95,14.21,1.253,79.17,17.9,63.6,8.0,123
Nagpur,2020-04-14,51.37,117.16,41.98,18.77,1.508,51.74,30.4,52.3,9.1,143
Chennai,2021-12-27,78.73,138.05,45.52,20.83,2.141,49.41,23.8,74.6,5.7,161
Kanpur,2020-12-19,129.58,200.99,74.9,39.66,2.998,55.03,11.0,43.5,7.5,178
Nagpur,2023-06-06,29.04,62.9,32.7,13.33,0.598,68.67,30.9,76.9,16.7,87
Delhi,2022-06-09,58.03,109.38,32.32,13.84,1.346,46.58,30.0,86.7,14.3,156
Kolkata,2023-02-18,162.63,236.3,95.09,47.71,3.657,47.48,24.6,84.7,2.1,206
Delhi,2020-01-24,191.1,319.06,124.17,45.71,4.425,27.13,16.3,46.5,2.7,238
Agra,2023-08-21,34.87,64.42,20.41,8.11,0.543,68.58,28.8,86.4,16.3,102
Mumbai,2024-03-23,65.17,95.3,73.21,24.03,1.996,64.21,32.4,32.9,4.5,151
Delhi,2020-02-21,164.96,253.87,90.53,39.89,3.989,41.88,17.0,81.7,4.8,220
Chennai,2023-06-26,42.26,82.55,32.79,17.33,1.883,70.0,31.5,75.7,6.1,117
Kanpur,2021-11-22,87.32,165.18,58.97,30.5,2.294,43.52,27.9,39.0,13.2,167
Bangalore,2021-04-10,26.74,48.61,26.97,7.96,1.007,67.44,34.8,33.2,13.0,84
Kanpur,2021-10-11,68.41,136.47,36.15,20.72,1.788,43.1,26.0,52.7,12.6,155
Delhi,2024-11-21,168.34,281.19,104.61,40.87,3.945,34.38,18.9,62.0,4.4,226
Bangalore,2023-03-10,31.65,59.85,33.3,8.99,1.123,82.38,26.7,23.9,10.9,91
Nagpur,2022-08-23,60.13,73.7,20.14,14.88,1.511,52.71,26.7,93.5,8.0,153
Patna,2024-07-23,53.85,71.99,25.81,10.73,1.361,60.43,30.1,78.3,10.3,142
Lucknow,2022-10-25,89.57,144.87,44.64,22.52,2.229,53.3,26.7,64.6,4.2,169
Patna,2020-05-03,77.05,135.49,62.46,19.33,2.228,46.22,23.5,27.8,8.6,161
Bhopal,2023-06-13,33.66,55.83,14.54,2.0,0.537,75.2,32.9,73.1,14.9,90
Kanpur,2021-04-06,90.02,132.62,56.67,30.94,2.639,33.44,34.6,30.9,10.5,165
Ahmedabad,2022-01-29,106.02,177.15,61.69,31.58,2.509,51.48,6.5,46.4,6.6,172
Meerut,2021-07-27,38.65,57.53,24.02,14.38,1.235,55.8,27.5,82.0,12.9,111
Lucknow,2021-07-16,50.09,76.55,29.93,18.75,1.283,54.54,27.5,78.2,9.4,138
Kanpur,2024-01-15,163.15,238.96,89.97,42.13,3.322,32.09,12.6,77.0,8.3,209
Nashik,2023-01-03,69.18,145.02,51.0,25.49,2.201,45.18,8.7,80.6,6.2,166
Hyderabad,2021-05-27,50.07,76.34,37.78,19.42,1.411,42.57,36.5,44.4,11.4,130
Bhopal,2024-01-24,86.21,159.9,58.8,23.86,2.097,59.91,5.8,55.3,3.5,172
Ludhiana,2021-06-13,16.29,41.23,31.2,9.53,0.489,47.1,32.5,68.0,18.1,54
Faridabad,2022-11-17,119.71,188.09,78.02,34.2,3.23,25.23,22.9,41.6,11.9,189
Lucknow,2022-03-10,94.11,166.58,61.52,25.88,2.445,36.37,34.0,53.8,7.5,158
Pune,2024-05-09,50.29,116.43,31.98,12.45,1.266,64.91,22.7,53.1,8.6,146
Patna,2020-04-05,75.37,102.75,50.81,21.48,1.998,44.37,29.1,24.4,12.6,160
Pune,2020-04-15,51.15,91.63,53.43,20.88,1.163,52.74,27.1,22.0,8.5,153
Kanpur,2024-10-09,90.78,148.16,55.64,18.38,2.142,48.24,24.5,59.4,11.3,171
Meerut,2021-11-18,118.21,209.8,69.88,37.23,3.241,47.69,28.6,47.6,8.6,185
Lucknow,2024-06-08,38.89,62.37,25.3,9.05,1.017,61.48,30.2,89.3,12.0,102
Agra,2020-04-04,69.04,123.99,43.18,19.84,2.171,41.67,33.2,17.7,10.7,162
Hyderabad,2024-11-18,54.75,86.4,33.1,19.71,1.904,61.23,18.3,48.2,12.0,148
Agra,2024-04-23,88.3,160.6,69.25,22.71,2.4,34.45,32.9,47.4,7.8,165
Jaipur,2023-04-26,86.09,174.37,49.89,21.03,2.239,52.53,28.7,53.7,7.5,159
Bangalore,2023-04-20,22.06,36.09,27.03,7.04,0.943,70.8,31.4,25.5,15.8,76
Faridabad,2020-04-04,50.55,78.44,38.61,16.46,0.9,47.18,34.9,36.6,17.5,136
Delhi,2024-09-19,58.79,102.42,32.45,15.68,1.122,46.44,31.6,97.8,15.0,147
Delhi,2021-04-21,92.49,114.82,55.18,18.91,2.153,47.94,29.7,45.3,14.9,159
Ahmedabad,2022-01-24,102.68,176.5,56.88,43.47,2.016,39.68,18.2,89.9,10.8,168
Bhopal,2020-10-22,75.44,87.14,33.44,18.82,1.517,46.21,21.9,73.6,9.3,160
Patna,2021-10-10,71.95,93.97,31.61,19.57,0.979,58.09,18.9,43.8,14.5,169
Delhi,2022-08-04,96.19,142.75,44.11,26.27,1.543,55.75,28.0,88.3,11.6,173
Hyderabad,2021-01-19,98.42,220.75,71.55,37.05,2.863,49.61,7.7,78.4,0.5,165
Pune,2024-06-12,13.41,34.79,15.19,5.9,0.401,70.67,32.2,81.6,14.9,56
Faridabad,2020-04-10,97.14,128.76,61.28,32.93,2.223,38.1,33.5,29.6,11.4,172
Nashik,2024-07-10,19.16,24.52,9.68,4.52,0.309,61.98,28.6,77.9,22.9,64
Jaipur,2021-09-25,44.44,78.51,21.79,9.98,1.169,57.2,29.6,82.8,15.0,122
Indore,2021-10-19,52.46,90.19,19.91,22.88,1.123,61.1,32.8,70.2,10.6,143
Nashik,2021-10-06,36.85,106.3,38.59,17.92,1.331,71.99,25.8,54.1,5.1,102
Bhopal,2021-12-06,104.17,202.47,65.98,29.73,2.374,62.32,7.4,79.6,3.6,174
Nashik,2024-03-22,62.13,89.96,33.51,7.52,1.769,69.24,27.7,54.6,6.8,148
Nagpur,2021-03-14,52.58,110.77,32.55,17.09,1.48,60.76,30.6,39.7,12.0,149
Chennai,2023-06-15,37.99,65.81,18.84,14.44,0.706,65.79,31.8,86.7,9.8,109
Ahmedabad,2023-02-23,99.38,188.64,66.98,38.84,2.515,37.35,19.6,67.8,8.4,180
Mumbai,2022-04-06,75.39,135.44,71.74,23.38,2.84,39.17,32.4,41.2,6.2,162
Bhopal,2020-11-13,81.06,151.56,32.39,20.29,2.285,59.24,28.8,70.2,10.6,161
Jaipur,2022-08-03,35.96,100.89,16.75,13.94,0.978,52.39,28.5,71.3,14.5,102
Agra,2022-09-20,44.17,46.06,9.76,11.73,0.675,45.72,30.1,88.5,17.2,121
Kolkata,2020-09-17,59.09,98.98,36.89,16.07,1.423,68.35,28.7,70.3,5.2,153
Delhi,2021-03-05,112.41,172.17,85.63,31.36,2.794,47.16,34.1,58.8,7.7,175
Kolkata,2022-11-30,124.63,166.33,69.17,30.28,3.215,46.14,25.2,56.2,6.7,186
Mumbai,2020-11-18,92.1,125.31,54.48,29.42,2.269,45.6,24.0,65.8,11.2,169
Nagpur,2020-06-10,27.09,44.49,24.9,8.62,1.177,55.57,33.2,81.8,11.3,85
Hyderabad,2020-08-25,25.74,35.07,13.47,5.7,0.496,63.86,30.7,76.6,20.6,76
Jaipur,2021-03-14,82.55,127.14,31.73,12.46,1.479,51.99,28.3,42.6,10.8,154
Patna,2022-09-26,60.27,71.2,16.66,5.24,0.746,58.57,31.1,89.1,13.5,150
Agra,2023-01-25,163.04,285.45,93.45,34.61,3.885,35.04,21.1,75.8,3.0,211
Nagpur,2022-09-18,37.16,32.14,30.16,8.6,0.871,61.87,27.7,74.7,19.2,106
Agra,2024-04-07,86.26,155.59,51.14,16.0,1.798,66.58,33.7,57.4,10.4,167
Lucknow,2020-09-11,64.46,101.07,26.39,12.66,1.729,49.61,34.7,86.1,13.7,157
Lucknow,2020-03-26,89.61,155.8,58.24,29.66,2.062,46.68,44.9,53.3,8.4,162
Lucknow,2020-11-02,125.36,192.21,76.54,33.79,3.04,33.62,15.3,62.4,7.6,190
Pune,2020-02-12,79.38,159.53,63.63,31.28,2.302,46.95,10.1,68.7,6.2,163
Pune,2024-03-16,51.2,112.48,49.19,20.03,2.503,70.48,28.5,39.4,7.3,143
Nashik,2021-12-20,61.97,119.03,39.09,26.11,2.209,48.29,14.7,52.3,7.5,154
Indore,2022-05-17,71.32,118.08,49.0,20.88,1.59,57.37,23.0,41.2,10.2,166
Lucknow,2022-09-11,29.38,78.23,20.26,9.97,0.423,50.67,24.4,69.6,17.2,84
Kolkata,2020-09-05,36.21,42.2,32.46,9.77,0.487,65.12,29.0,63.3,17.9,104
Ludhiana,2023-02-28,105.08,166.69,71.74,38.23,2.86,39.61,13.1,67.4,5.1,181
Indore,2022-07-07,10.62,29.4,25.98,3.19,0.756,75.8,33.3,64.5,12.7,42
Agra,2023-04-19,76.36,94.63,46.95,16.15,2.242,38.65,34.3,37.7,11.5,162
Pune,2024-03-25,53.75,123.32,38.28,17.5,1.1,78.39,31.3,46.8,6.6,152
Kolkata,2023-09-21,26.58,74.84,23.04,8.8,0.973,62.94,27.2,89.9,15.4,84
Agra,2023-12-25,138.13,230.39,78.83,33.23,3.839,37.34,18.7,62.3,2.4,187
Kolkata,2023-09-02,31.65,88.98,42.94,14.62,0.991,55.0,29.0,79.5,15.7,95
Nashik,2021-09-04,13.41,15.6,6.77,5.42,0.328,74.5,28.5,76.6,19.4,53
Pune,2022-07-31,45.87,109.51,29.21,18.03,1.084,71.59,32.4,86.4,4.8,122
Bhopal,2020-04-28,46.18,75.57,32.78,12.56,0.476,49.29,33.1,31.2,14.0,127
Mumbai,2020-07-08,20.29,53.08,10.69,4.13,0.539,65.44,34.4,75.5,22.0,74
Ahmedabad,2024-06-02,28.41,30.51,18.25,5.42,0.541,54.56,32.2,85.1,18.9,84
Nagpur,2023-10-26,57.44,127.14,24.75,19.49,1.529,57.67,30.6,53.3,9.7,153
Chennai,2023-01-11,90.94,159.09,64.9,23.57,2.185,55.95,15.7,70.0,3.3,162
Meerut,2021-12-20,109.81,183.79,63.34,33.69,1.841,42.2,9.7,53.5,8.7,176
Chennai,2020-03-04,49.0,57.57,27.19,17.36,1.786,62.14,33.5,58.4,12.3,132
Pune,2023-02-14,68.43,131.17,59.25,25.32,2.596,43.08,17.0,52.3,9.5,154
Agra,2020-12-07,132.3,193.14,60.4,37.49,2.685,48.59,16.3,67.9,4.6,190
Ludhiana,2021-09-17,37.82,79.32,23.94,7.71,1.376,57.36,31.2,88.3,15.4,102
Agra,2023-01-06,134.15,189.23,82.83,28.62,2.843,39.98,11.6,75.9,9.3,193
Ludhiana,2021-09-01,37.86,54.86,15.07,5.32,0.688,59.64,40.4,77.7,16.3,500
Nashik,2020-10-13,47.45,110.45,30.19,13.28,1.41,67.13,21.6,37.6,4.0,131
Kanpur,2021-10-22,90.26,158.62,60.31,20.27,2.441,35.92,24.2,47.6,8.7,171
Agra,2023-07-09,51.07,80.8,40.2,10.42,1.267,50.75,27.7,70.3,15.6,139
Indore,2020-08-18,39.56,81.36,16.7,12.52,0.997,53.63,25.4,96.1,15.2,118
Patna,2021-07-03,77.26,127.5,41.75,25.69,1.631,49.17,28.0,100.0,10.8,169
Nagpur,2021-11-13,78.1,173.26,49.48,28.5,2.613,67.11,24.5,49.3,7.7,165
Bhopal,2024-07-08,27.39,64.74,16.23,18.28,0.928,60.78,34.0,77.9,16.9,75
Delhi,2022-12-16,145.34,260.46,98.53,31.43,4.03,52.02,10.7,47.6,5.8,199
Jaipur,2023-08-14,31.6,62.1,17.71,13.01,0.617,67.94,29.6,84.8,17.2,93
Jaipur,2022-08-18,30.41,57.38,19.98,10.53,1.071,56.52,30.0,68.7,15.8,90
Indore,2023-08-06,37.52,80.98,25.09,3.45,1.077,73.06,28.6,72.2,9.7,112
Nashik,2022-04-23,55.52,84.34,21.88,6.14,1.124,76.15,29.3,52.4,8.1,157
Nashik,2020-03-22,48.83,104.32,41.0,19.09,1.371,63.55,30.4,34.0,4.4,129
Nashik,2021-10-03,44.39,94.6,40.06,19.89,0.993,69.91,29.4,74.8,3.4,111
Hyderabad,2021-10-13,65.68,127.37,39.51,18.46,1.93,49.97,16.6,53.4,6.4,151
Jaipur,2020-06-15,58.42,100.24,24.95,15.56,1.176,60.42,30.3,74.7,13.9,157
Lucknow,2024-08-26,64.73,111.19,37.76,10.91,1.254,31.98,34.5,64.4,12.6,156
Hyderabad,2022-04-21,48.43,29.66,40.08,19.16,1.117,47.66,35.6,19.4,13.1,129
Hyderabad,2021-09-28,42.21,57.1,11.37,13.28,1.208,65.73,29.5,81.2,13.6,115
Jaipur,2023-02-28,124.83,236.55,66.88,30.64,3.055,41.89,20.4,67.6,2.6,190
Jaipur,2022-07-10,75.22,123.74,34.23,15.19,1.844,46.7,30.9,84.7,7.6,167
Ludhiana,2024-07-14,48.61,71.38,24.12,8.37,1.098,86.1,31.7,83.5,8.8,142
Hyderabad,2020-01-20,88.28,137.51,60.76,31.94,1.968,33.91,23.9,78.7,7.9,169
Bhopal,2020-09-17,34.4,56.71,17.37,6.57,0.731,69.17,25.6,81.5,8.9,101
Bhopal,2022-08-01,52.55,81.87,23.45,15.42,0.604,53.38,28.6,81.3,11.4,145
Nagpur,2021-07-26,19.51,52.89,15.55,4.68,0.946,68.13,31.2,83.4,13.6,62
Pune,2022-01-11,67.29,114.0,48.59,24.16,1.731,49.79,24.0,64.7,9.8,149
Indore,2020-09-30,33.9,50.93,18.41,4.42,0.335,66.82,27.6,90.6,14.6,99
Mumbai,2022-09-27,56.19,85.51,42.64,19.71,1.387,79.71,24.8,80.3,2.4,154
Delhi,2024-10-17,87.92,154.84,42.67,18.63,2.122,58.84,30.2,50.4,8.9,498
Bangalore,2021-06-28,12.55,33.9,8.31,11.93,0.337,85.53,27.5,94.0,13.1,58
Pune,2024-08-30,43.73,54.74,18.34,2.56,0.926,86.11,30.6,85.6,10.3,500
Nashik,2022-03-11,47.97,67.47,31.13,15.13,1.739,60.61,27.7,27.8,12.2,128
Ludhiana,2024-03-09,86.97,152.63,49.2,30.79,2.51,43.54,28.4,43.3,6.5,170
Chennai,2020-06-07,54.8,60.88,45.53,21.46,0.727,78.81,29.7,85.7,4.8,144
Jaipur,2023-05-24,91.83,174.88,56.09,26.92,2.47,45.54,36.8,55.4,6.5,176
Kolkata,2023-09-23,57.54,99.08,25.94,12.24,0.884,51.95,30.1,89.7,11.6,146
Delhi,2024-12-18,157.2,250.07,93.81,23.81,3.228,44.04,24.3,80.2,7.0,203
Ahmedabad,2021-06-20,27.64,74.75,20.51,13.62,0.2,70.04,34.7,83.0,12.0,76
Bhopal,2023-05-22,66.69,77.2,40.62,19.53,1.537,56.42,27.6,48.9,8.5,159
Jaipur,2021-11-03,69.76,114.42,57.12,19.02,2.129,59.29,25.5,52.0,13.0,162
Pune,2021-08-03,15.62,38.55,7.04,9.46,0.55,89.71,31.9,79.6,17.5,69
Kolkata,2024-06-16,31.84,77.84,28.93,11.62,0.723,63.87,28.4,84.0,18.2,95
Faridabad,2023-03-21,84.3,127.48,57.54,27.95,1.989,51.06,28.7,33.7,11.0,162
Jaipur,2020-12-28,110.81,224.76,75.99,27.34,2.68,44.05,13.3,65.8,9.4,180
Agra,2023-10-23,94.34,143.46,43.36,24.02,2.287,53.39,23.7,50.8,6.0,171
Kanpur,2024-06-10,76.86,129.04,43.85,19.94,1.298,62.4,28.3,87.1,7.3,168
Faridabad,2020-05-06,70.5,135.6,51.06,23.88,1.701,25.45,37.8,23.7,13.2,159
Hyderabad,2024-04-05,58.05,130.58,38.08,28.94,1.97,61.23,23.3,49.1,7.6,148
Ahmedabad,2023-07-25,56.09,85.64,31.68,16.84,0.955,63.37,30.2,71.5,6.1,147
Nagpur,2020-03-20,52.75,108.85,41.71,16.59,1.206,48.48,40.1,49.5,10.0,143
Jaipur,2020-02-07,127.42,231.06,55.91,28.2,3.378,45.98,18.3,54.2,5.1,193
Mumbai,2023-02-01,94.39,168.45,76.99,28.82,2.803,45.43,10.4,65.5,5.2,171
Mumbai,2022-09-03,23.58,47.41,28.51,9.92,0.569,52.69,25.1,84.8,11.3,75
Faridabad,2020-07-12,49.19,99.38,31.47,10.01,0.878,65.15,27.6,73.5,10.8,138
Jaipur,2023-03-14,79.42,154.38,45.23,28.3,1.42,48.41,33.7,41.2,8.0,500
Ahmedabad,2022-10-14,93.7,164.82,58.64,34.03,2.938,57.78,24.9,55.0,4.4,168
Faridabad,2021-06-16,56.35,83.52,41.63,16.44,1.303,57.64,31.4,74.3,11.7,151
Ludhiana,2023-08-01,60.19,97.38,42.17,14.44,1.165,61.76,27.6,70.5,10.8,149
Agra,2023-05-07,101.71,159.13,68.03,30.52,3.19,44.3,25.6,32.4,7.3,174
Delhi,2024-07-06,74.77,131.26,41.82,20.45,2.289,45.15,32.6,87.1,10.9,155
Jaipur,2023-10-21,57.38,109.79,30.08,17.75,1.621,57.51,18.3,56.8,7.7,153
Indore,2022-09-06,27.03,65.74,19.11,8.61,0.947,63.44,27.2,65.0,16.7,81
Pune,2021-08-12,32.58,60.74,19.58,5.04,1.283,61.98,30.2,85.1,14.6,102
Faridabad,2021-10-05,86.09,164.95,57.85,24.13,2.041,33.36,33.2,50.3,11.2,171
Chennai,2021-03-09,16.03,49.75,14.97,15.82,0.643,54.18,31.8,49.1,17.0,62
Nagpur,2022-08-28,24.29,45.81,26.6,12.73,0.574,69.94,29.2,93.9,15.3,84
Delhi,2020-03-29,95.82,178.75,63.97,24.63,2.285,31.58,30.3,32.0,9.5,172
Pune,2023-09-30,33.89,78.47,8.9,14.64,0.71,74.35,33.7,98.5,12.6,95
Pune,2021-11-06,70.96,122.43,52.57,26.3,1.698,65.17,21.3,54.1,6.5,166
Mumbai,2020-01-31,88.96,170.62,77.71,31.04,2.51,62.92,14.4,48.7,5.8,167
Faridabad,2020-02-18,170.94,259.21,93.11,42.61,3.626,41.09,20.6,76.9,7.7,230
Ahmedabad,2021-07-26,57.08,122.0,43.05,20.93,1.428,58.52,31.3,74.5,10.0,152
Nagpur,2023-12-22,98.5,159.47,58.79,23.41,3.278,48.69,11.1,58.9,9.2,164
Chennai,2023-08-09,11.98,18.26,16.42,3.64,0.2,60.71,29.5,83.0,19.4,49
Nashik,2023-08-23,18.25,48.49,24.14,5.95,0.543,68.38,29.8,83.5,15.5,63
Kanpur,2020-04-23,97.31,133.7,66.33,23.15,2.342,51.97,24.8,33.3,9.1,177
Ludhiana,2020-08-25,22.41,10.0,13.38,10.47,1.141,57.51,28.9,72.7,19.3,71
Agra,2022-12-30,98.9,140.6,68.55,18.75,2.2,44.26,22.1,70.2,11.9,175
Nagpur,2020-10-09,47.04,95.29,32.04,6.44,0.924,58.65,26.8,67.6,12.1,129
Kolkata,2020-12-31,150.42,215.93,88.73,39.73,3.657,33.06,6.1,90.1,4.2,493
Kanpur,2024-11-13,98.87,196.31,66.69,33.6,2.208,41.58,22.1,40.7,11.1,173
Nashik,2024-12-20,95.51,172.79,65.72,26.2,1.835,53.19,11.5,88.5,3.0,172
Faridabad,2021-03-31,89.98,149.24,57.47,27.03,2.491,19.97,43.5,36.1,10.9,168
Bangalore,2022-10-21,19.35,57.68,24.6,10.51,1.214,72.25,31.6,62.7,13.4,64
Kolkata,2023-09-05,65.68,104.12,44.59,14.78,1.925,72.13,34.3,74.4,9.8,156
Indore,2020-05-21,28.19,80.54,41.76,21.24,1.156,56.53,34.7,25.2,8.6,85
Mumbai,2021-12-26,110.39,207.84,81.91,40.51,2.822,58.67,17.6,74.6,4.6,172
Nagpur,2021-11-09,66.77,110.61,33.73,13.72,1.938,43.82,13.9,53.1,14.9,156
Nagpur,2020-10-29,60.71,90.01,42.78,9.62,1.634,65.33,33.6,70.2,9.7,151
Hyderabad,2022-03-01,30.25,95.81,37.42,17.18,1.613,65.69,39.9,53.9,8.1,93
Mumbai,2024-05-24,50.87,86.01,57.18,20.61,1.535,61.09,28.3,23.4,9.0,142
Kanpur,2023-12-24,156.34,251.69,78.65,52.3,4.121,28.11,6.6,77.0,6.3,210
Bhopal,2021-09-06,30.19,55.17,25.42,2.0,0.891,59.61,25.6,84.5,14.4,88
Patna,2022-07-22,47.74,98.21,31.94,20.87,1.636,47.46,28.1,79.5,14.5,131
Hyderabad,2022-11-27,73.39,130.73,52.28,30.26,2.162,34.67,37.6,35.8,9.6,156
Patna,2021-07-16,58.97,95.53,31.64,14.45,0.905,45.13,25.8,76.4,6.5,159
Nashik,2024-09-05,7.2,36.53,20.11,2.0,0.565,74.97,27.2,77.4,13.5,25
Bhopal,2022-08-12,39.28,59.57,19.41,6.28,0.949,59.78,27.9,84.8,9.9,107
Hyderabad,2020-03-14,32.67,72.24,18.6,2.89,1.456,52.89,28.8,50.6,17.1,97
Patna,2020-03-08,76.45,122.21,54.18,14.01,2.292,31.97,31.8,24.8,7.0,163
Hyderabad,2020-01-03,67.33,137.32,48.61,22.05,1.351,55.09,25.6,100.0,10.2,155
Meerut,2021-03-05,78.86,115.0,51.08,21.08,2.064,45.16,36.8,32.0,9.3,160
Nashik,2020-10-07,33.38,54.35,28.27,14.43,0.206,75.54,29.7,41.8,9.6,500
Bhopal,2020-10-25,67.67,112.67,29.38,19.1,1.919,64.25,17.7,59.5,8.6,159
Nagpur,2023-06-30,32.79,70.0,17.84,11.45,0.704,75.26,30.7,81.9,10.6,102
Agra,2023-09-05,40.92,98.67,24.07,11.4,1.708,49.24,31.1,84.9,13.0,120
Pune,2022-02-05,81.76,179.49,56.97,19.89,2.337,43.23,15.7,87.0,4.1,172
Meerut,2022-04-23,106.13,155.57,70.12,34.67,3.137,41.39,38.1,30.8,5.1,183
Jaipur,2022-03-04,75.43,78.67,33.87,13.56,1.603,49.48,30.7,28.7,11.4,158
Delhi,2022-10-31,102.9,184.61,66.16,19.14,2.472,57.99,23.0,46.5,7.3,172
Chennai,2023-08-27,26.27,24.09,16.73,2.5,0.661,79.96,30.4,78.6,13.7,81
Chennai,2021-07-21,21.35,24.47,5.0,4.48,0.426,82.82,34.6,76.4,20.4,77
Faridabad,2020-09-02,50.92,101.99,29.97,14.9,0.437,48.24,29.8,79.2,12.6,144
Ahmedabad,2020-08-13,24.16,84.77,24.28,15.48,0.645,63.58,30.2,82.6,14.9,76
Bangalore,2024-02-24,69.41,148.81,57.48,22.66,1.853,63.75,15.4,71.2,5.8,156
Kolkata,2020-02-20,131.91,213.02,79.04,36.38,3.068,39.62,24.5,65.1,7.3,182
Nashik,2020-07-28,18.32,67.12,26.57,11.84,0.911,60.55,30.1,79.5,14.1,57
Pune,2024-11-24,45.15,93.16,49.09,12.47,1.189,46.0,25.0,30.4,9.3,124
Indore,2021-06-19,59.1,91.64,50.86,18.96,1.518,66.24,26.9,76.8,6.1,151
Pune,2023-12-29,72.22,152.95,46.52,27.12,2.407,59.49,13.7,73.2,9.1,165
Hyderabad,2022-09-18,26.87,39.77,21.48,2.0,0.607,66.97,28.2,79.4,12.5,82
Chennai,2022-12-04,61.4,122.97,61.46,20.49,2.068,59.18,5.1,54.3,7.2,167
Mumbai,2024-01-06,92.56,163.52,80.74,28.06,2.559,43.03,14.7,76.0,5.2,175
Meerut,2022-08-24,58.18,89.88,33.56,12.85,1.247,51.22,30.3,78.3,8.1,155
Patna,2023-12-19,126.12,218.8,72.39,34.13,2.623,52.64,11.5,96.3,12.5,187
Faridabad,2022-02-09,188.25,337.2,109.68,44.47,4.176,44.38,17.8,77.4,1.6,233
Nashik,2020-05-15,43.38,83.19,41.52,13.37,1.451,68.41,28.2,26.2,9.1,120
Patna,2020-06-04,46.09,111.73,37.28,14.96,1.4,56.05,28.9,80.3,9.7,127
Agra,2022-11-21,122.18,224.73,72.62,39.72,2.459,34.99,26.6,67.2,8.1,186
Patna,2021-12-09,164.04,226.9,98.18,38.05,3.242,43.27,16.8,68.4,4.5,214
Kolkata,2024-05-29,72.4,122.43,58.42,23.56,1.719,43.88,33.0,40.6,10.3,158
Agra,2023-12-07,147.05,255.93,70.22,38.57,3.784,44.47,15.9,84.6,6.5,199
Jaipur,2024-04-05,69.56,127.1,42.67,22.33,2.036,55.57,29.5,45.5,10.7,159
Nagpur,2023-05-08,43.3,89.59,26.75,12.62,1.003,57.28,30.3,42.0,15.0,122
Pune,2021-03-17,20.8,56.76,26.22,8.46,0.97,59.55,31.6,20.7,14.6,79
Bhopal,2024-10-05,44.25,64.26,26.39,13.22,1.559,67.0,21.0,56.6,8.1,116
Indore,2022-10-29,59.27,114.06,39.21,25.05,1.579,70.26,24.8,88.4,8.2,155
Pune,2021-09-09,28.43,49.84,34.25,10.02,0.868,74.42,32.9,64.7,11.3,87
Bangalore,2023-02-01,70.24,156.75,64.13,25.18,2.734,52.69,24.4,69.4,2.9,159
Hyderabad,2021-08-23,33.22,94.02,29.14,9.22,0.862,55.71,32.1,85.4,11.3,100
Nashik,2021-02-20,54.44,76.52,35.98,20.98,1.509,54.05,11.1,60.6,11.3,149
Kolkata,2020-03-31,60.47,86.56,41.48,15.94,1.523,39.93,34.0,37.5,16.1,154
Ahmedabad,2023-09-15,22.24,63.57,7.72,16.41,0.447,57.04,27.4,83.5,16.2,72
Mumbai,2024-12-28,112.99,203.81,94.11,31.72,3.712,48.74,11.4,62.4,3.9,174
Faridabad,2020-07-14,52.13,105.14,33.17,16.03,1.085,43.6,30.4,79.6,13.4,138
Pune,2022-03-20,36.0,76.45,32.83,18.35,1.61,59.82,30.5,34.8,10.5,101
Hyderabad,2022-10-11,48.33,97.8,36.71,17.93,1.318,52.23,25.1,42.1,8.3,130
Patna,2024-03-20,135.61,182.68,71.72,32.48,2.733,52.04,22.5,34.5,4.9,195
Lucknow,2022-07-26,72.15,114.32,37.41,8.58,2.141,49.39,32.0,88.1,11.0,162
Indore,2024-10-15,79.34,137.71,41.29,26.19,1.758,49.1,27.6,52.3,6.5,167
Ahmedabad,2020-09-23,56.06,97.51,49.94,18.23,0.96,70.18,29.2,87.6,11.9,156
Bangalore,2024-03-13,42.13,74.79,31.74,16.85,1.244,90.23,35.5,42.6,4.8,117
Kanpur,2023-07-30,38.88,89.83,23.35,7.93,0.601,60.09,26.7,82.9,17.8,109
Nagpur,2024-10-01,37.36,42.15,32.43,19.5,1.619,50.86,26.1,50.0,11.8,104
Bangalore,2023-09-18,9.36,23.78,19.21,9.68,0.2,86.01,36.4,70.2,18.1,44
Ahmedabad,2020-09-27,45.56,109.72,29.07,13.46,1.006,45.07,27.5,78.3,9.6,117
Bhopal,2021-03-09,77.83,100.39,39.68,24.11,1.79,53.08,36.3,52.9,6.9,168
Bhopal,2021-07-17,24.32,67.27,5.6,3.8,1.269,68.62,29.0,86.1,15.4,80
Kanpur,2020-10-19,121.83,169.23,70.0,38.25,2.667,54.36,28.2,58.5,6.6,186
Chennai,2024-03-10,69.35,128.7,46.61,23.77,1.554,60.99,41.1,45.8,2.5,165
Nashik,2021-06-22,53.1,57.04,25.23,9.05,0.796,75.85,24.5,79.4,8.9,149
Kolkata,2024-10-02,77.38,118.32,34.22,16.62,1.582,62.35,23.9,68.3,10.0,171
Bangalore,2023-02-04,55.29,134.26,39.19,10.43,1.681,64.35,17.1,86.6,8.2,151
Bhopal,2021-01-24,101.8,180.5,52.2,31.79,2.641,40.27,17.4,60.5,6.2,175
Nagpur,2024-07-04,31.92,14.71,20.02,5.79,0.415,68.85,29.7,73.8,20.4,94
Jaipur,2023-04-08,64.17,121.21,47.39,14.7,1.184,42.21,28.8,48.8,13.6,157
Bangalore,2021-04-07,45.2,114.71,44.57,15.35,0.624,65.34,26.4,41.1,6.5,127
Kanpur,2022-04-18,89.16,142.39,39.88,26.84,2.842,44.31,43.2,34.4,9.6,176
Bangalore,2023-04-13,26.85,32.5,21.52,8.75,0.987,63.81,28.6,51.1,14.3,79
Indore,2024-05-31,64.47,102.76,43.87,29.57,2.079,57.0,39.3,36.9,4.8,154
Patna,2022-07-11,46.05,74.28,19.33,6.96,0.511,40.38,30.1,76.7,15.3,129
Nagpur,2023-09-04,26.04,35.89,23.26,5.03,0.928,66.88,30.7,65.2,17.0,78
Nashik,2024-10-25,20.97,38.35,24.01,9.63,0.802,85.98,19.2,42.4,12.5,66
Indore,2022-10-26,67.99,129.99,32.34,12.36,1.552,60.86,25.0,59.5,10.5,153
Delhi,2023-01-04,212.27,318.78,118.37,47.01,4.863,31.46,17.8,69.6,2.0,262
Patna,2021-07-01,61.24,87.95,43.81,9.01,1.419,63.53,26.0,87.8,12.2,153
Nagpur,2020-10-26,56.55,70.26,32.84,5.48,1.249,62.15,25.4,51.2,14.4,148
Kolkata,2024-06-18,26.43,53.78,25.74,12.09,0.725,62.72,29.8,78.2,14.8,77
Pune,2021-07-11,23.25,37.34,20.5,8.56,1.177,76.03,33.0,86.6,20.2,74
Kanpur,2020-03-03,95.64,121.95,63.82,33.33,2.241,40.39,26.5,44.2,10.5,169
Nashik,2022-02-25,61.68,132.46,57.56,21.83,1.556,56.99,9.2,65.3,5.6,153
Agra,2023-08-24,33.83,74.01,22.89,12.93,1.435,49.83,27.2,83.3,13.8,95
Mumbai,2022-12-19,120.14,210.78,84.43,36.5,2.549,54.49,10.4,82.4,4.5,184
Meerut,2021-10-13,83.5,125.43,45.19,22.17,1.813,47.45,22.2,66.7,12.3,163
Nashik,2024-10-27,51.6,106.35,31.31,20.96,1.212,63.58,28.0,64.3,8.5,137
Hyderabad,2022-06-07,29.16,68.97,18.92,2.0,0.2,69.22,30.6,72.3,16.7,85
Faridabad,2020-12-02,166.83,271.58,93.55,40.75,3.896,37.86,7.4,53.6,7.3,218
Kolkata,2022-01-16,185.11,299.63,109.7,43.66,3.865,42.7,22.6,75.9,2.9,232
Ludhiana,2023-12-16,109.44,159.12,63.64,24.97,2.804,46.54,10.0,55.3,8.1,176
Nagpur,2023-03-18,60.68,108.35,48.52,20.95,1.806,48.01,36.0,47.7,8.6,150
Lucknow,2021-08-08,46.23,42.58,9.64,4.71,0.96,49.1,33.1,65.5,20.5,113
Ludhiana,2020-06-24,41.19,73.7,14.92,8.98,0.835,69.52,33.6,74.8,17.5,113
Bhopal,2023-12-12,82.81,161.57,60.78,21.95,2.173,54.41,20.9,69.1,4.5,166
Ludhiana,2022-03-14,57.66,99.33,46.04,20.63,1.859,67.8,39.4,34.7,8.8,144
Agra,2022-11-12,136.73,226.47,87.84,31.37,3.72,37.88,20.4,71.9,5.8,193
Faridabad,2021-07-27,52.28,80.54,36.09,15.72,1.315,35.99,35.7,69.0,9.5,142
Jaipur,2022-12-16,94.53,191.24,49.27,31.02,2.82,35.18,10.7,83.6,10.6,178
Ahmedabad,2021-05-13,90.0,155.63,42.06,32.73,1.43,33.46,29.4,53.4,8.0,171
Agra,2021-10-21,90.6,111.48,65.22,24.93,2.825,61.07,30.2,42.9,6.1,169
Bangalore,2022-06-11,20.36,55.16,34.29,6.18,1.33,79.45,30.7,69.2,7.2,70
Nagpur,2020-11-22,123.77,237.5,82.21,38.71,3.187,56.01,27.9,50.3,4.2,185
Nagpur,2024-03-26,58.57,103.98,44.84,21.69,1.617,57.51,23.7,30.5,11.2,153
Kanpur,2020-03-12,77.28,94.13,42.2,21.25,2.083,36.31,29.3,38.0,11.6,165
Bhopal,2024-05-01,46.69,89.01,37.25,11.23,1.193,51.92,26.7,50.7,12.5,124
Kolkata,2023-09-29,35.97,79.87,28.26,17.5,0.756,45.82,27.7,85.3,18.2,100
Nagpur,2021-06-25,28.05,31.76,15.34,6.55,0.495,67.94,31.5,85.1,16.4,81
Bhopal,2022-01-05,74.74,168.55,45.49,24.93,1.989,55.96,13.5,56.6,6.6,161
Kolkata,2024-08-28,52.22,81.43,32.77,15.13,1.359,74.27,31.5,89.2,10.6,145
Mumbai,2023-02-27,109.73,175.87,88.69,29.89,2.703,42.25,16.8,61.1,5.9,178
Indore,2022-12-01,118.24,231.38,72.94,32.51,3.071,42.78,12.6,83.9,3.9,188
Ahmedabad,2020-04-13,69.26,127.59,50.75,27.42,1.495,63.44,26.8,47.8,11.6,163
Chennai,2021-07-25,45.83,80.92,28.19,7.79,1.044,69.35,31.0,69.6,3.9,129
Bhopal,2020-04-30,50.52,93.03,45.59,14.59,2.007,59.7,23.7,27.4,7.2,140
Ludhiana,2024-06-17,44.21,79.35,29.36,13.45,0.836,49.74,26.4,81.8,13.5,121
Kolkata,2022-06-23,49.26,91.41,38.53,22.33,1.561,56.05,30.8,74.4,7.1,136
Delhi,2022-05-15,116.4,167.24,75.88,34.61,2.672,56.28,32.5,33.2,7.0,176
Mumbai,2023-03-31,65.27,116.09,49.04,23.81,1.38,70.21,26.6,57.2,7.3,156
Indore,2021-06-05,22.52,58.43,10.78,4.56,0.488,57.14,27.0,83.3,18.5,71
Ahmedabad,2022-07-20,63.0,107.08,35.11,23.6,1.166,56.68,30.4,82.1,9.2,156
Meerut,2024-01-15,146.46,248.38,78.33,43.06,3.922,54.02,10.0,77.4,3.3,198
Agra,2023-11-29,116.63,185.24,72.23,28.47,3.267,44.28,24.4,58.2,8.9,183
Nagpur,2022-12-09,104.87,168.71,63.27,35.09,2.128,66.47,12.3,80.7,5.8,178
Faridabad,2023-04-12,87.56,162.59,62.21,30.34,2.604,34.81,30.0,33.0,10.6,165
Jaipur,2021-11-06,130.47,276.08,84.6,44.8,3.316,43.8,26.6,41.4,3.0,187
Chennai,2020-02-09,97.96,178.21,74.71,34.55,2.531,51.02,13.7,54.0,1.9,183
Kanpur,2020-11-23,105.4,153.73,64.25,33.25,2.722,38.38,35.6,53.8,12.6,180
Ludhiana,2024-05-25,71.15,136.41,55.11,25.05,2.21,56.39,31.5,32.8,9.9,163
Bhopal,2022-07-10,32.04,36.98,21.8,11.54,0.792,71.0,30.9,99.3,16.3,107
Agra,2022-05-16,100.33,156.78,61.04,24.56,2.559,27.2,36.8,32.9,5.4,172
Lucknow,2023-11-03,128.67,222.97,84.41,38.36,3.11,45.76,30.5,40.4,9.9,190
Nashik,2022-08-22,31.5,48.58,11.57,4.41,0.423,69.69,27.6,72.3,14.3,104
Bangalore,2021-04-19,33.3,79.36,36.53,15.48,1.607,74.31,37.7,24.2,9.2,96
Ludhiana,2023-05-09,59.29,88.85,44.94,19.57,1.283,55.49,34.5,45.7,14.8,162
Bhopal,2024-12-25,118.31,201.12,60.65,34.77,2.094,51.26,7.6,69.4,3.6,185
Kanpur,2024-10-04,89.15,135.29,59.77,32.61,1.986,54.5,15.7,48.0,8.6,169
Agra,2020-01-02,161.49,278.86,97.44,41.99,4.116,29.51,13.8,64.0,3.7,214
Ahmedabad,2021-04-25,46.82,143.42,47.27,13.82,1.971,65.86,26.7,46.6,8.9,129
Lucknow,2023-07-17,41.72,60.9,21.25,9.78,0.598,43.78,29.0,86.6,22.8,116
Patna,2024-10-23,63.35,94.39,43.05,19.71,1.612,49.24,22.7,39.8,13.3,155
Faridabad,2022-07-16,57.66,49.58,24.67,7.79,0.554,38.2,32.4,79.8,18.5,159
Ahmedabad,2023-10-17,53.26,104.7,31.98,22.02,1.799,36.35,20.0,73.3,15.5,147
Chennai,2022-02-15,49.5,96.9,38.93,19.03,1.285,61.79,5.6,74.9,10.9,139
Patna,2020-10-13,87.35,123.38,44.18,26.58,1.228,32.84,18.8,75.1,9.9,159
Chennai,2022-12-27,93.75,158.75,63.2,30.01,2.421,51.43,6.5,67.5,5.2,176
Faridabad,2021-08-01,83.43,96.25,43.16,23.27,1.046,57.16,32.4,80.1,11.9,173
Mumbai,2021-06-24,35.17,47.83,26.27,13.55,1.07,53.69,33.6,69.9,16.9,104
Nagpur,2021-12-23,88.87,186.69,57.78,26.39,1.236,45.19,17.2,79.1,8.0,161
Indore,2021-10-24,47.86,112.67,44.81,17.23,1.381,56.78,28.9,43.2,7.1,142
Hyderabad,2022-02-20,97.06,192.12,72.92,35.35,2.965,39.0,10.0,73.8,3.6,172
Bangalore,2020-05-03,29.3,54.73,28.17,10.11,1.335,58.26,33.9,40.0,12.5,497
Nagpur,2021-08-08,7.55,60.99,14.91,10.12,0.838,57.44,29.8,94.5,18.9,54
Ahmedabad,2022-09-29,38.24,112.85,28.93,9.91,0.744,67.38,34.8,82.6,13.5,103
Lucknow,2024-09-28,43.49,90.24,22.88,11.68,0.755,43.76,29.1,93.7,13.3,124
Patna,2024-05-25,76.89,147.05,44.97,19.56,2.185,38.33,38.1,31.2,10.9,159
Bhopal,2020-01-14,106.02,192.56,56.18,31.03,2.779,60.31,13.1,57.3,3.9,178
Faridabad,2022-06-09,56.79,89.14,27.59,17.79,1.043,43.9,29.6,74.5,13.4,160
Jaipur,2021-08-06,41.04,69.06,10.36,2.53,0.532,78.54,29.6,69.6,18.7,110
Nashik,2024-01-19,79.51,140.52,49.03,29.26,1.987,51.47,25.4,71.9,6.3,163
Meerut,2022-09-09,23.42,12.37,6.72,9.89,0.707,44.55,30.4,81.0,21.8,66
Ahmedabad,2022-10-28,64.46,121.99,36.74,16.43,2.1,51.28,26.6,53.3,8.0,156
Lucknow,2024-07-27,43.85,57.36,27.26,2.0,1.393,57.22,28.5,79.0,18.2,122
Lucknow,2020-04-07,79.72,125.24,49.79,26.05,2.085,47.98,36.6,39.5,12.2,163
Nagpur,2024-01-16,93.29,212.86,63.49,33.75,2.183,48.69,13.4,61.0,8.0,174
Faridabad,2024-08-19,89.62,164.88,53.86,11.57,1.627,51.64,32.4,85.5,8.1,167
Indore,2021-02-24,101.34,192.02,57.71,30.87,2.796,38.51,10.5,60.6,3.7,173
Jaipur,2022-12-09,105.82,191.01,45.9,27.42,2.188,48.02,15.7,67.5,10.9,170
Indore,2022-05-25,58.22,114.09,48.4,21.81,2.292,43.9,27.6,33.7,7.2,148
Faridabad,2024-07-15,76.05,118.0,49.34,26.87,1.687,51.73,25.8,75.5,6.9,165
Agra,2020-12-20,135.74,247.02,77.53,39.1,3.557,23.82,11.9,52.1,5.3,189
Bhopal,2022-02-19,88.86,168.37,47.58,22.54,2.232,73.15,13.5,77.5,5.0,162
Kanpur,2024-11-07,155.17,253.75,93.36,43.58,3.702,37.7,18.2,50.7,4.3,210
Patna,2020-02-02,121.87,221.96,66.26,35.09,2.689,42.37,23.0,69.0,11.3,181
Ahmedabad,2023-09-12,65.45,85.29,29.49,18.37,1.445,59.13,27.8,81.6,12.5,156
Agra,2024-12-11,177.56,285.86,99.0,45.62,3.806,23.7,11.4,81.0,3.0,224
Indore,2022-12-09,87.44,168.75,40.04,31.16,2.591,53.29,5.3,91.5,6.4,168
Lucknow,2020-10-26,90.31,149.91,46.41,25.0,1.444,29.66,23.4,59.1,7.0,173
Kolkata,2021-10-04,94.79,132.29,46.43,26.21,2.078,41.1,22.0,64.3,7.7,166
Hyderabad,2024-06-18,15.7,47.34,12.85,12.08,1.218,57.34,30.7,72.6,11.9,55
Agra,2021-07-29,57.12,133.29,34.01,22.98,1.686,49.12,31.6,68.8,8.8,152
Bhopal,2021-11-12,75.72,126.55,43.8,19.97,2.255,54.91,24.6,53.5,8.3,163
Faridabad,2021-05-23,41.09,58.91,24.0,14.83,1.271,32.53,33.8,18.7,18.6,109
Patna,2023-03-06,72.98,106.71,55.78,21.98,2.003,49.25,28.4,41.9,10.7,156
Kolkata,2021-05-21,88.65,162.57,47.78,25.82,1.788,61.9,26.3,43.5,7.3,162
Nagpur,2022-03-02,45.15,76.97,32.29,20.75,1.285,49.32,28.5,46.3,12.8,125
Kolkata,2020-04-12,50.97,61.26,39.4,15.98,1.428,49.47,30.1,55.1,16.6,135
Bangalore,2021-07-15,29.41,17.59,19.01,6.83,0.844,76.4,31.2,81.9,14.3,82
Ahmedabad,2023-06-22,47.18,92.54,21.04,7.92,0.98,69.18,24.5,81.8,12.0,134
Bangalore,2020-04-19,35.75,66.69,31.99,13.44,0.657,63.42,24.8,41.0,14.7,102
Pune,2023-07-20,32.92,35.03,19.98,11.4,0.238,92.14,29.3,85.4,13.7,100
Bangalore,2022-12-29,56.84,129.11,46.24,20.8,1.116,69.78,3.1,70.4,7.4,152
Nagpur,2021-12-15,125.96,260.16,83.16,32.62,3.178,31.97,14.7,90.1,4.0,188
Delhi,2022-05-27,113.46,188.79,82.87,26.09,2.403,61.49,26.6,31.1,7.9,176
Kolkata,2024-11-19,87.93,163.06,59.99,29.59,2.029,47.73,28.3,50.9,13.3,160
Meerut,2021-02-16,147.45,236.71,81.57,40.29,3.266,44.97,15.0,55.1,5.7,196
Patna,2023-04-17,100.06,149.0,65.93,29.61,1.949,57.5,37.6,33.7,5.8,183
Chennai,2021-09-29,10.3,23.45,21.68,7.84,0.902,83.1,35.3,75.4,15.7,33
Delhi,2022-07-08,77.25,120.36,47.28,18.38,1.934,50.16,30.0,69.5,9.7,164
Meerut,2021-12-27,174.27,296.15,105.83,45.15,4.344,38.54,11.1,74.7,2.8,227
Faridabad,2024-09-27,70.41,91.17,34.28,15.02,1.226,43.6,27.7,92.8,13.5,155
Kolkata,2022-11-13,95.89,168.13,55.99,24.57,1.836,43.31,25.2,54.9,11.6,176
Nashik,2024-03-26,42.16,75.83,26.15,15.0,0.934,70.7,28.8,39.0,9.5,117
Nashik,2022-03-13,51.97,109.74,32.3,15.32,1.184,65.09,35.7,25.5,9.2,148
Agra,2023-01-23,141.2,220.0,72.78,30.92,2.601,49.22,27.2,88.7,7.1,195
Chennai,2024-10-13,61.45,112.44,44.31,22.6,1.438,57.99,24.2,67.2,7.3,154
Chennai,2022-08-09,29.31,56.38,27.1,9.23,0.842,73.21,33.7,74.3,10.6,81
Delhi,2020-02-09,202.7,336.37,131.38,50.85,4.848,36.24,6.9,59.4,3.2,250
Indore,2020-12-31,76.67,185.3,64.32,31.45,1.755,57.67,23.3,92.3,8.7,170
Indore,2022-07-19,39.05,64.68,20.6,9.08,0.956,71.57,34.9,78.4,10.4,103
Kanpur,2023-03-07,63.9,150.22,48.22,25.41,1.905,44.98,34.1,38.1,11.3,162
Lucknow,2024-10-31,77.81,115.77,44.06,23.68,1.474,42.57,22.7,50.1,11.5,168
Ludhiana,2022-03-26,67.77,151.33,58.48,28.54,2.416,72.31,34.6,32.6,9.5,158
Ahmedabad,2024-05-12,61.03,125.26,39.3,23.33,1.774,44.17,23.6,49.8,7.8,152
Bangalore,2022-12-10,65.81,132.92,49.57,18.43,1.76,56.22,9.3,75.4,5.5,156
Bhopal,2020-04-03,58.49,86.91,34.31,11.42,1.225,67.17,37.4,47.4,11.7,138
Kolkata,2021-09-08,63.05,95.5,41.29,19.27,1.628,50.62,29.8,76.4,9.8,158
Ludhiana,2020-07-27,68.91,115.74,50.33,21.72,1.477,60.17,27.0,74.4,8.5,149
Patna,2024-07-27,72.01,77.14,35.69,21.02,1.94,42.38,28.8,78.0,6.7,160
Agra,2023-02-24,128.69,188.12,70.48,37.13,3.029,62.16,14.2,60.7,4.7,197
Chennai,2022-02-23,77.17,153.51,61.86,27.54,2.421,52.5,14.2,51.6,5.3,154
Pune,2024-08-21,34.97,33.2,25.6,7.82,1.14,78.67,31.7,79.7,16.2,94
Nagpur,2020-09-06,25.76,70.97,26.41,10.94,0.663,61.87,27.3,94.2,12.6,83
Bangalore,2023-04-06,44.15,69.0,23.51,16.08,1.564,67.47,36.7,37.4,10.0,120
Chennai,2024-06-21,30.32,61.52,29.88,12.0,1.074,72.97,31.2,77.0,12.9,93
Kanpur,2023-12-12,136.34,213.63,72.39,34.02,2.865,47.24,18.1,83.6,10.0,189
Nashik,2024-11-25,69.62,109.11,55.69,21.96,1.358,62.16,21.4,39.8,5.2,154
Ludhiana,2022-02-17,144.42,240.65,80.81,29.22,3.561,47.36,27.7,75.5,5.8,193
Lucknow,2022-05-03,62.81,136.97,58.42,20.39,2.005,47.09,39.7,27.2,9.7,155
Agra,2022-07-12,40.86,43.3,33.17,12.76,0.459,63.91,32.4,95.9,17.6,114
Agra,2022-11-01,123.75,227.08,67.45,25.2,2.969,44.96,21.0,55.5,5.6,188
Nagpur,2023-11-15,80.1,166.87,54.03,21.79,2.53,65.0,13.3,41.0,9.2,168
Kolkata,2020-09-12,45.37,63.02,28.81,8.66,0.968,47.33,31.1,82.6,13.1,124
Lucknow,2024-01-28,139.3,243.7,74.91,41.87,3.527,37.22,10.9,78.5,5.9,194
Pune,2021-11-29,66.85,140.79,48.15,26.26,1.208,55.12,28.4,64.0,11.9,158
Kolkata,2020-12-26,134.69,212.06,86.58,37.99,3.324,38.72,13.0,48.5,4.6,193
Nagpur,2021-05-19,52.1,90.29,38.48,21.18,1.056,59.48,32.5,32.2,10.8,132
Nashik,2021-09-25,12.85,18.53,11.46,6.27,0.2,69.0,33.3,78.3,21.8,51
Indore,2023-06-12,18.06,35.48,13.91,2.0,0.859,53.96,30.6,73.3,22.3,58
Chennai,2020-10-10,57.6,92.21,35.34,22.66,1.032,57.13,20.5,51.1,9.8,156
Agra,2021-04-30,71.78,113.49,44.79,25.75,1.604,25.1,38.3,40.3,12.2,156
Hyderabad,2023-03-05,48.38,115.51,32.42,15.7,0.88,68.85,16.5,35.5,9.9,132
Kanpur,2020-10-11,101.0,140.26,55.0,22.78,1.919,33.22,20.5,69.7,8.9,175
Delhi,2023-04-10,83.55,93.56,49.58,22.43,1.395,52.7,29.5,47.8,14.1,168
Indore,2020-03-17,46.28,88.31,32.58,10.66,1.21,62.03,24.7,31.3,12.2,125
Ahmedabad,2023-10-14,58.55,164.8,43.25,21.75,1.817,43.09,29.3,52.6,10.4,148
Nagpur,2023-01-04,104.89,192.86,55.97,28.42,3.092,53.87,11.4,65.5,3.7,180
Meerut,2024-01-08,138.87,230.16,76.55,43.4,3.479,37.95,14.5,62.2,6.7,196
Ludhiana,2022-05-29,92.26,121.29,53.13,19.59,2.15,40.59,27.4,42.4,9.6,166
Kanpur,2024-08-24,61.28,94.92,27.37,12.38,0.895,62.77,31.5,87.8,14.4,153
Pune,2022-10-21,41.19,83.11,31.66,10.52,1.784,46.77,31.7,49.4,8.6,121
Kolkata,2021-07-25,44.9,54.21,29.48,15.45,0.838,58.95,29.7,95.0,16.1,499
Pune,2021-06-06,12.62,40.06,25.57,2.0,0.2,74.06,25.7,82.3,21.4,62
Jaipur,2021-06-08,37.09,88.15,11.83,9.12,1.259,57.04,29.0,66.2,10.8,95
Delhi,2022-08-31,28.01,38.35,23.27,12.26,0.951,62.02,26.0,72.2,18.8,81
Bhopal,2023-01-01,96.7,208.78,60.35,28.54,2.616,54.48,26.8,74.2,4.2,181
Bhopal,2021-08-15,13.63,28.15,5.0,3.23,0.587,75.78,33.1,68.7,23.4,54
Meerut,2024-09-25,54.76,82.32,38.07,17.89,1.12,54.01,37.4,87.3,9.3,143
Nagpur,2024-05-06,73.66,127.53,51.75,16.66,1.542,67.8,33.9,37.0,7.7,160
Chennai,2024-08-28,18.34,62.5,25.26,8.5,0.271,70.3,28.9,65.0,11.2,65
Lucknow,2020-12-24,138.55,212.02,73.7,35.84,3.377,43.22,15.1,68.5,6.9,187
Delhi,2023-11-30,182.94,265.84,105.92,42.78,4.284,32.0,22.0,59.8,7.9,231
Bangalore,2022-09-07,41.64,90.83,27.7,9.23,0.547,88.67,29.4,85.5,4.9,113
Kolkata,2024-03-03,65.39,129.37,51.87,28.72,1.68,40.81,24.0,43.9,13.2,155
Meerut,2020-08-15,66.24,88.22,39.43,13.15,1.063,61.9,27.7,80.6,14.6,163
Kolkata,2022-04-23,61.35,95.86,32.13,14.12,1.252,46.46,26.5,38.6,14.5,153
Nashik,2020-06-17,42.51,73.55,28.55,8.26,0.976,73.54,29.7,85.2,3.0,117
Mumbai,2020-11-14,96.97,149.24,69.52,30.09,2.197,60.36,32.4,45.5,5.5,177
Bhopal,2023-05-23,52.98,95.75,39.28,14.0,1.494,63.86,21.7,41.8,9.5,140
Meerut,2021-05-25,91.91,157.96,58.97,25.06,2.485,53.67,30.9,45.8,8.1,166
Bangalore,2021-03-29,45.38,93.85,36.63,16.03,1.031,76.25,34.5,61.8,12.3,127
Kanpur,2021-04-29,86.27,129.56,40.69,27.84,2.156,38.54,32.1,51.6,13.0,162
Meerut,2024-12-12,158.65,222.69,83.99,38.4,3.288,49.34,12.6,87.5,6.3,210
Bangalore,2021-05-07,38.9,74.97,40.83,15.77,1.249,79.69,36.9,41.8,9.9,95
Kanpur,2020-08-29,53.82,69.15,27.29,13.59,1.444,59.4,30.7,84.4,12.1,143
Jaipur,2024-01-22,112.59,232.63,60.19,30.42,2.64,45.67,11.3,53.5,6.7,179
Bangalore,2024-10-26,60.53,86.53,38.57,8.98,1.503,71.05,28.4,53.4,5.6,147
Delhi,2020-05-21,80.54,164.9,51.46,13.46,1.856,39.02,36.4,37.6,13.6,168
Indore,2022-07-01,45.86,97.09,22.38,9.18,1.71,57.19,32.1,94.8,9.9,126
Faridabad,2022-08-02,45.79,90.86,27.06,7.94,0.761,50.39,38.0,97.8,18.4,129
Chennai,2021-06-13,38.76,61.91,26.15,6.75,0.971,68.52,31.6,82.4,9.8,106
Indore,2021-05-21,82.82,132.68,57.15,20.33,1.818,55.28,27.9,53.8,5.9,158
Meerut,2020-10-08,59.24,95.19,34.97,20.2,1.646,45.85,27.6,58.5,9.1,152
Chennai,2024-03-24,42.09,88.06,37.71,14.71,1.906,72.88,25.7,30.1,7.9,121
Delhi,2024-07-10,53.7,88.24,19.78,11.68,0.941,50.15,28.4,86.9,12.5,153
Bhopal,2022-02-16,99.04,161.18,58.73,23.94,2.704,45.72,13.8,56.5,4.3,167
Lucknow,2024-08-29,32.39,71.5,10.59,4.2,1.44,42.93,30.5,79.0,15.8,85
Kolkata,2021-05-26,116.4,138.34,70.61,37.29,3.372,49.29,32.1,40.2,1.5,175
Bhopal,2023-11-03,70.78,155.29,42.42,24.92,1.722,55.71,20.3,62.0,9.0,156
Ahmedabad,2023-12-03,115.96,224.23,55.73,44.38,3.167,34.08,5.8,49.2,2.8,182
Bangalore,2020-11-25,52.1,105.78,43.67,11.14,1.057,59.33,24.0,64.8,10.8,142
Bhopal,2024-01-21,74.09,165.67,44.5,25.46,2.235,54.64,11.9,66.8,7.4,161
Faridabad,2021-02-09,182.2,275.96,101.14,46.56,3.573,42.11,14.1,77.5,3.4,226
Chennai,2024-03-11,32.79,75.84,39.98,13.13,1.296,77.61,27.5,39.3,10.1,104
Meerut,2024-09-14,89.12,154.66,39.07,21.73,1.772,36.11,29.4,93.1,7.6,500
Kanpur,2024-09-21,45.94,116.44,30.49,11.89,0.915,57.91,24.8,75.1,15.3,124
Meerut,2023-02-28,109.73,165.54,63.96,24.53,2.305,37.84,12.8,68.3,11.7,180
Faridabad,2024-09-07,49.22,95.84,34.7,15.89,1.745,57.33,28.0,83.9,9.7,137
Meerut,2021-06-27,30.75,10.0,5.0,12.38,0.2,46.35,30.4,78.0,21.1,84
Bangalore,2024-03-21,41.97,56.83,41.59,13.48,1.429,76.4,36.7,42.8,10.3,119
Ahmedabad,2020-07-21,42.03,111.1,22.96,9.36,1.257,57.69,31.4,78.3,11.9,110
Ludhiana,2024-08-04,59.24,69.95,38.38,18.11,0.835,56.72,23.1,84.7,11.0,153
Hyderabad,2021-02-20,94.25,160.99,66.16,30.04,2.713,46.56,17.1,71.8,3.5,171
Meerut,2022-12-12,122.4,191.72,70.94,28.52,3.18,49.87,17.3,60.3,8.9,186
Delhi,2023-05-11,64.89,138.24,59.06,14.15,2.015,36.56,36.4,42.3,16.3,156
Agra,2021-07-16,52.87,79.85,31.25,17.68,0.631,48.14,27.3,76.6,10.5,142
Chennai,2024-03-16,52.09,78.65,34.62,8.31,1.272,69.48,30.9,42.0,11.3,144
Ludhiana,2021-01-09,138.14,217.63,80.42,40.69,3.663,51.34,5.6,79.4,3.2,193
Indore,2024-10-07,46.06,120.85,42.49,16.39,1.032,57.64,21.3,69.3,13.3,117
Nagpur,2022-08-21,10.0,46.49,15.6,6.61,0.634,47.95,26.4,73.5,18.4,39
Ludhiana,2020-08-29,65.35,82.41,44.95,19.01,2.139,56.36,32.3,64.7,5.0,157
Nashik,2023-09-10,15.12,55.93,8.67,9.16,0.232,87.57,35.2,69.1,12.6,56
Nagpur,2024-01-25,95.12,158.75,79.52,34.23,2.796,56.67,17.4,42.9,7.3,172
Jaipur,2023-12-20,123.94,235.36,62.92,31.19,2.859,50.15,20.3,68.2,8.4,188
Delhi,2022-01-11,173.36,284.04,96.95,38.01,3.964,36.82,10.0,76.2,8.1,225
Kanpur,2021-02-13,165.26,228.62,93.43,38.58,4.232,36.04,20.8,61.4,5.9,227
Indore,2023-08-31,13.17,34.09,16.58,2.0,1.095,76.03,27.1,78.2,17.0,46
Mumbai,2020-01-17,104.08,163.82,80.43,32.48,2.995,52.37,7.8,57.5,4.8,174
Ludhiana,2023-07-21,47.46,88.45,26.25,15.01,0.719,61.72,31.6,84.6,13.3,130
Agra,2024-03-18,91.33,175.34,61.97,23.29,2.637,52.24,28.4,44.2,5.4,163
Hyderabad,2023-11-22,79.19,192.72,71.11,32.06,2.323,54.52,18.3,48.5,5.3,159
Ahmedabad,2023-03-05,73.57,123.54,52.27,25.56,1.94,53.72,36.5,35.5,9.7,175
Faridabad,2023-09-04,43.76,82.33,30.25,14.59,1.287,61.42,31.7,75.8,8.3,123
Faridabad,2024-07-11,48.15,62.17,32.49,10.78,1.069,66.69,27.5,93.9,18.6,137
Ludhiana,2024-09-27,40.37,46.12,12.35,7.03,0.982,66.91,30.1,91.3,20.1,101
Ahmedabad,2024-01-23,86.05,156.86,47.33,24.01,2.303,44.07,15.2,69.7,10.1,167
Indore,2023-10-27,51.83,112.97,36.99,14.7,1.041,72.18,14.5,59.4,7.8,135
Nashik,2024-12-25,87.52,170.69,66.25,31.18,2.372,52.49,18.0,74.1,3.2,171
Bangalore,2023-01-31,72.57,132.35,45.73,19.51,1.677,48.74,11.8,61.5,5.6,161
Lucknow,2020-02-24,122.5,206.56,71.02,29.66,3.353,33.46,15.1,69.8,4.3,186
Ahmedabad,2023-10-05,88.19,146.84,56.0,26.68,1.311,52.02,21.7,35.5,7.5,169
Indore,2023-04-09,56.1,126.05,50.52,14.51,1.778,67.25,29.0,32.1,9.0,144
Jaipur,2021-03-29,42.22,121.37,26.45,17.57,1.879,47.12,32.6,43.1,12.7,114
Agra,2022-01-21,94.19,201.52,74.35,31.27,3.19,50.6,11.4,58.9,4.0,176
Indore,2022-03-31,56.66,85.85,30.26,11.71,1.162,49.95,31.5,51.2,14.4,152
Faridabad,2020-09-24,39.29,98.16,9.58,8.6,1.362,42.43,29.3,100.0,19.3,115
Patna,2024-04-23,88.41,162.58,38.53,24.81,2.145,44.17,33.5,41.2,10.7,157
Jaipur,2021-01-04,92.76,175.73,45.04,23.22,1.132,54.06,3.7,72.1,11.9,168
Patna,2022-09-18,20.91,27.84,5.0,9.46,0.748,64.66,33.5,88.4,25.7,66
Meerut,2023-08-09,35.81,48.55,27.86,9.87,1.306,57.43,32.0,72.9,17.8,105
Kolkata,2022-07-31,51.58,70.02,34.31,11.98,0.751,63.3,22.9,93.4,10.5,134
Mumbai,2020-04-13,39.98,67.62,27.96,21.46,0.754,67.94,31.7,48.9,14.8,111
Bhopal,2022-05-18,47.56,95.46,43.18,16.43,1.785,61.0,31.6,41.9,8.9,131
Agra,2021-06-22,69.41,107.25,38.33,22.21,1.653,43.97,32.3,85.6,6.5,161
Pune,2020-12-17,80.7,161.38,62.43,25.43,1.814,53.9,12.3,70.1,8.7,171
Faridabad,2024-09-15,67.5,97.94,26.81,14.9,1.739,34.29,30.7,86.9,12.4,165
Meerut,2024-11-13,110.85,170.1,60.08,39.38,2.767,48.04,18.4,59.1,10.2,179
Lucknow,2022-07-25,43.32,66.17,12.07,9.82,0.661,45.04,30.6,85.4,15.6,119
Pune,2024-01-16,83.53,160.47,62.6,29.17,2.423,49.62,20.0,65.9,6.4,165
Nagpur,2024-05-08,63.49,137.08,48.63,16.66,2.147,56.07,36.9,39.9,6.6,150
Mumbai,2024-10-30,42.87,81.92,48.73,9.87,1.189,46.51,27.3,55.9,9.5,121
Pune,2021-12-18,73.99,147.93,72.01,34.7,2.317,57.69,18.1,69.1,2.7,160
Ahmedabad,2024-09-01,38.47,93.63,22.49,13.86,1.16,63.48,32.0,65.9,7.6,115
Nagpur,2023-02-25,103.51,206.81,63.75,30.39,2.333,52.32,25.2,51.0,4.9,171
Indore,2024-04-23,72.19,122.51,53.21,23.82,2.434,54.44,39.7,31.9,7.7,153
Delhi,2023-01-21,194.22,313.73,114.75,42.86,3.994,39.02,6.3,71.1,5.1,248
Pune,2024-09-26,26.97,68.44,16.8,12.43,0.577,73.98,26.8,82.2,12.3,92
Hyderabad,2022-06-24,13.88,39.09,22.76,11.82,0.519,62.23,27.9,65.6,16.3,51
Nagpur,2021-07-10,30.38,48.92,13.28,7.12,0.444,62.01,27.9,85.5,16.0,95
Kolkata,2023-06-22,54.49,85.29,29.44,14.17,1.016,72.84,30.5,80.3,13.7,141
Pune,2020-10-08,43.91,87.7,25.91,14.29,1.066,65.33,27.4,53.5,9.2,117
Kanpur,2020-05-14,87.29,151.87,56.42,22.3,1.9,47.62,23.1,40.3,11.5,171
Bhopal,2023-01-15,89.48,166.7,50.89,28.71,2.693,57.72,16.3,69.9,6.6,174
Nashik,2020-07-05,22.12,51.38,10.44,7.4,0.345,71.81,30.2,78.5,21.7,72
Bangalore,2022-12-06,63.53,144.79,59.2,27.7,2.338,58.57,19.2,71.5,3.3,150
Bhopal,2020-06-10,17.68,39.11,16.97,5.14,0.323,73.92,31.9,65.1,18.3,73
Kolkata,2022-04-28,87.79,126.51,55.96,23.51,1.668,55.68,25.8,36.8,11.9,168
Patna,2021-07-09,68.0,105.36,32.47,11.57,1.203,52.84,30.7,81.0,10.3,152
Pune,2023-07-02,27.7,78.77,16.61,12.34,0.614,69.41,35.0,77.5,12.1,77
Delhi,2024-01-13,167.57,257.8,113.69,31.5,3.764,57.53,20.9,69.1,5.2,218
Nagpur,2023-06-16,10.53,49.11,17.68,2.0,0.685,74.72,29.5,88.2,18.6,41
Lucknow,2021-08-10,54.69,81.97,38.28,12.15,1.691,54.77,27.8,82.3,14.6,149
Nashik,2022-11-12,58.38,107.7,37.97,21.48,1.349,46.53,30.1,42.9,11.1,152
Chennai,2020-05-11,28.56,67.83,36.12,15.78,0.816,68.39,25.1,38.8,11.8,88
Nashik,2024-11-28,61.64,118.27,51.15,27.08,1.894,42.6,16.5,39.0,7.1,150
Agra,2024-07-07,41.03,72.44,20.95,6.47,0.678,56.11,30.5,75.5,13.9,118
Bhopal,2020-02-16,64.33,141.89,46.62,27.97,1.745,39.36,20.3,76.6,7.6,151
Delhi,2024-02-07,152.93,273.06,107.07,40.22,4.069,51.98,10.5,51.2,2.6,201
Patna,2020-03-01,50.15,93.3,32.55,14.15,1.681,55.61,33.5,30.3,15.1,140
Ahmedabad,2024-08-27,28.97,24.58,20.0,6.34,0.534,56.21,32.2,72.3,17.6,84
Nagpur,2020-10-07,78.92,154.8,51.19,26.51,2.276,45.95,35.4,64.6,5.6,500
Ahmedabad,2024-03-10,91.06,176.13,55.42,28.28,2.575,63.77,30.1,55.7,7.7,170
Bhopal,2024-07-28,30.21,89.31,25.29,12.61,1.366,70.02,30.9,82.3,10.9,90
Chennai,2022-03-07,40.8,68.58,47.94,17.88,1.507,54.47,35.6,32.2,11.5,108
Faridabad,2024-09-26,98.42,133.28,57.81,19.78,2.277,40.79,31.2,69.6,6.6,167
Agra,2022-03-06,64.56,113.48,48.08,18.96,1.785,41.5,28.2,32.3,13.9,154
Jaipur,2023-05-03,60.34,90.41,26.87,14.13,1.466,56.95,34.0,24.1,15.0,155
Kolkata,2024-02-28,134.84,224.64,79.14,42.12,3.376,48.61,11.1,59.1,4.8,187
Meerut,2023-12-22,146.44,235.41,87.01,37.0,3.568,31.33,21.0,72.2,6.9,200
Nagpur,2024-12-12,123.47,243.71,70.6,40.7,2.987,64.98,2.8,76.0,3.5,186
Patna,2023-09-15,69.7,90.89,33.18,16.66,0.8,46.22,22.8,81.8,12.1,155
Ahmedabad,2022-11-17,80.63,151.38,47.57,27.31,1.918,30.93,23.1,60.5,13.4,165
Bhopal,2024-03-24,58.62,106.53,32.19,15.27,1.584,66.18,25.4,49.7,9.3,163
Patna,2021-07-06,49.71,74.38,20.78,9.74,0.701,54.42,30.4,86.8,16.0,129
Hyderabad,2020-11-20,64.0,128.77,32.16,17.63,1.304,61.15,27.7,69.9,12.4,154
Faridabad,2023-01-02,169.9,267.49,99.06,35.88,4.02,37.31,10.8,93.1,6.0,223
Pune,2022-02-09,76.0,175.9,44.81,24.53,1.949,66.47,25.5,79.4,8.7,170
Ludhiana,2020-05-31,80.84,131.97,50.93,16.45,2.105,48.14,27.9,52.9,9.3,155
Bhopal,2021-03-29,47.85,68.66,24.57,5.78,1.654,60.0,36.0,38.6,11.2,131
Meerut,2023-04-21,76.9,101.87,47.82,19.04,1.672,54.94,30.8,31.6,10.3,163
Patna,2024-10-02,74.61,138.16,39.27,17.92,2.006,48.34,29.2,71.5,11.4,163
Bhopal,2024-01-19,106.67,205.75,58.07,23.55,2.284,46.64,17.9,80.2,5.4,173
Pune,2024-12-14,64.61,108.04,38.13,27.12,1.655,56.19,18.1,71.4,8.1,165
Kolkata,2023-07-20,56.48,112.86,35.41,13.61,1.25,62.36,29.2,82.2,10.3,149
Meerut,2020-08-09,46.54,115.09,32.15,12.85,0.234,50.56,28.9,72.7,14.3,137
Patna,2024-11-12,107.5,203.57,63.29,30.82,2.907,42.39,26.2,63.6,9.3,169
Nashik,2023-05-27,37.56,91.97,33.2,13.83,1.372,67.4,30.8,48.4,12.8,101
Faridabad,2024-10-20,132.46,187.88,84.05,39.99,3.129,40.49,29.7,73.9,3.9,189
Kolkata,2024-05-13,71.75,106.47,51.35,22.91,1.567,62.26,33.1,46.2,12.1,160
Hyderabad,2020-10-20,51.4,52.14,36.35,12.4,1.671,65.06,23.8,41.9,7.3,133
Kanpur,2023-06-14,56.31,67.57,29.12,9.05,1.157,49.31,29.0,67.6,11.3,145
Agra,2020-09-28,33.49,70.82,30.07,7.52,1.149,55.2,31.1,71.4,14.5,95
Hyderabad,2021-04-30,60.86,91.31,27.92,15.86,0.959,55.99,29.2,41.8,10.9,161
Jaipur,2024-08-29,64.32,139.78,30.29,14.11,1.603,51.5,28.2,68.6,8.2,157
Bhopal,2021-03-20,46.75,102.45,29.36,14.07,0.955,71.79,28.8,50.5,10.2,124
Jaipur,2020-11-09,116.43,251.16,67.31,35.88,2.227,39.45,19.4,63.0,4.1,187
Ahmedabad,2020-08-09,46.7,102.95,24.8,17.56,0.71,46.83,30.4,70.1,11.5,127
Ahmedabad,2023-06-14,45.88,85.04,14.81,11.88,1.168,64.18,27.6,86.4,8.6,126
Meerut,2023-10-04,58.7,110.79,39.55,18.42,2.133,51.47,25.0,54.4,12.6,153
Meerut,2024-02-08,174.81,269.23,86.43,42.16,3.671,43.25,11.9,83.2,3.9,225
Patna,2022-05-12,90.05,155.94,51.4,21.15,1.933,17.89,36.7,63.3,10.3,172
Kanpur,2023-10-20,99.96,147.72,61.97,33.03,2.24,60.56,19.6,57.7,9.3,181
Indore,2021-03-22,27.11,78.55,30.55,19.02,0.937,56.1,36.7,44.3,13.3,83
Ahmedabad,2022-01-05,98.05,181.2,64.54,26.33,1.894,43.15,17.8,74.5,8.0,177
Kanpur,2024-07-17,40.44,37.22,32.19,10.53,1.406,45.79,29.2,77.3,15.7,113
Kanpur,2022-06-30,60.0,61.97,25.78,23.57,1.11,59.95,30.4,89.9,15.5,150
Indore,2023-01-26,105.66,185.83,47.52,25.14,2.722,48.18,12.7,76.5,4.3,177
Bhopal,2021-05-11,23.28,67.0,30.82,13.26,0.847,82.19,29.9,38.7,13.2,88
Ahmedabad,2024-06-07,26.6,50.04,10.4,3.37,0.801,47.79,28.2,63.5,21.4,82
Bangalore,2021-03-19,38.89,77.17,26.62,7.56,1.213,64.97,27.9,43.4,10.9,102
Faridabad,2022-07-09,55.69,99.57,39.83,10.64,1.206,44.62,28.5,69.4,10.7,151
Indore,2024-11-26,101.58,176.13,57.83,30.9,2.574,55.0,22.2,43.3,7.3,175
Ahmedabad,2023-09-10,16.92,28.24,6.7,3.8,0.2,55.59,33.1,82.8,20.7,55
Pune,2020-03-04,50.32,110.72,31.22,25.53,1.723,72.62,23.4,15.8,5.7,133
Agra,2024-01-12,126.49,185.28,74.17,31.4,2.428,45.57,14.9,69.4,5.8,188
Kolkata,2021-06-05,42.82,60.03,18.26,11.0,0.431,58.83,27.7,73.0,16.9,123
Nagpur,2021-01-25,129.64,230.15,85.67,39.51,3.037,56.57,5.1,74.5,4.8,189
Chennai,2022-05-01,81.63,136.22,50.54,22.67,1.871,72.31,27.1,33.9,4.1,157
Hyderabad,2024-10-13,75.9,146.0,34.49,22.1,1.607,55.52,18.9,58.5,2.3,160
Delhi,2024-03-05,115.06,164.69,59.76,28.92,1.79,38.45,27.2,44.2,10.3,177
Nashik,2024-09-29,43.47,94.36,24.76,9.99,0.811,70.86,30.7,85.9,8.5,128
Chennai,2022-06-11,36.26,79.85,28.37,13.41,1.445,74.51,34.1,80.4,9.9,103
Nashik,2024-10-28,53.84,110.7,46.8,16.89,1.607,65.35,27.9,81.7,7.3,146
Kolkata,2020-01-12,115.35,228.4,90.83,38.02,3.386,46.48,-0.7,54.5,7.5,182
Bangalore,2020-07-22,43.77,54.93,20.45,12.66,1.116,67.79,25.7,61.5,9.3,500
Ludhiana,2021-12-28,148.29,230.91,85.0,42.36,3.022,28.26,13.6,79.9,4.2,199
Kanpur,2023-08-26,60.58,109.08,38.16,19.24,1.753,45.49,32.1,72.9,9.7,158
Ahmedabad,2021-05-02,72.24,140.75,38.74,24.13,1.879,50.2,32.1,44.9,9.1,151
Nagpur,2020-08-31,30.22,68.23,5.0,8.51,0.222,63.16,29.1,76.6,18.4,92
Kanpur,2024-08-13,37.31,71.18,21.78,9.82,1.304,72.73,28.8,86.6,15.6,110
Chennai,2021-04-18,43.04,111.08,47.57,14.59,1.003,64.35,40.0,36.1,8.4,122
Patna,2022-10-01,62.14,116.82,50.83,18.23,1.926,52.4,24.6,54.8,10.0,158
Lucknow,2024-01-11,145.56,220.62,83.78,33.94,3.697,38.02,15.8,67.8,6.0,189
Faridabad,2021-09-23,60.04,56.75,33.44,15.27,1.35,37.66,35.2,65.1,12.3,153
Indore,2022-02-24,115.04,175.8,69.09,33.58,1.779,40.19,12.6,62.8,3.1,181
Meerut,2022-06-16,49.13,46.53,24.06,7.41,0.512,47.27,29.8,73.8,17.4,138
Delhi,2024-02-02,158.76,246.19,80.88,33.01,3.699,45.1,9.2,80.0,9.5,208
Indore,2022-02-04,105.03,156.45,55.93,24.16,2.079,63.72,14.8,72.3,10.0,173
Lucknow,2020-06-20,42.35,44.1,22.67,7.27,1.127,52.15,27.6,85.9,19.9,111
Patna,2021-02-28,139.19,243.4,84.91,34.53,3.471,43.44,15.8,86.8,4.6,193
Nashik,2024-05-18,31.18,84.39,37.87,13.28,1.16,52.07,29.7,32.7,9.2,89
Faridabad,2020-03-30,92.85,189.68,69.1,24.04,3.106,32.74,39.2,35.2,9.7,169
Mumbai,2022-11-02,97.11,149.79,78.27,36.04,2.754,53.46,29.8,64.7,6.7,170
Hyderabad,2024-11-22,59.41,149.36,60.25,22.06,1.992,39.14,26.3,65.5,9.0,141
Kanpur,2023-10-24,82.59,136.93,44.51,17.97,2.107,47.87,21.7,55.8,10.9,167
Jaipur,2020-08-21,56.53,112.18,21.13,12.41,1.486,42.64,35.6,86.1,11.7,146
Kanpur,2021-05-22,84.8,128.23,48.55,20.68,2.039,47.72,39.6,57.4,13.3,162
Delhi,2021-04-11,117.22,212.14,86.19,31.05,3.571,62.25,38.2,18.3,4.7,186
Ludhiana,2022-10-21,83.85,157.32,55.79,20.25,2.861,48.01,19.6,46.0,7.4,166
Jaipur,2021-05-13,65.07,118.71,33.5,21.3,1.989,47.49,23.1,36.2,7.3,146
Mumbai,2024-11-25,73.01,87.73,55.03,26.99,2.334,38.51,20.6,55.4,8.3,156
Mumbai,2022-07-25,40.52,50.69,23.08,2.17,0.2,68.58,32.7,80.0,16.5,113
Meerut,2022-02-04,151.1,257.51,87.33,37.01,3.937,45.66,1.2,80.1,5.1,211
Ludhiana,2024-10-05,59.39,98.94,34.09,20.13,1.734,54.2,28.8,46.2,10.9,154
Meerut,2022-10-06,63.87,124.33,44.93,13.32,1.552,42.52,29.9,58.1,12.9,155
Bangalore,2021-06-25,32.21,28.01,19.37,2.0,0.558,87.07,30.0,89.1,17.3,97
Chennai,2022-08-12,22.24,74.98,24.39,10.98,1.312,61.38,32.4,97.1,11.2,66
Mumbai,2021-06-27,36.85,67.7,29.75,12.59,0.686,59.8,33.8,78.8,16.1,105
Bangalore,2020-05-13,32.55,76.1,37.82,16.26,0.817,61.67,38.5,27.4,9.5,98
Hyderabad,2020-08-20,27.31,32.52,15.16,8.64,0.669,77.6,34.5,74.6,13.4,90
Ludhiana,2021-02-15,90.18,184.11,54.51,21.72,2.854,61.29,7.4,58.6,9.4,167
Faridabad,2020-10-13,91.66,196.09,62.76,28.36,2.543,52.37,25.0,53.2,6.3,167
Bhopal,2021-11-07,95.94,186.5,46.3,24.1,2.946,49.55,20.1,53.1,5.9,180
Meerut,2023-04-16,77.09,109.45,36.52,20.26,1.708,53.48,21.4,39.9,11.9,162
Chennai,2024-12-07,73.02,113.86,44.3,17.15,1.994,56.13,12.7,67.5,9.2,159
Pune,2024-08-03,23.15,54.86,8.6,10.51,0.875,70.87,30.5,73.9,19.1,496
Nashik,2020-09-29,9.11,16.06,16.32,2.61,0.202,77.24,31.9,81.0,20.2,38
Delhi,2023-05-17,99.04,154.43,73.23,21.16,2.37,40.21,42.9,38.2,10.4,494
Meerut,2020-12-25,132.31,199.49,63.22,25.61,3.075,53.55,12.3,69.6,9.0,191
Ahmedabad,2020-01-06,120.57,236.08,96.03,44.42,3.103,30.77,11.7,40.4,1.7,187
Ludhiana,2022-01-19,112.12,204.74,65.44,35.55,2.604,58.52,19.3,67.3,8.2,187
Kanpur,2022-03-26,80.4,157.1,68.78,28.53,2.627,50.76,34.3,23.9,7.3,171
Bhopal,2024-04-12,56.95,83.81,38.01,12.82,1.329,61.56,34.3,55.4,11.2,156
Bangalore,2020-06-13,27.46,23.42,9.85,3.49,0.847,61.97,32.0,82.5,18.2,84
Indore,2021-06-30,40.92,58.73,11.84,4.66,0.905,70.2,27.4,77.7,16.2,119
Ludhiana,2023-11-09,73.27,91.75,50.22,21.57,1.896,39.77,29.7,49.2,11.4,157
Ahmedabad,2021-09-10,25.18,32.29,20.83,7.18,1.287,60.04,26.6,73.7,18.5,79
Pune,2023-12-10,74.36,142.77,51.1,26.04,2.175,66.92,20.4,57.7,4.7,161
Indore,2023-01-04,109.47,190.63,65.48,29.27,2.378,46.57,26.3,90.7,4.8,179
Delhi,2020-09-04,90.62,134.7,40.57,22.39,1.243,36.29,29.7,87.8,8.2,170
Agra,2020-06-17,62.08,64.44,26.08,14.96,1.214,48.48,29.4,69.0,10.2,157
Chennai,2020-06-26,35.35,27.35,14.64,7.43,1.131,65.35,33.0,77.0,16.4,98
Kanpur,2021-02-06,159.78,241.89,85.08,38.4,3.488,42.03,18.6,68.4,5.8,208
Hyderabad,2024-09-11,39.1,65.06,29.37,5.81,0.495,75.96,36.3,91.6,12.3,103
Hyderabad,2022-05-18,52.62,111.78,39.11,18.69,1.819,64.08,24.5,51.6,12.5,139
Kanpur,2022-03-03,81.53,112.23,52.61,22.85,2.275,46.2,32.6,29.9,11.2,169
Nagpur,2021-09-22,63.77,109.0,33.4,11.95,0.981,66.7,31.5,86.9,11.1,154
Jaipur,2020-11-21,103.98,205.19,56.93,23.07,2.954,43.04,26.4,64.1,9.5,171
Delhi,2024-11-17,163.26,237.81,101.49,36.74,3.691,31.35,26.6,65.3,7.0,210
Jaipur,2021-05-04,83.72,142.25,42.34,29.64,2.331,24.1,24.9,41.6,8.6,171
Lucknow,2022-03-22,92.58,154.42,55.78,22.91,2.765,43.17,27.6,44.6,7.8,500
Kolkata,2022-03-27,81.35,103.43,54.69,25.89,2.012,54.75,17.1,29.1,11.7,166
Lucknow,2023-08-17,69.82,88.62,26.35,17.9,1.265,51.34,27.7,94.3,15.0,152
Nagpur,2022-11-01,109.26,185.01,54.99,25.5,1.763,47.56,19.5,65.7,7.0,188
Kolkata,2023-02-20,103.51,187.01,74.5,28.7,2.785,24.34,3.5,79.2,8.8,181
Ludhiana,2022-12-16,119.12,214.01,84.01,33.18,3.219,33.35,22.0,72.4,7.2,181
Patna,2021-01-02,160.91,251.02,100.74,47.92,3.704,25.42,5.5,52.2,3.3,219
Indore,2024-01-11,99.42,195.59,51.82,23.68,2.362,45.38,15.2,81.0,6.1,173
Ahmedabad,2020-07-22,37.86,52.62,13.51,6.47,0.779,59.37,29.9,74.4,19.6,103
Hyderabad,2020-06-10,35.78,71.4,18.93,8.91,0.422,55.01,35.7,82.7,12.6,102
Pune,2022-12-03,84.53,169.34,63.21,17.89,1.994,60.98,13.3,93.2,3.0,162
Faridabad,2022-12-21,163.36,255.18,92.1,41.16,3.835,40.72,13.5,61.4,5.7,215
Indore,2020-01-29,94.64,158.64,49.64,23.9,2.459,60.03,21.4,98.8,6.4,180
Kanpur,2024-08-29,75.29,130.96,35.67,18.57,1.658,61.9,24.3,78.1,7.5,155
Delhi,2023-11-13,150.92,266.84,98.02,37.47,3.818,37.27,24.0,61.0,4.7,208
Pune,2021-02-22,96.22,197.9,53.98,23.77,2.473,49.9,9.4,74.8,3.5,173
Chennai,2024-07-13,22.54,35.9,6.28,7.87,0.24,63.49,32.8,94.5,18.9,68
Kanpur,2024-12-15,150.01,238.85,84.04,38.89,3.391,43.36,22.3,85.4,4.8,202
Jaipur,2020-12-21,117.46,243.65,56.99,30.07,2.904,54.54,17.9,71.5,3.9,183
Kanpur,2021-02-15,155.9,286.88,83.95,48.34,3.576,36.58,19.2,87.4,4.4,207
Bangalore,2021-07-20,20.68,36.5,24.42,6.61,1.096,78.16,38.7,81.0,11.8,68
Mumbai,2024-07-10,43.15,60.83,37.26,19.37,0.891,46.95,27.4,91.2,10.0,125
Nagpur,2023-01-23,91.91,159.1,55.91,25.94,2.68,59.26,19.7,59.3,8.9,168
Meerut,2021-11-10,114.46,202.65,62.17,34.19,2.784,30.98,28.1,32.8,8.3,187
Agra,2022-07-20,50.22,59.8,27.44,2.0,1.003,59.19,25.9,91.7,18.7,134
Bhopal,2022-10-19,57.09,68.93,25.5,17.41,1.253,75.78,24.7,51.2,7.7,153
Faridabad,2020-11-04,131.56,221.03,88.17,30.55,3.863,35.78,28.2,57.5,10.4,190
Bangalore,2023-07-24,38.45,21.15,24.88,8.91,0.677,77.85,32.7,86.7,10.9,110
Lucknow,2023-08-06,57.16,103.37,33.08,18.71,0.608,42.39,31.0,86.5,12.8,154
Lucknow,2022-08-27,34.64,90.06,17.73,13.89,1.405,53.0,33.7,80.1,14.6,102
Chennai,2020-06-04,45.82,86.72,29.87,15.07,1.061,70.34,34.7,77.2,10.7,131
Ahmedabad,2023-10-13,68.38,79.94,24.63,17.55,1.611,54.68,27.0,47.5,12.1,153
Delhi,2022-10-07,111.51,190.32,62.58,30.15,2.432,52.45,17.3,64.1,9.9,183
Nagpur,2023-04-10,64.2,118.51,48.86,21.1,1.901,49.05,24.6,51.3,11.3,146
Indore,2023-05-05,49.46,107.55,39.31,13.98,1.154,43.88,36.7,46.6,8.7,138
Bhopal,2024-01-15,100.41,175.62,69.73,31.19,2.11,50.52,10.2,69.5,5.0,173
Nashik,2023-08-10,32.72,65.71,33.43,17.04,0.747,66.77,33.3,90.7,10.1,95
Mumbai,2024-03-19,62.94,50.3,41.68,16.04,1.218,58.65,39.7,40.9,15.2,155
Indore,2021-11-17,101.63,155.92,58.01,19.44,2.683,35.19,19.5,57.3,8.1,187
Ludhiana,2020-08-11,42.43,60.97,17.9,8.37,1.002,61.65,33.6,87.2,16.2,109
Chennai,2022-04-12,61.46,114.14,51.61,19.98,1.776,60.62,18.8,31.7,6.1,152
